tweet_id,user_id,user_name,created_at,full_text,retweets,favorite
1405126016218042368,1361227694889967616,dataQueen_pend,Wed Jun 16 11:32:02 +0000 2021,"D52 R2 of #66daysofdata

➡️ FacetGrid vs. AxesSubplots 
➡️ Adding titles, labels to cat/rel plots
➡️ Rotating x-tick labels

🎉🎊🍾 Finished Introduction to Seaborn ✨

D53-54 R2 of #66daysofdata 🙌 rest 🏞️",0,3
1405080752153300993,1306505184911208453,mt0rm0,Wed Jun 16 08:32:11 +0000 2021,"Days 4&amp;5 (R2) #66daysofdata: Level of detail filters, and parameters in @tableau; concepts of interpretability; started review of deep learning architectures. Math: continuity, limits and derivatives in functions of several real variables. Started review of propositional logic",0,6
1405073158470717442,1137782574036635649,thedataprof,Wed Jun 16 08:02:00 +0000 2021,"#FREE #Udemy course: R Programming For Absolute Beginners
https://t.co/Ox7juUm9PN

Special thanks to Fahad Masood Reda for posting this on LinkedIn

#66daysofdata #100daysofdata #r #rstats #rprogramming",2,9
1405053870158450689,1403459307690020865,jieshen72113789,Wed Jun 16 06:45:21 +0000 2021,Day 4 of #66daysofdata Didn’t do much today...just a few study videos. But 5 minutes still counts? 🧘‍♀️,0,0
1405047524444889090,1276070101196795904,thinam_,Wed Jun 16 06:20:09 +0000 2021,"✅Implementation of Semantic Segmentation and Sentiment Classification using Fastai. 

📗My Notebook: https://t.co/FLAzwk6Qhd

📚Deep Learning for Coders with Fastai and PyTorch

#66daysofdata #MachineLearning #DeepLearning https://t.co/7Jnsx0clF7",1,1
1405044068246249475,324583975,georgekanellos,Wed Jun 16 06:06:24 +0000 2021,"Day 1(R3) of #66daysofdata by @KenJee_DS 

Worked further on the explainability paper and learnt a bit more about using neural networks with tabular datasets. Third round is on!😃😃",0,0
1405023039427776514,901324520346091520,Sanskar1531,Wed Jun 16 04:42:51 +0000 2021,"day 50 of #66daysofdata
Continuing on the tableau course, started reading this blog on AI as well which I came across on LinkedIn.",0,0
1405018573710495745,1391911205829181440,colin_carman,Wed Jun 16 04:25:06 +0000 2021,"Day 45 or #66daysofdata. Continued on with #python. Learned about lists, tuples, if statements and else ifs.",2,0
1405015507145826304,1253747806088683523,SolCatv2,Wed Jun 16 04:12:55 +0000 2021,"#66DaysOfData #Day7
- Studying and exploring Numpy.",0,7
1405014785842946049,2238460753,KennethB23,Wed Jun 16 04:10:03 +0000 2021,"#66daysofdata day 31:
Started exploring my first data science project ideas by watching “Build 12 Data Science Apps with Python and Streamlit” by Data Professor and #freeCodeCamp",2,2
1405010711785398275,1369840035726581766,DustinVo10,Wed Jun 16 03:53:52 +0000 2021,"Day 21 #66daysofdata 06/15
Coursera clean data by Google.",0,0
1404993302051622913,969343076442542081,JaimeAAvendano,Wed Jun 16 02:44:41 +0000 2021,"Day 26-27: R2 of #66DaysofData 

This week's course videos are on Neural Network. Some history on them, and an intro to TensorFlow so far.",0,3
1404991113207947268,1392958037497892871,AntoneEvansJr,Wed Jun 16 02:35:59 +0000 2021,"#Day37 of #66DaysOfData by @KenJee_DS
Fundamentals Readme continues ...
- Testing Fundamentals ✅
- Evaluations ✅

I almost forgot to tweet tonight but I have 3 more topics to cover. I hope to be done by Thursday! You can see my daily updates to the README on my GitHub.",0,5
1404979943835062278,1179254091521941508,jasonvero,Wed Jun 16 01:51:36 +0000 2021,"Day 45 - of #66DaysOfData
Day 25 - of #66DaysOfRunning

Today, I worked through a tutorial to set up a Python virtual environment on my Windows 10 machine.

Unfortunately, I was not successful in setting it up this evening. I will resume tomorrow!",0,9
1404978869627719680,734167027997347842,_liamconnors,Wed Jun 16 01:47:20 +0000 2021,"Day 29 of #66daysofdata - explored data visualization, read a little bit about plotly",0,8
1404976575943254022,2149586883,vperez2000,Wed Jun 16 01:38:13 +0000 2021,"#66daysofdata #R3 #Day44 by @KenJee_DS
@DataCamp DS track

Last module ➡️ Unsupervised Learning - Clustering - one of my favorites topics🆒😎

To my friends that encourage me on this DS road
Thank you!

""Learn continually 
- there is always 'one more thing' to learn!""
Steve Jobs https://t.co/DXHmzZCvCP",0,7
1404950029924769793,101522789,augusto_dn,Tue Jun 15 23:52:44 +0000 2021,"Day 13 of #66daysofdata sonar mines vs rocks project.

☑️ Published repo @github https://t.co/JxUZhuw2IP

☑️ Published article @Medium https://t.co/iisPZvDSn8

☑️ Updated notebooks @kaggle https://t.co/7SV0cJ4B6A
 
Huge effort, but it was worth it 🦾",0,7
1404940116309778434,1389606414474227715,Nobre_Lucas18,Tue Jun 15 23:13:20 +0000 2021,"#66daysofdata, day 23:

Today I read Kaggle's lesson on overfit and underfit and did some tests with my personal project model.",0,5
1404936170530762752,822280007502295041,_paulo_lopez_,Tue Jun 15 22:57:40 +0000 2021,"#100DaysOfMLCode #100DaysOfCode #66daysofdata #pythondeveloper #pythondeveloper

🔹Checked out GluonCV:  a Deep Learning Toolkit for Computer Vision.  It supports image classification, object detection, semantic and instance segmentation to name a few. 

https://t.co/VRwjjOWWag",3,10
1404919233138601988,3435986734,ImprovingSlowly,Tue Jun 15 21:50:21 +0000 2021,"Day 15 of #66daysofdata 

Went to a wonderful talk by @TriMyData on building analytics communities

Helped some people with basics of python

Continued on with computer science distilled",0,3
1404913388011065344,602408175,golubovalex,Tue Jun 15 21:27:08 +0000 2021,"Day 57 of #66daysofdata: stated the 2-nd week of the 4-th course of the #Google Data Analytics certificate program about #data cleaning, and lesson on short subqueries from the Intermediate #SQL course on #DataCamp, practiced SQL and #Python basics also on DataCamp.",1,12
1404909158747443200,1392381742317703168,moondaawg,Tue Jun 15 21:10:20 +0000 2021,"#day15 of #66daysofdata 
Wrapped up with my first ever ML algorithm: gradient descent.
Always fun working with partial derivatives and equations!!!
#MachineLearning #algorithms #andrewng",3,3
1404905600719405064,1352186511433805824,balalaikagrunge,Tue Jun 15 20:56:11 +0000 2021,"Day 37 of #66daysofdata
Lots of data pre-processing and getting the data from SQL databases. More pre-processing to do tomorrow. Trying to get the data I'm training on and testing on to be standardised with a common format and since I have 52 features, it's a fairly big task.",0,7
1404899407028424713,1385222817323618305,elise__chin,Tue Jun 15 20:31:35 +0000 2021,"Day 2 of #66DaysOfData by @KenJee_DS - SQL and mySQL

Continue to review the basics: 
- creating tables, deleting and modifying them
- inserting and updating values
- applying basic queries (SELECT, FROM, WHERE, GROUP BY, HAVING, COUNT(), ORDER BY, EXTRACT, AS, WITH)",0,11
1404897871825195009,1353036098201595912,rpmandrekar,Tue Jun 15 20:25:29 +0000 2021,"day 6 of #66daysofdata with @KenJee_DS
studied about
&gt;image resolution
&gt;different types of noise encountered while capturing an image
&gt;what is dynamic range, why it is challenging to have hig dynamic range while capturing video
#ComputerVision",0,10
1404878717252517901,602408175,golubovalex,Tue Jun 15 19:09:22 +0000 2021,"Days 48-56 of #66daysofdata: it was my holiday week so I haven't been posting my progress. Nevertheless, I completed the 1-st week of the 4-th course of the #Google Data Analytics certificate program, and Joining Data in #SQL course on #DataCamp during these days.",0,4
1404878473567649794,993972652279844864,francomanca93,Tue Jun 15 19:08:24 +0000 2021,"Day 8 of #66daysofdata. I finished watching 4th week of AI for Everyone. I finished the course. I only have to take the exam.

✅ A realistic view of AI
✅ Discrimination / Bias
✅ Adversarial attacks on AI
✅ Adverse uses of AI
✅ AI and developing economies
✅ AI and jobs 🧵",0,4
1404877132002586624,98674381,sumayyakareem,Tue Jun 15 19:03:04 +0000 2021,"Python: booleans and conditionals
Day 3 #66daysofdata",0,2
1404870273384423424,1344574148475928576,robinxan,Tue Jun 15 18:35:49 +0000 2021,"Day 4 of #66daysofdata 
- study contextual marketing(theory) and basic chatbot making from the bootcamp
- finish intro to importing data on datacamp",0,3
1404866774688956429,1326548459210461184,rajatrc17,Tue Jun 15 18:21:54 +0000 2021,"Day 9 of #66daysofdata 
Watched a Ken Jee Video...
Link: https://t.co/hHHEdlrHhP

and that's about it... Does that count?😂

Also... Kitchen Garden update... https://t.co/qWeJDZi6eO",0,3
1404866506064728064,1670570930,gauravgulati9c,Tue Jun 15 18:20:50 +0000 2021,"Progress Update!

Day 16, 17 - Learnt more about other Multi-armed bandit algorithms like upper confidence bound and Thompson sampling. Planning to do a project on this one.

#66daysofdata #MachineLearning",1,2
1404865640939200514,406512519,rohan_kumawat,Tue Jun 15 18:17:24 +0000 2021,"Day 25 of #66daysofdata 
I published another blog today and read research papers♥️.",0,2
1404860780068052997,1353316526036721665,KDineshChitra,Tue Jun 15 17:58:05 +0000 2021,"Day 02 of #66DaysOfData with @KenJee_Ds

Watched a part of @moshhamedani ‘s MySQL youtube tutorial. 
Learned a few relational database concepts.

Allocated only an hour to study Data; Feeling bad :(",0,11
1404860182325252098,1301025989359788033,AMuktineni,Tue Jun 15 17:55:43 +0000 2021,"Day 23 of #66daysofdata Round3

Took a #python skill assessment test today and earned a badge at #LinkedIn @KenJee_DS https://t.co/J29Fe22Tbp",0,9
1404851126298570753,1282902184636461056,lakshita_anand,Tue Jun 15 17:19:44 +0000 2021,"Day 4 of #66daysofdata: Studied and solved questions related to bivariate random variables.  

#datascience #statistics #womenintech #womeninstem #girlswhocode #WomenWhoCode #ml #ai",2,7
1404846697247744003,1299710065042051073,imaatheworld,Tue Jun 15 17:02:08 +0000 2021,"#66daysofdata Day 15
[14/06/2021]
I learned how to visualize the contents of dataframes, handle missing data values, and import&amp;export data to csv files",0,2
1404842818074550274,16229037,elviajeligero,Tue Jun 15 16:46:43 +0000 2021,"Day 11 of #66daysofdata I passed the LinkedIn python exam. I thougth I won't make it the first try, but i did! #LinkedIn",0,3
1404837180929892355,1356609984163889154,jo_grammer,Tue Jun 15 16:24:19 +0000 2021,"Day 24 R2 #66daysofdata 

📊Tableau

✅Duplicate Sheet
✅CreateTable
✅Creating Custom Fields 
✅Add Calculations to table
✅Insert filters

📉365 Data Science

✅No Endogeneity
✅No Autocorrelation
✅No multicollinearity

📰
https://t.co/MLsphfp2Hz",0,10
1404835568282865667,1065851164082634752,satriya_tegar,Tue Jun 15 16:17:54 +0000 2021,"Days 7 #66DaysOfData
Continue journey on freeCodeCamp Algorithms and Data Structures. https://t.co/dPUu4UdZD0",0,3
1404834311543660552,1607658019,_koredehassan,Tue Jun 15 16:12:55 +0000 2021,"Day 23 of #66daysofdata 

Finally fixed my custom transformer😊 and built models. My LinearRegression model underfits while DecisionTreeRegressor overfits badly

I should tune my best performing model, RandomForestRegressor, tomorrow, organize my kernel and make my submission",0,3
1404831147880763399,1357407011940483072,datawithpilane,Tue Jun 15 16:00:20 +0000 2021,"Hello there 👋

I am committing to dedicating the next 66 days to develop habits in Data Science. Starting tomorrow I will be spending at least 5 minutes each day on my journey.

#66daysofdata #data #datascience #dataanalytics 👩🏾‍💻",0,2
1404828963143241732,3041718695,suminohh,Tue Jun 15 15:51:39 +0000 2021,"📅 Day 21 of #66daysofdata 

Today was one of those days when my copy and paste from Stackoverflow worked on my first try

It was beautiful 👌",0,15
1404810220916953104,1265937071245574146,i_Underdog01,Tue Jun 15 14:37:11 +0000 2021,"I should jump onto the #100DaysOfCode #66daysofdata movement.
Maybe that's the motivation i need. You know set goals, smash them yada yada",0,3
1404809504890441732,2352929006,akira_rafhael,Tue Jun 15 14:34:20 +0000 2021,"Day 60 : Reading Numerai docs

#66DaysOfData",0,6
1404801225426706444,1347561005329514498,sydteo,Tue Jun 15 14:01:26 +0000 2021,"Day 27 of #66daysofdata 
Learnt about JavaScript this Keyword, I also started reading this book and this quote stuck to me. Just doing a little everyday MATTERS

“ Your knowledge is a lagging measure of your learning habits. You get what you repeat. “ https://t.co/IGEPXXHzTS",1,18
1404797403081891853,1393699686876209153,TheRishonR,Tue Jun 15 13:46:15 +0000 2021,"So my first attempt at #66daysofdata was derailed by the start of the new school year.
 I think it's only fair I give this a shot again from the beginning.

Day 1: Finished the first chapter of this absolute gem. https://t.co/rqpXBYni5r",0,7
1404782491764985859,2384674350,WoleAdewumi,Tue Jun 15 12:47:00 +0000 2021,D30: Read through Chapter 4 of Building a Career in Data Science book #66daysofdata https://t.co/JsgGmqpkp3,0,3
1404752870004690949,1008234306609741824,ShenghongZhong,Tue Jun 15 10:49:17 +0000 2021,"I just published an article - 10 Insights you should know about the UK Housing Market

22 million records, insane time-consuming

[✅]Complete Project 002

https://t.co/7ux2rCD5hW 

#datascience #100DaysOfCode #66daysofdata",3,6
1404732160708268034,1137782574036635649,thedataprof,Tue Jun 15 09:27:00 +0000 2021,"Deepnote @DeepnoteHQ Teams allows working with up to 3 collaborators for free. You can share integrations, environments and build a joint data workspace. (It's an online Jupyter notebook)
https://t.co/3735lsRkd9

#datascience #machinelearning #jupyter #66daysofdata #100daysofcode",9,17
1404713380250669060,406512519,rohan_kumawat,Tue Jun 15 08:12:22 +0000 2021,"Day 23 and 24 of #66daysofdata 
I published a one-one blog each day. I read some research papers.",0,3
1404706353692778497,1352186511433805824,balalaikagrunge,Tue Jun 15 07:44:27 +0000 2021,"Day 36 of #66daysofdata
Some more work on feature engineering the postcode feature and some research on the business problem to inform the feature engineering. Jotted down some ideas to improve pre-processing too, will be implementing that today.",0,13
1404701007095861249,360668611,daniellabrito26,Tue Jun 15 07:23:12 +0000 2021,"Day 46- Have been working on Tableau Lately , covered 2 case studies - One on FDI and how they affect various sectors , understanding calculations, parameters and core concepts  . Creating how KPIs effect and how Dashboarding works , storyboarding also. 
#66daysofdata",0,15
1404688930314756098,1276070101196795904,thinam_,Tue Jun 15 06:35:13 +0000 2021,"✅Implementation of Semantic Segmentation and Sentiment Classification using Fastai. 

📗My Notebook: https://t.co/FLAzwk6Qhd

📚 Deep Learning for Coders with Fastai and PyTorch

#66daysofdata #MachineLearning #DeepLearning https://t.co/wQsmOZNa8T",0,4
1404676758708781056,1403459307690020865,jieshen72113789,Tue Jun 15 05:46:51 +0000 2021,"Day 3 of #66daysofdata  some machine learning videos on YouTube, and Tableau Coursera course.  @Krishnaik06 interview preparing videos I recommend everyone job hunters to watch. Here is one: https://t.co/nkURgz1Pba great questions on naive base classicifier.",0,7
1404673049182441479,1266599735881687040,ChinWuChen1,Tue Jun 15 05:32:07 +0000 2021,"D60 #66daysofdata - took a break from sql; review a few algorithm fundamentals, including big O",0,12
1404665666276364289,1324652185964204033,meyke9976,Tue Jun 15 05:02:46 +0000 2021,"Day 153 of #66daysofdata by @KenJee_DS
I continued the time series quest... looked for some trends and seasonality. Also started working on a different data set. https://t.co/AIeO7950aa",0,25
1404654806912880640,324583975,georgekanellos,Tue Jun 15 04:19:37 +0000 2021,"Day 66/66(R2) of #66daysofdata by @KenJee_DS 🎆🎉🎉🎉

Finished this round by working on a paper on ML and AI explainability (which will probably go into round 3 as well😃). 
The round as a whole went less smoothly than the first one but I am certain the 3rd one will be better!",0,22
1404653949219602432,1391911205829181440,colin_carman,Tue Jun 15 04:16:13 +0000 2021,Day 44 of #66daysofdata. So I think Im switching it up this week and going to dive into #Python. Im about half way through the data analytics Google cert. And just can't focus. Started into Python making a calculator and madlibs. Doing this through Friday then back to the cert,1,3
1404651986864295936,1301025989359788033,AMuktineni,Tue Jun 15 04:08:25 +0000 2021,"Got to know 'GraphViz's executables not found' is a common occurance while generating decision trees, hence felt like sharing it here with the DS &amp; ML community. Day 22 of #66daysofdata Round3 #100daysofcode #DataScience #Python #MachineLearning @KenJee_DS",5,10
1404642838583730176,1062891694226595841,navtanki_sala,Tue Jun 15 03:32:04 +0000 2021,"in simple words, if we take bunch of features that describe an object and using PCA we can come up with the list of those that matters the most and throw away the rest without losing the essance of object 
#66daysofdata",0,3
1404640614013042690,1062891694226595841,navtanki_sala,Tue Jun 15 03:23:13 +0000 2021,"will document my learning here 
#66daysofdata",0,4
1404639064192552962,1369840035726581766,DustinVo10,Tue Jun 15 03:17:04 +0000 2021,"Day 20 #66daysofdata 06/14
Just watch video about data structure",0,6
1404632110023987201,1389606414474227715,Nobre_Lucas18,Tue Jun 15 02:49:26 +0000 2021,"#66daysofdata, day 22:

Today I studied some binary ranking models, mainly Stochastic Gradient Descent and used it in my small project, achieving a total of 91% accuracy (considering the accuracy_score metric). 😁 https://t.co/B4FAPbinaI",0,8
1404621506110529538,734167027997347842,_liamconnors,Tue Jun 15 02:07:18 +0000 2021,Day 28 of #66daysofdata - continued learning about working with geospatial data. Wrote up a short article documenting how I created maps using Folium,0,19
1404617521932607494,94308247,poetratron,Tue Jun 15 01:51:28 +0000 2021,"Day 3 of #66daysofdata

Read some SQL queries to refresh my memories",0,2
1404616571054608386,1253747806088683523,SolCatv2,Tue Jun 15 01:47:41 +0000 2021,"#66DaysOfData #Day6
I have been off for the weekend so now i'm starting over.

Working on Google ML crash course:
- basics about tensorflow
- how to tune hyperparameters in linear regression
-overfitting/underfitting",0,10
1404612958064418819,2238460753,KennethB23,Tue Jun 15 01:33:20 +0000 2021,"30 days down! Stored procedures lessons and practice in #mysql from #365datascience
#66daysofdata round one",0,2
1404602794611466242,101522789,augusto_dn,Tue Jun 15 00:52:57 +0000 2021,"Day 12 of #66daysofdata 

☑️ Paper analysis of rock vs mines dataset https://t.co/Xx2cW002CU
☑️ EarlyStopping implementations in Keras
☑️ Trained autoencoders and classification models @kaggle 
☑️ Preparing rock vs mines article in @Medium 

✨Hopefully tomorrow will be ready!✨",0,12
1404602543204966403,1392958037497892871,AntoneEvansJr,Tue Jun 15 00:51:57 +0000 2021,"#Day36 of #66DaysOfData by @KenJee_DS
Fundamentals Readme continues ...
- Distributions ✅
- Regularization ✅
- Bayes Theorem ✅
Ended the night with practicing my product design approach with my friend via Zoom. https://t.co/2lNxVwwz9L",0,10
1404602058934677505,2588345408,paulr_rohan,Tue Jun 15 00:50:01 +0000 2021,"My #kaggle Notebook on Microsoft Malware Detection

https://t.co/883Bd3C7kH

#DataScience #MachineLearning  #100DaysOfMLCode #Python #DataScientist #66daysofdata #Statistics  #pandas #programming #ArtificialIntelligence #Data #DataAnalytics #maths #DeepLearning",4,5
1404582706068000775,1179254091521941508,jasonvero,Mon Jun 14 23:33:07 +0000 2021,"Day 44 - of #66DaysOfData
Day 24 - of #66DaysOfRunning

Today, I read up on how to set up Python virtual environment and the benefits to creating a unique space for different projects. 

I'll be working on implementing this during the course of this week.",0,8
1404574522179833858,2384674350,WoleAdewumi,Mon Jun 14 23:00:36 +0000 2021,D29: Slow and steady. Another chapter down in the DE Track on @DataCamp #66daysofdata https://t.co/DaNr9aov2s,0,4
1404565838238257155,2149586883,vperez2000,Mon Jun 14 22:26:06 +0000 2021,"#66daysofdata #R3 #Day43 by @KenJee_DS
@DataCamp DS track

TaDa!!!! ✅Done with Case Study. And again, here is when I understand why everybody just says that if you want to learn ML ⬇️
You must do PROJECTS.

One module to finish the DS track, ready to celebrate!!!! 
🎉🎉🎉🎉 https://t.co/ThBQ9Qj7ZW",0,13
1404565396942901250,32453704,anyachocolat,Mon Jun 14 22:24:20 +0000 2021,"Day 64 of #66DaysOfData:
- started visualisations with seaborn
- watched a presentation about machine learning in computational design
- revised the basics about clases and objects",0,17
1404563137228152843,3435986734,ImprovingSlowly,Mon Jun 14 22:15:22 +0000 2021,"Day 14 of #66daysofdata 

Completed the LinkedIn test for python and machine learning

Which is great because I failed last time",0,6
1404557189986062339,1385222817323618305,elise__chin,Mon Jun 14 21:51:44 +0000 2021,"Day 1 of #66DaysOfData by @KenJee_DS 

Review of SQL basics today!

(Restart to Day 1 since the first few days, I could not look at it)",0,13
1404544436139270146,901324520346091520,Sanskar1531,Mon Jun 14 21:01:03 +0000 2021,"day 49 of #66daysofdata 
Today was quite different, I spent most of my time playing around with various tableau functions. Created and exported a packaged workbook that contains a pretty sick visualisation of the data. Absolutely loving tableau(especially over powerBI)
#Tableau https://t.co/o1qCfTTIZQ",1,8
1404543212270800896,1240953896,asvn90,Mon Jun 14 20:56:11 +0000 2021,"Day 20 of #66DaysOfData with @KenJee_DS 

Started with the SQL course videos in @365datascience. Excited to write some queries and see what it is all about. https://t.co/OQBWG4IVaD",0,10
1404541888951205893,993972652279844864,francomanca93,Mon Jun 14 20:50:56 +0000 2021,"Day 7 of #66daysofdata. I finished watching 3rd week of AI for Everyone. 

✅ AI Transformation Playbook ❤️🧵
✅ AI pitfalls to avoid
✅ Taking your first step in AI (for businesses)
✅ Survey of major AI application areas &amp; techniques 🧵",0,5
1404523473666519047,1353036098201595912,rpmandrekar,Mon Jun 14 19:37:45 +0000 2021,"day 5 #66daysofdata with @KenJee_DS
&gt;learned about the history of imaging
&gt;saw what the Kodak Brownie was like
&gt;got an insight into future of imaging (optics on wafer)
&gt; learned about charge coupled devices (CCD) &amp; complimentary metal oxide semiconductor (CMOS)
#ComputerVision",0,13
1404522056205717509,1207501893582442496,HeliBaez11,Mon Jun 14 19:32:07 +0000 2021,"Day 4️⃣9️⃣ of #100DaysOfCode 
Today I was filtering data in #SQL 🗃️

#66daysofdata https://t.co/DWqkfItWAe",5,21
1404509038105165830,98674381,sumayyakareem,Mon Jun 14 18:40:23 +0000 2021,Day 2 #66daysofdata kaggle course Python: functions,0,14
1404500908558340096,1392381742317703168,moondaawg,Mon Jun 14 18:08:05 +0000 2021,"#day14 of #66daysofdata 
Getting back to the good old days of solving equations and plotting values on the graphs, representing the dimensions using Contour Plots for the COST FUNCTION.

#machinelearning #Data
#datascience #Maths",3,8
1404495742664904712,1607658019,_koredehassan,Mon Jun 14 17:47:33 +0000 2021,"Day 22 #66daysofdata

I defined the structure for my model building process. I'll be using the LinearRegression, DecisionTreeRegressor and RandomForestRegressor models to predict the house prices.

Also tried fixing my custom transformer but no luck yet😓",0,5
1404494630062788610,1607658019,_koredehassan,Mon Jun 14 17:43:08 +0000 2021,"Day 21 of #66daysofdata

Organized my kernel and built separate pipelines for my categorical and numerical variables.

My pipeline does well to transform my train data but fails to transform my validation data. There's need to debug the code in my custom transformer.",0,6
1404494030931513346,1344574148475928576,robinxan,Mon Jun 14 17:40:45 +0000 2021,"Day 3 of #66daysofdata 
- start intro to importing data course on datacamp
- study customer segmentation(theory part) from the bootcamp
- discuss and make plan for chatbot project with teammates from the bootcamp",0,5
1404482594792632320,1326548459210461184,rajatrc17,Mon Jun 14 16:55:19 +0000 2021,"Day 8 of #66daysofdata 
* Finished Part 1 of Tensorflow tutorial by Daniel.
* Finished Week 2 of NLP in Tensorflow on Coursera.
* Successfully trained my first ever NLP neural network.
I have some ideas for writing my first ever article. Will get started with it this week.✨",0,6
1404479332647456769,1353316526036721665,KDineshChitra,Mon Jun 14 16:42:21 +0000 2021,"Day 01 of #66DaysOfData with @KenJee_Ds

* Made progress in learning SQL; Watched tutorial videos, written some queries
* Kaggle dog breed identification: Loaded the data, imported TensorFlow 2.x 

Looks slow-moving, need to accelerate.",0,15
1404477864993431555,1065851164082634752,satriya_tegar,Mon Jun 14 16:36:31 +0000 2021,"Days 6 #66DaysOfData
Finish week one Coursera machine learning
learn Algorithms and Data Structures in freeCodeCamp",1,6
1404466747793567745,1282902184636461056,lakshita_anand,Mon Jun 14 15:52:21 +0000 2021,"Day 3 of #66daysofdata: Studied and solved questions related to different distributions in statistics. 

#datascience #statistics #womenintech #womeninstem #girlswhocode #WomenWhoCode #ml #ai",3,8
1404461797705490438,71251893,MirceaMesesan,Mon Jun 14 15:32:40 +0000 2021,"Day 37 of #66DaysOfData. Grouping, Sorting, and some Multi-indexing inside a Intermediate Pandas course. Really coool.",0,6
1404451148229083144,1347561005329514498,sydteo,Mon Jun 14 14:50:21 +0000 2021,"Day 25,26 of #66daysofdata 
Learnt that props✨ in JavaScript are simply to pass data from parent component to child component. Also installed vuex as its centralised store for all components in my application, which helps give my code more structure and maintainability.",0,21
1404450684141916160,1363855621628465153,korasaju_a,Mon Jun 14 14:48:31 +0000 2021,"Day 13 of #66DaysofData (R2) with @KenJee_DS 

•Did a lot of Data Visualization on different datasets today using the Plotly, Bubbly, Matplotlib, and Seaborn on Python.",1,21
1404449264583929863,1050363426357174272,HendryLian,Mon Jun 14 14:42:52 +0000 2021,"2 day of #66DaysOfData 
After I checked that the data is clean because no redundant and missing values
So I continued to EDA Phase
Suddenly I found outlier during   features histogram plot

I still confused at the business und. and its stuck
So I'm move to easier project next day",0,6
1404447780458823681,266408164,A4Kachu,Mon Jun 14 14:36:58 +0000 2021,"Planning to start a #66daysofdata by @KenJee_DS  from tomorrow,
The focus is to cover
1. https://t.co/F1rwUoMTT3 The Tensorflow specialization 
2. https://t.co/t0VgeRbPdu NLP specialization and,
3. Revisiting few sessions of Deep learning specialization https://t.co/BpTeuL12Jh",1,11
1404426261565370370,1299710065042051073,imaatheworld,Mon Jun 14 13:11:28 +0000 2021,"#66daysofdata Day 14
[13/06/2021]
I learned about explicit indexes, slicing and subsetting with .loc and .iloc. I also learned how to work with pivot tables",0,4
1404422629176446977,2352929006,akira_rafhael,Mon Jun 14 12:57:02 +0000 2021,"Day 59 :
* Did some more basic EDA on the world happiness dataset
* Reviewed pandas (groupby, agg) and seaborn (lineplot)

#66DaysOfData",0,10
1404422011305140233,1276070101196795904,thinam_,Mon Jun 14 12:54:35 +0000 2021,"✅Implementation of Cat and Dog Classification using Fastai. 

📗My Notebook: https://t.co/FLAzwk6Qhd

📚Deep Learning for Coders with Fastai and PyTorch

#66daysofdata #MachineLearning #DeepLearning https://t.co/MvBSOmYrY5",1,7
1404401608432111621,1137782574036635649,thedataprof,Mon Jun 14 11:33:30 +0000 2021,"How to Effortlessly Create a README for your Data Science Project on GitHub
https://t.co/watRKFZZbT

Thanks @katherinecodes for creating https://t.co/X2ahOnfYMN

#66daysofdata #100daysofcode #datascience #github #readme https://t.co/HAmnryAo6E",16,19
1404382330815455232,2194029145,cmarquay,Mon Jun 14 10:16:54 +0000 2021,"@DataWithDanny @KenJee_DS It appears that the Discord invitation at the top right of the website is no longer valid. In any case, these are two beautiful communities. Roll on July 1st to restart a #66daysofdata session after discovering some SQL tips from #DataWithDanny. Nothing beats learning in teams. https://t.co/hq3H8As3QD",0,2
1404370828259643397,1361227694889967616,dataQueen_pend,Mon Jun 14 09:31:12 +0000 2021,"D50-51 R2 of #66daysofdata

✨ Visualization of cat and Quantitive variable ✨
➡️ Count, bar plots
➡️ Customization of these 🔼 two and this 🔽 one
➡️ Point plots
➡️ Plots styles, palettes, custom palettes",0,18
1404352633322840065,1352186511433805824,balalaikagrunge,Mon Jun 14 08:18:54 +0000 2021,"Day 35 of #66daysofdata
Finished hyperparameter tuning for the other two best models. Downloaded some data from the ONS to start some feature engineering using the postcode feature. Will be matching postcodes to the deprivation index, possibly crime data, etc.",0,10
1404332146659971072,1403459307690020865,jieshen72113789,Mon Jun 14 06:57:29 +0000 2021,"#66daysofdata today started a #Kaggle project about predicting housing price. People are right, you learn better with doing! 🤨how to deal with so many features (60+) while I don’t want to use #pca so my mode can be explained easier.",0,16
1404295056127774721,1344574148475928576,robinxan,Mon Jun 14 04:30:06 +0000 2021,"Day 2 of #66daysofdata 
- finish intermediate data visualization with seaborn course

Now i love seaborn even more!",0,8
1404294375819997184,1391911205829181440,colin_carman,Mon Jun 14 04:27:24 +0000 2021,Day 43 of #66daysofdata. Continued on with the Google cert. Begining the 5th course covering the organization of data. The take away is to stay organized through out the entire process. 😱,0,11
1404282919623921667,1137782574036635649,thedataprof,Mon Jun 14 03:41:53 +0000 2021,"6 Characteristics that Every Aspiring Data Scientist Should Know About
According to the ACM Data Science Task Force
https://t.co/v0dTs8jyPR

#66daysofdata #datascience #datascientist #datascientists https://t.co/QYG2bFSff5",1,10
1404266564048887808,16229037,elviajeligero,Mon Jun 14 02:36:53 +0000 2021,Day 10 of #66daysofdata: I monitored the data scientist position offerings in my city. Not such a big demand. I hope companies here get more aware of the importance of data in the near future.,0,6
1404264825165955074,1389606414474227715,Nobre_Lucas18,Mon Jun 14 02:29:58 +0000 2021,"#66daysofdata, day 21:

Still taking it easy... not much motivation these past few days and very busy with college. Today I read superficially about hyperparameter optimization for Machine Learning.",0,14
1404244762148982788,2238460753,KennethB23,Mon Jun 14 01:10:15 +0000 2021,"#66daysofdata Day 29 - learned union vs union all, SQL subqueries, SQL self join and SQL views from #365datascience https://t.co/qoJnsc18Kc",0,9
1404244066557177859,1353036098201595912,rpmandrekar,Mon Jun 14 01:07:29 +0000 2021,"day 4 of #66daysofdata with @KenJee_DS
&gt;learned more about wide angle cameras
&gt;meniscus lenses
&gt;planar mirrors and reflected cameras
&gt;how FOV of a camera can be increased using mirrors
&gt;how reflection of eye can be used to recreate what it was seeing
&gt;animal eyes
#ComputerVision",0,15
1404240333785899012,94308247,poetratron,Mon Jun 14 00:52:39 +0000 2021,"Day 2 of #66daysofdata

Studying epoch, batch size, and activision function and implement it using hard disease dataset",0,8
1404238012347830272,734167027997347842,_liamconnors,Mon Jun 14 00:43:26 +0000 2021,Day 27 of #66daysofdata - explored working with geospatial data in Python. Tried out an interesting library called Folium (https://t.co/m83ip8b0ON). Very easy to get started with.,1,12
1404237440932536326,2149586883,vperez2000,Mon Jun 14 00:41:10 +0000 2021,"#66daysofdata #R3 #Day42 by @KenJee_DS
@DataCamp DS track

Started the Case Study: School Budgeting with ML in Python.

When the reality comes.
All my respect &amp; admiration for all the great Data Scientists in this world 🌎 building a ML model, oh my!!
I'm in awe 🙌🏻⭐️",0,9
1404224727552389124,46960309,arshaq,Sun Jun 13 23:50:38 +0000 2021,"Day 12 Summary:

- Linear regression exercises 
- bias variance trade-off 
- Logistic Regression and its implementation in python 

#66daysofdata",0,4
1404217769596538884,101522789,augusto_dn,Sun Jun 13 23:23:00 +0000 2021,"Day 11 of #66daysofdata Spent the day with the family,  riding the bike with my little boy and enjoying the ☀️. 

I generally stay out of the laptop during Sundays, trying to be more aware of myself and my beloveds.

 - a bowl is most useful when it's empty -",0,13
1404210858763472901,1392958037497892871,AntoneEvansJr,Sun Jun 13 22:55:32 +0000 2021,"#Day35 of #66DaysOfData by @KenJee_DS
Fundamentals Readme continues ...
- Cross validation 
- Stats for Measuring Significance
- Visualization for Bivariate Analysis
- Learning Type and Task
I've pushed the current README. 
P.S. This is a lot for a Sunday.
https://t.co/pxwIDaiToe",0,8
1404203903848042497,1266599735881687040,ChinWuChen1,Sun Jun 13 22:27:54 +0000 2021,D59 #66daysofdata - sql self join practice,0,8
1404191203281747972,993972652279844864,francomanca93,Sun Jun 13 21:37:26 +0000 2021,"Day 6

Sunday with family on the beach. First time after 15 year and the first time of my daughter. I did not take anything. Tech and social media detox for a one day.

Sorry challenge #66daysofdata",0,4
1404188034497716227,969343076442542081,JaimeAAvendano,Sun Jun 13 21:24:50 +0000 2021,"Day 24-25: R2 of #66DaysofData 

The xgboost exercises I had took a lot more time than I had expected, so didn't get to work on the twitter analysis. But I was able to read up on it, and have some ideas for when I make time.",0,14
1404174049694081030,901324520346091520,Sanskar1531,Sun Jun 13 20:29:16 +0000 2021,"day 48 of #66daysofdata 
Started a new course on @LI_learning on tableu, so far it's somewhat similar to that of power BI but it definitely has its benefits of data visualisation 😳, I have a feeling I'm gonna like this one. https://t.co/RxSHCQMEbR",0,7
1404172966246617093,2384674350,WoleAdewumi,Sun Jun 13 20:24:58 +0000 2021,D28: Completed Chapter 3 of the Building a Career in Data Science book #66daysofdata https://t.co/4LO6bijCWO,0,9
1404172580966350857,1179254091521941508,jasonvero,Sun Jun 13 20:23:26 +0000 2021,"Day 43 - of #66DaysOfData
Day 23 - of #66DaysOfRunning

Working within Jupyter Notebook and utilizing Tweepy's API, I was able to fetch the total number of tweets Elon Musk and I have favorited. https://t.co/JmRkvdctXW",0,15
1404164254488436736,1392381742317703168,moondaawg,Sun Jun 13 19:50:21 +0000 2021,"#day13 of #66daysofdata
Wise enough to know why cost function uses square method and curious enough to know why only squared error method is used out of all other functions with high efficiency!

#MachineLearning #andrewng #stanford #supervisedlearning",1,7
1404156886367227925,1324652185964204033,meyke9976,Sun Jun 13 19:21:04 +0000 2021,"Day 152 of #66daysofdata by @KenJee_DS 
I am a little on repeat... but that is Just because it is all so nice: sailing and some time series analysis :) https://t.co/gd4PtSPxNn",0,15
1404143321337851906,98674381,sumayyakareem,Sun Jun 13 18:27:10 +0000 2021,"Day 1 : Started with introduction to Python, course from Kaggle, and DataCamp. #66daysofdata",0,9
1404141162286440448,71251893,MirceaMesesan,Sun Jun 13 18:18:35 +0000 2021,Day 36 of #66DaysOfData. Working with the map functions inside a data-set. Intermediate pandas on kaggle.,0,8
1404138313825456128,1282902184636461056,lakshita_anand,Sun Jun 13 18:07:16 +0000 2021,"Day 2 of #66daysofdata: Studied and solved questions related to Poisson distribution in statistics. 

#datascience #statistics #womenintech #womeninstem #girlswhocode #WomenWhoCode #ml #ai",6,15
1404135516606537733,324583975,georgekanellos,Sun Jun 13 17:56:09 +0000 2021,"Days 63-65 (R2) of #66daysofdata by @KenJee_DS

Revised further non-linear algos, SVMs and recommender systems from the Edx ML with python course
 https://t.co/NjpWdQYNfu. This time I put theory together with practice though! :)",0,9
1404128214813868034,1065851164082634752,satriya_tegar,Sun Jun 13 17:27:08 +0000 2021,"Days 5 #66DaysOfData
Continue course in Coursera about machine learning (Linear Regression with One Variable) a little bit hard to understand 🥲",0,7
1404127545675509764,1326548459210461184,rajatrc17,Sun Jun 13 17:24:28 +0000 2021,"Day 7 of #66daysofdata 
* Started the Natural Language Processing in Tensorflow course on Coursera.
* Tried to apply the newly learnt techniques on my personal project (Youtube Video Classification 📽️)
* Continued with the Tensorflow tutorial video by @mrdbourke, enjoying so far.",0,10
1404124867918663681,1363855621628465153,korasaju_a,Sun Jun 13 17:13:50 +0000 2021,"Day 10–12 of #66DaysofData (R2) with @KenJee_DS 

•Finished Data Analysis in Python course (7/10) on IBM Data Science Professional Certificate. 
•Learned a lot in this course such as performing multiple linear / polynomial / ridge regression using SciPy, etc.",0,11
1404117478788136961,1670570930,gauravgulati9c,Sun Jun 13 16:44:28 +0000 2021,"Progress Update!

Day 14, 15 - Implemented epsilon greedy algorithm for multi armed bandid problem. Wonderful tutorial and explanation by @hackstockpie. Will soon be implementing other common algos.

#66daysofdata #MachineLearning",0,6
1404107736581771271,1369840035726581766,DustinVo10,Sun Jun 13 16:05:46 +0000 2021,"Day 19 #66daysofdata 06/13/21

SQL: CTEs, Subqueries, window functions.",0,8
1404102745804525569,1353316526036721665,KDineshChitra,Sun Jun 13 15:45:56 +0000 2021,"Day 00 of #66DaysOfData with @KenJee_Ds

""The secret of getting ahead is getting started."" - Mark Twain

The Kick-off:
I tried to understand Databases, started to learn SQL and started to work on the Kaggle dog breed identification dataset.

A good launch, right?",0,18
1404098324282568711,3041718695,suminohh,Sun Jun 13 15:28:22 +0000 2021,"📆 Day 20 of #66daysofdata 

I used Python to clean my data and R to do topic modeling using LDA! As you may tell, most of my topics look the same and that's because my data is skewed. https://t.co/WL9z9Gd6S0",0,20
1404079770371989506,2352929006,akira_rafhael,Sun Jun 13 14:14:38 +0000 2021,"Day 58 : Analyzing World Happiness Report dataset and looked into some notebooks on the dataset

#66DaysOfData
https://t.co/ytq3RnrI3r",0,6
1404064663831289856,32453704,anyachocolat,Sun Jun 13 13:14:36 +0000 2021,"Day 63 of #66DaysOfData:
- practiced creating figures and plots
- started reading ""Python Data Science Handbook""",0,23
1404037690899808256,3435986734,ImprovingSlowly,Sun Jun 13 11:27:25 +0000 2021,"Day 13 of #66daysofdata continues...

Continuing on with computer science distilled by @wladston - good read!",0,3
1403958630123139072,360668611,daniellabrito26,Sun Jun 13 06:13:16 +0000 2021,"Really Good source to revise ML - Googles crash course to get a quick walk through of important concepts.
https://t.co/156wpfGNHN
#66daysofdata",0,5
1403936517622419469,1403459307690020865,jieshen72113789,Sun Jun 13 04:45:24 +0000 2021,"#66DaysofData
Day 1
""Tableau Essential designing principal"" on #Coursera started to make a lot of sense. A few very insightful Youtube videos and a webinar about resume editing from #laioffer",0,9
1403931040922492936,1391911205829181440,colin_carman,Sun Jun 13 04:23:38 +0000 2021,"Day 42 of #66daysofdata. This came in the mail today! Cracked it open and going to start after The Richest Man In Babylon. As for data, continuing with reviewing notes and my map from yesterday. Crazy how things click after a little review! https://t.co/His8S5pESS",1,4
1403929263175307267,1179254091521941508,jasonvero,Sun Jun 13 04:16:34 +0000 2021,"Day 42 - of #66DaysOfData
Day 22 - of #66DaysOfRunning

Today, I spent time reviewing my notes from the past week. Primarily focused on Pandas, I'll be incorporating these methods to my Twitter dataset.",0,16
1403919683095613447,232069724,rahul40patel,Sun Jun 13 03:38:30 +0000 2021,"Day 21 &amp; 22 of #66DaysOfData

Course on ""Statistics - A Full University Course by Monika Wahi""

Percentiles and Box-and-Whisker Plots
Scatter Plots and Linear correlation
Linear Regression and Coefficient of Determination

@KenJee_DS",0,6
1403918573735710722,2238460753,KennethB23,Sun Jun 13 03:34:06 +0000 2021,"#66daysofdata 28 days done. 
Light day today but made progress through more lessons and practice queries - cross join,aggregate functions with joins and joining more than two tables in SQL",0,3
1403917518897516552,1344574148475928576,robinxan,Sun Jun 13 03:29:54 +0000 2021,"Day 1 of #66daysofdata
- review intro to python course on datacamp
- continue intermediate seaborn course on datacamp
- read chapter 1-4 on data sci from scratch textbook",0,4
1403900986272280576,94308247,poetratron,Sun Jun 13 02:24:13 +0000 2021,"Day 1 of #66daysofdata

Introduced to depp learning by learning neuron and perceptron, also modeled it using keras.",0,5
1403889464267706368,1392958037497892871,AntoneEvansJr,Sun Jun 13 01:38:25 +0000 2021,"#Day34 of #66DaysOfData by @KenJee_DS
I continued working on my Fundamentals Readme
- Train vs. Test vs. Validation set
- Handling imbalanced data",0,13
1403880692765892609,734167027997347842,_liamconnors,Sun Jun 13 01:03:34 +0000 2021,Day 26 of #66daysofdata - did some work on data visualizations with pandas plot using text data from the NYTimes API,0,9
1403878557386821632,1023818495471964160,NMashinchi,Sun Jun 13 00:55:05 +0000 2021,Looking forward to starting my 2nd round of the #66daysofdata challenge initiated by @KenJee_DS on July 1st. Learn something new every day for a minimum of 5 minutes and share what you learned on your favorite social media platform.✌🏽#DataScience #ChallengeAccepted #tech https://t.co/dU8oim4uQG,0,6
1403878447441616898,1369840035726581766,DustinVo10,Sun Jun 13 00:54:39 +0000 2021,"Day 19 #66daysofdata 06/13/21

+ Connect SQL + Python and then save csv file to use it in Tableau, apply some charts
+ Do SQLZoo",0,3
1403876970346262534,1389606414474227715,Nobre_Lucas18,Sun Jun 13 00:48:47 +0000 2021,"#66daysofdata, day 20:

Taking it a little lighter, I read about categorical data and categorical encoders.",0,8
1403857392215990279,2149586883,vperez2000,Sat Jun 12 23:30:59 +0000 2021,"#66daysofdata #R3 #Day41 by @KenJee_DS
@DataCamp DS track

Done✅ with Machine Learning with Tree-Based Models in Python 🎉⭐️

Yayyyyyyyyyyyyy!!!!! https://t.co/1kYKU4ob9u",1,14
1403845501997490177,101522789,augusto_dn,Sat Jun 12 22:43:44 +0000 2021,"Day 10 of #66daysofdata I've been playing with the mines vs rocks @KaggleDatasets.

🔹I've chosen this dataset to perform Feature Selection with Autoencoders. I've converted the 60 predictors in 10 without loosing information 🤯",0,8
1403843533157679104,929998650,KehalHoussem,Sat Jun 12 22:35:55 +0000 2021,"Day 3⃣5⃣:

After seeing Power BI in Jupyter Notebook.
I've started a course about Power BI on @udemy, I feel that I'm going to love this tool 🤩.

#66DaysOfData #data",0,10
1403838778637180932,1353036098201595912,rpmandrekar,Sat Jun 12 22:17:01 +0000 2021,"day 3 of #66daysofdata with @KenJee_DS
Learnt about
&gt;depth of feild and how it is affected by changing aperture.
&gt;hyperfocal distance
&gt;scheimpflug condition
&gt;lens related issues (vignetting, chromatic aberration, and geometric distortion)
#ComputerVision",0,13
1403837870926970880,71251893,MirceaMesesan,Sat Jun 12 22:13:25 +0000 2021,Day 35 of #66DaysOfData. Had few days off any coding and data science. Today I've watched some seaborn related videos. Looking forward to integrate seaborn in my daily research.,0,9
1403835141332508673,901324520346091520,Sanskar1531,Sat Jun 12 22:02:34 +0000 2021,"day 47 of #66daysofdata 
started off with revising SQL join, group by and order by commands, played around on a dataset. Also watched an introductory video to  power BI.",0,5
1403820727128629249,1392381742317703168,moondaawg,Sat Jun 12 21:05:17 +0000 2021,"#Day12 of #66daysofdata and already amazed by how simple @AndrewYNg has made learning algorithms.
Learnt to differentiate how supervised and unsupervised (clustering) algorithms work and how we've been using them on our daily basis. https://t.co/yAG4D1qzeM",0,9
1403814111230578690,406512519,rohan_kumawat,Sat Jun 12 20:39:00 +0000 2021,"Day 22 of #66daysofdata 
I forgot to count one day. So it's 22, and not 21.
I published a blog today and started something new.",0,5
1403813940153389058,1266599735881687040,ChinWuChen1,Sat Jun 12 20:38:19 +0000 2021,D58 #66daysofdata - continued practicing sql - dealing with NULL,0,5
1403803528448073730,1607658019,_koredehassan,Sat Jun 12 19:56:57 +0000 2021,"Day 20 of #66daysofdata

The preprocessing stage took more time than I expected. I was able to build a pipeline for handling missing values, encoding categorical variables, and feature scaling

Hopefully, I should get to model building tomorrow",0,3
1403798220816453634,993972652279844864,francomanca93,Sat Jun 12 19:35:51 +0000 2021,"Day 5 of #66daysofdata.  

- I watched 40% of the 3rd week of AI for Everyone.
✅ Case study: Self-driving car (Very practice class)
✅ Roles of an AI team

- I read 1st lesson of ""Intro to Machine Learning"" of @kaggle courses 
✅ How models work.",0,5
1403783299965751299,1299710065042051073,imaatheworld,Sat Jun 12 18:36:34 +0000 2021,"#66daysofdata Day 13 [12/06/2021]
Data manipulation with pandas:
I learned counting by knowing how to drop duplicates and count categorical variables. I also learned grouped summary statistic and pivot table. I also learned how to set and remove indexes.",0,5
1403778044850933761,1137782574036635649,thedataprof,Sat Jun 12 18:15:41 +0000 2021,"Hi friends, wouldn't it be cool to animate plots? In this article you'll learn how in R using the gganimate R package.
https://t.co/K1N3CxzBm3

#66daysofdata #100daysofcode #datavisualization #dataviz #dataanalytics #dataanalysts #dataanalyst #datascience https://t.co/qNPN3Uwk4S",6,20
1403769109318234113,1282902184636461056,lakshita_anand,Sat Jun 12 17:40:11 +0000 2021,"Day 1 of #66daysofdata: Studied and solved questions related to binomial distribution and random variables in statistics. 

#datascience #statistics #womenintech #womeninstem #girlswhocode #WomenWhoCode #ml #ai",3,18
1403766569709178884,1326548459210461184,rajatrc17,Sat Jun 12 17:30:05 +0000 2021,"Day 6 of #66daysofdata 
Classification and Regression Trees
More of Tensorflow!
Thinking of supplementing my daily learnings with a book for the next 60 days of so.
If you have any good suggestions... pls let me know.",0,7
1403752953010216963,46960309,arshaq,Sat Jun 12 16:35:59 +0000 2021,"Day 11 Summary:

- Linear regression explanation and implementation using scikit-learn library (first foray)

#66daysofdata",0,5
1403750969565929473,1065851164082634752,satriya_tegar,Sat Jun 12 16:28:06 +0000 2021,"Days 4 #66DaysOfData
New journey in freeCodeCamp about Machine Learning with python
add some course cause I think if just one course is so boring",0,5
1403746468544974848,3041718695,suminohh,Sat Jun 12 16:10:13 +0000 2021,"📅 Day 19 of #66daysofdata 

I extracted some topics from my dataset but something isn't going right. I followed existing code to clean my data but I still see apostrophes in my dataset and the words aren't getting lemmatized. Suggestions are greatly appreciated  👩‍🏫",0,8
1403745934299774982,2384674350,WoleAdewumi,Sat Jun 12 16:08:05 +0000 2021,D27: Covered a few chapters in the Data processing in Shell module @DataCamp  #66daysofdata https://t.co/6eER0t5oDq,0,9
1403744760309899270,16229037,elviajeligero,Sat Jun 12 16:03:25 +0000 2021,"Day 8 and 9 of #66daysofdata: I made a python function for aproximation of a maximun/minimum in a given function. I'm gonna start learning about neural networks next week. Very excited! AI, here I go. https://t.co/hwELBX10Bg",0,5
1403736140700471297,1347561005329514498,sydteo,Sat Jun 12 15:29:10 +0000 2021,"Day 23,24 of #66daysofdata 
- Active Recall of all that i learnt 🧠
- Watched @moshhamedani JavaScript and HTML crash courses  so that I can proceed with my project better, his explanations are clear and easy to follow highly recommend🤩",0,22
1403730830258622467,554435225,hmatalonga,Sat Jun 12 15:08:04 +0000 2021,"Day 61 of #66DaysofData. I have implemented Linear Regression from scratch, using python and numpy. https://t.co/fVEUVgTAo1",1,19
1403726555642204161,1051512590445105152,khanh_hab,Sat Jun 12 14:51:05 +0000 2021,"D12 of #66daysofdata
Reviewing Oracle analytic functions. I think this would be very helpful when calculating the sales target for the following month, which base on the sales volume of the previous month, without having to join the current table to itself.",0,14
1403719091215474690,1050363426357174272,HendryLian,Sat Jun 12 14:21:25 +0000 2021,"1 day of #66DaysOfData 
after long busy on final thesis

i initiate a personal project finally
that is predict which organization have financial crisis

and during data collection, i learn downloading using kaggle API on this phase, then clean it
https://t.co/LOdAbqJ14e",0,7
1403714893052715014,2352929006,akira_rafhael,Sat Jun 12 14:04:44 +0000 2021,"Day 57 :
* Watched videos on Probability Implementation (Option pricing, Statistics, DS)
* Looked into some notebooks on kaggle

#66DaysOfData",0,16
1403713059017854979,1324652185964204033,meyke9976,Sat Jun 12 13:57:27 +0000 2021,"Day 151 of #66daysofdata by @KenJee_DS 
Just more time series analyses. The possibilities are endless...
And some sailing :-) https://t.co/kl9b4iAyH3",0,26
1403710483312480257,1353316526036721665,KDineshChitra,Sat Jun 12 13:47:13 +0000 2021,"Came across the #66DaysOfData challenge by @KenJee_DS decided to undertake the challenge to gain momentum in my pursuit of breaking into the #DataScience field, as my learning moves at a slow pace.
Pretty much excited and can't wait to begin.

Day Zero Starting Tomorrow.",1,11
1403699166770040832,1108597836755755009,maisdev,Sat Jun 12 13:02:15 +0000 2021,"In early morning I watched udemy data science videos. Afternoon, little bit on blockchain coding but I was distracted. There are two more weeks to end r3 of #66daysofdata but feel too tired... I guess, it is better to take it easy tomorrow and next weeks.",0,8
1403682960964980743,629329543,seyi_agboola_,Sat Jun 12 11:57:51 +0000 2021,"I just posted my review of @DataCamp 's Data Science with Python Career Track https://t.co/Bo0b6NsI8I

#MachineLearning #Python #66DaysOfData",1,4
1403658774133370881,793192051588210688,kartikeyzm,Sat Jun 12 10:21:45 +0000 2021,"Day 15 of #66daysofdata :
Working with chatbots for a while now. Will focus on python object-oriented and asynchronous programming this weekend. :)",0,9
1403654535982292994,32453704,anyachocolat,Sat Jun 12 10:04:54 +0000 2021,"Day 62 of #66DaysOfData:
- visualisation with pandas and matplotlib",0,16
1403650461182332928,1179254091521941508,jasonvero,Sat Jun 12 09:48:43 +0000 2021,"Day41 - or #66daysofdata 
Day 21 - or #66daysofrunning

Happy Friday! Today I continued with object oriented programming concepts  and dug into Inheritance and parent/child classes.",1,19
1403642597214720003,1295354412794249219,thebrowndeity,Sat Jun 12 09:17:28 +0000 2021,"Day 46 - 66 of @KenJee_DS #66daysofdata:

It's been long, quite long since I posted, I've been quite busy mostly with learning about EDA, doing project based learning, and I've seen you can make a lot of inferences through any of the data I used. Even WhatsApp chats..",0,15
1403614427115442183,1322620958327255040,Datavisz,Sat Jun 12 07:25:31 +0000 2021,Day 65 of #66daysofdata: Attended the Google cloud summit on AI. Watched the talk by Spotify executive on how reinforcement learning is used to improve customer retention. Revised PCA from ISLR and Udemy course.,0,7
1403585502419185665,1369840035726581766,DustinVo10,Sat Jun 12 05:30:35 +0000 2021,"Day 18 #66daysofdata 06/12/21

+ Save and load module
+ Connect Jupyter notebook and SQL, move data to SQL",0,13
1403576536490385410,1391911205829181440,colin_carman,Sat Jun 12 04:54:58 +0000 2021,Day 41 of #66daysofdata. Wanted to start reviewing my notes from the Google Professional Cert. Was inspired by @mrdbourke and his ML road map. Decided to create something similar for data analysis. This is just preview will update once I'm finished. Any feed back would be great!,1,8
1403565371341230080,2238460753,KennethB23,Sat Jun 12 04:10:36 +0000 2021,"#66daysofdata day 27: 
continued with #365datascience SQL course. Worked my way through inner join, dealing with duplicate records, left join, right join, join + where and some of cross join.
+ YouTube videos on how to learn data science from Krish Naik, Tina Huang &amp; @KenJee_DS",0,17
1403543695954255874,969343076442542081,JaimeAAvendano,Sat Jun 12 02:44:28 +0000 2021,"Day 23: R2 of #66DaysofData 

Wanted to do something fun, so I started a notebook to analyze tweet sentiment related to #Loki. 

Got as far as being able to pull the tweets and split the words. Now to read some different sentiment analysis articles.",0,15
1403536314214006785,1353036098201595912,rpmandrekar,Sat Jun 12 02:15:08 +0000 2021,"day 2 of #66daysofdata with @KenJee_DS
watched the lecture on image formation using lenses by Prof. Shree Nayar.
Learnt how lenses are more effective than pinhole. learn about aperture, focal length, zooming dual length, how a blur image can be brought to focus by moving lense.",0,16
1403526520958771204,2384674350,WoleAdewumi,Sat Jun 12 01:36:13 +0000 2021,D26: Learning to download data using the Command Line #66daysofdata https://t.co/dtISVR01cK,0,8
1403521541690769409,1392958037497892871,AntoneEvansJr,Sat Jun 12 01:16:26 +0000 2021,"#Day33 of #66DaysOfData by @KenJee_DS
Half way there!
Today I continued working on my Fundamentals Readme
- Under- vs Over-fitting (Bias vs Variance)
- Encode Categorical Variables
- Handling Missing Values 
This exercise is not only helping me review but learn new techniques https://t.co/ctZ9G7HdZT",0,12
1403502969606316034,1253747806088683523,SolCatv2,Sat Jun 12 00:02:38 +0000 2021,"#66DaysOfData #Day5 
-ML: read about gradient descent algorithm 
-Python: playing around with Numpy ☺️

I'm also doing a review about algorithms in general: - binary search and big o notation!",1,13
1403501017979891712,101522789,augusto_dn,Fri Jun 11 23:54:53 +0000 2021,"Day 9 of #66daysofdata today I've been learning the main concepts behind autoencoders and playing with them a little bit.
🔹Autoencoders are used for unsupervised learning,  useful for feature engineering and data reconstruction.
🔹Consists of an encoder, bottleneck and decoder. https://t.co/rQyvl6vWUY",0,18
1403491044709253122,1389606414474227715,Nobre_Lucas18,Fri Jun 11 23:15:15 +0000 2021,"#66daysofdata, day 19:

Pretty productive day. I followed @kaggle's Intro to Machine Learning course thoroughly. Today I:

- Built a simple machine learning model
- I learned about the MAE (Mean Absolute Error) metric
- I learned about Validation Data and train_test_split.",1,16
1403476332294459393,1392381742317703168,moondaawg,Fri Jun 11 22:16:47 +0000 2021,"#Day11 of #66daysofdata 
You'll not know if you don't try. Explored through the ML basics and ran my first program in R language.

#MachineLearning #rlanguage #DataScience",1,5
1403471811581468675,929998650,KehalHoussem,Fri Jun 11 21:58:49 +0000 2021,"Day 3⃣4⃣:

today, I've discovered more about the ROC curve and AUC score when evaluating classification models.
The explanation of @joshuastarmer was amazing 🤩.
https://t.co/ppnBH14be6

#66DaysOfData #MachineLearning #DataScience",0,9
1403460864037036033,993972652279844864,francomanca93,Fri Jun 11 21:15:19 +0000 2021,"Day 4 of #66daysofdata. I worked in my Kaggle profile, I developed my roadmap to be an ML Engineer/Data Scientist

✅ @kaggle free courses &amp; competitions
✅ AI for Everyone &amp; Deep Learning Specilization by @DeepLearningAI_ 
✅ Some Courses in @platzi DS School
✅ Free resources",0,3
1403432811567239170,1361227694889967616,dataQueen_pend,Fri Jun 11 19:23:51 +0000 2021,"D49 R2 of #66daysofdata

Continuing with Seaborn✨

➡️ Visualizing two Quantitive variables
✅ Relational plots and subplots
✅ Subplots creation with vol and row args
✅ Customization of scatter plots
✅ Style, size, hue
✅ Line plots
✅ Std, mean visualized in line plots https://t.co/Smk28lKa1N",0,23
1403427531835854849,1299710065042051073,imaatheworld,Fri Jun 11 19:02:52 +0000 2021,"#66daysofdata Day 12 [11/06/2021]
Data manipulation with pandas:
I learned subsetting, adding new columns, and calculating summary statistics on dataframe column (mean&amp;median, cumulative statistics)",0,4
1403425523229880323,1282902184636461056,lakshita_anand,Fri Jun 11 18:54:53 +0000 2021,"I'm publicly committing to the #66daysofdata starting today. While #100DaysOfCode has given me a good push to code daily, I've not been consistent with studying other data science topics like statistics, where I really need to work harder. Excited!🤩 @KenJee_DS  #DataScience",8,26
1403420016347815939,1326548459210461184,rajatrc17,Fri Jun 11 18:33:00 +0000 2021,"Day 5 of #66daysofdata 
ROC, AUC curves,
Mathematical understanding of activation functions
More tinkering with TensorFlow models using Keras API.",0,4
1403418041749151750,901324520346091520,Sanskar1531,Fri Jun 11 18:25:10 +0000 2021,"day 46 of #66daysofdata 
Did some critical path analysis with regards to slack and estimated timeframes. Will get on much more elaborated topics and research starting tomorrow.",0,16
1403415304013819904,1607658019,_koredehassan,Fri Jun 11 18:14:17 +0000 2021,"Day 19 of #66daysofdata

Looked at my housing prices data differently today and began to see things I didn't see yesterday. I admit that EDA is an iterative process that can always get better

I should wrap up the analysis part tomorrow and begin to build models.",0,3
1403401024103096321,1670570930,gauravgulati9c,Fri Jun 11 17:17:32 +0000 2021,"Progress Update!

Day 12, 13 - Continued reading on Multi Armed bandit and it's use cases. It is a step ahead of a/b testing and can help businesses drive value. Practical implementation will soon follow.

#66daysofdata #MachineLearning",0,7
1403397754869587969,406512519,rohan_kumawat,Fri Jun 11 17:04:33 +0000 2021,"Day 20 of #66daysofdata
I published another blog and read a bit about Survey papers. ❤",0,4
1403395592001253383,1065851164082634752,satriya_tegar,Fri Jun 11 16:55:57 +0000 2021,"Days 3 #66DaysOfData
Countinues course in coursera about machine learning",2,3
1403387538212065281,1306505184911208453,mt0rm0,Fri Jun 11 16:23:57 +0000 2021,"Very productive Day 3 Round 2 of #66daysofdata: Scope and direction for table calculations in @tableau. Math: Distances, norms, and started reviewing functions of several real variables. Work: debugging and testing. Created custom pipelines and transformers with scikit-learn",0,15
1403386353308651523,1385222817323618305,elise__chin,Fri Jun 11 16:19:14 +0000 2021,"Day 2 of #66DaysOfData by @KenJee_DS - Finding a roadmap

I have the tendency to scatter myself if I don’t have a clear plan, because there’s so many things to learn out there 🤭. So I found this complete roadmap of @freeCodeCamp with lots of resources! https://t.co/KYrE8JPGEj",1,8
1403382646596636678,2149586883,vperez2000,Fri Jun 11 16:04:31 +0000 2021,"#66daysofdata #R3 #Day40 by @KenJee_DS
@DataCamp DS track

Better this week, on Ensemble Methods - Boosting (Gradient Boosting &amp; Adaboost) 

Again on track, hope to be done with this module this weekend 👩🏻‍💻",0,11
1403373648858079234,3041718695,suminohh,Fri Jun 11 15:28:45 +0000 2021,"📆Day 18 of #66daysofdata 

Last week, I presented a research proposal about topic modeling powered aspect-based sentiment analysis for my consumer behavior class. I was under the impression that I wouldn't have to actually execute it during the semester, but...",0,18
1403372755723055108,1369840035726581766,DustinVo10,Fri Jun 11 15:25:13 +0000 2021,"Day 17 #66daysofdata 06/10/21
I use sklearn to scale, split data then to run the reg model.",0,2
1403370575821684742,46960309,arshaq,Fri Jun 11 15:16:33 +0000 2021,"Day 10 Summary:

- Introduction to Machine Learning
- Overview on supervised learning, error metrics for classification and regression algorithms
- introduction to scikit-learn library 

#66daysofdata",0,2
1403370239123992581,1240953896,asvn90,Fri Jun 11 15:15:13 +0000 2021,"Day 19 of #66DaysOfData with @KenJee_DS 

Taking it easy today. Just watched some Youtube videos on how people use #datascience to solve problems. Also watched Ken's newest #short. Excited to see what he and the gang get up to come 1 July. 🙌 https://t.co/HEBobcunEa",1,10
1403367102719819780,2352929006,akira_rafhael,Fri Jun 11 15:02:45 +0000 2021,"Day 56 : Tried SAP Analytics Cloud for the first time

#66DaysOfData",0,4
1403363484075585545,94308247,poetratron,Fri Jun 11 14:48:22 +0000 2021,"I'm starting #66daysofdata again starting tomorrow because I haven't been consistent with the study due to some reasons. I hope I can maintain the next 66 days consistently, because it's all about making a habit.",0,5
1403362409125928963,1397903463737184261,gdenizbektass,Fri Jun 11 14:44:06 +0000 2021,"I will start to #66DaysofData Round 3 by @KenJee_DS. In first round, I achieved many things. I met people, communities, published articles through Analytics Vidhya, and The Startup publications, made little projects, tried to give resource ideas to people, got feedbacks.",0,8
1403338337784582150,1284445574511636480,Tommy_McLennan,Fri Jun 11 13:08:27 +0000 2021,D12. Rd 2 #66DaysofData attended the Google Cloud Applied Machine Learning Summit online. Some really interesting talks and speakers.,0,21
1403334193275355139,1159830350102781953,KenJee_DS,Fri Jun 11 12:51:59 +0000 2021,"#66DaysOfData Round 3 (for me) is starting up again July 1! Have some special guests this time around too @joshuastarmer &amp; @thedataprof! 
More info watch here: https://t.co/LQ3NUkpiaY",1,39
1403296784299003908,1324652185964204033,meyke9976,Fri Jun 11 10:23:20 +0000 2021,"Day 150 of #66daysofdata by @KenJee_DS 
Continued my time series analysis... lots to learn :) https://t.co/96SDRDAy3a",0,11
1403296441594892296,1137782574036635649,thedataprof,Fri Jun 11 10:21:58 +0000 2021,"Hi friends, Jake (co-founder of Mito) shows us how to perform #ExploratoryDataAnalysis in #Python using Mito

https://t.co/9HIEOkTa5m

#66daysofdata #100daysofcode #datascience",27,27
1403278149916323842,1276070101196795904,thinam_,Fri Jun 11 09:09:17 +0000 2021,"📌 Implementation of The Discriminator Block and The Generator Block. 

📗 Notebook with proper documentation is here: https://t.co/XVPSzP0AO9

#66daysofdata #MachineLearning #DeepLearning https://t.co/80beOBT6BU",0,3
1403268424457990144,1356609984163889154,jo_grammer,Fri Jun 11 08:30:38 +0000 2021,"Day 23 R2 #66daysofdata 

Decided to explore Tableau Software today.

Watched an intro to Tableau
Downloaded Tableau Public
Connected data 
Explored interface 
Created first Chart using countries GDP data 👇 https://t.co/qBEb3LDFKr",0,18
1403235820090310657,1301025989359788033,AMuktineni,Fri Jun 11 06:21:05 +0000 2021,"Day 21 of #66daysofdata Round3

Took an ML skill assessment test today and earned a badge @LinkedIn @KenJee_DS https://t.co/TWOzbRuDDT",0,12
1403227862660882435,1266599735881687040,ChinWuChen1,Fri Jun 11 05:49:27 +0000 2021,"D57 #66daysofdata - watched a couple of webinars in the Google AI summit- more and more tools out there, a bit overwhelming 🤔",0,11
1403218159029555208,232069724,rahul40patel,Fri Jun 11 05:10:54 +0000 2021,"Day 18, 19 &amp; 20 of #66DaysOfData

Started a course on ""Statistics - A Full University Course by Monika Wahi""

Distributions
Graphs
Measure of central tendency and variation
Chebyshev theorem

@KenJee_DS",0,18
1403197157096660993,1392322607492468736,Javier79507282,Fri Jun 11 03:47:27 +0000 2021,"Started this challenge with @Kaggle's Python lessons. Hoping to quickly get through the basics in order to start some competitions and projects.
#66daysofdata",0,3
1403185024502046724,1392958037497892871,AntoneEvansJr,Fri Jun 11 02:59:14 +0000 2021,"#Day32 of #66DaysOfData by @KenJee_DS 
- Finished reading academic papers in my queue about fairness.
- Built a skeleton markdown document of all the fundamentals and topics I'd like to review within the next week.
- Got a stylus for my iPad I'm excited to draw model flows.",0,13
1403180747255652358,2238460753,KennethB23,Fri Jun 11 02:42:14 +0000 2021,"Just wrapped up day 26 of #66daysofdata by making progress in a power bi course, completing advanced excel course and got some sql coding practice writing join queries in the data camp app.",0,4
1403165098701582337,406512519,rohan_kumawat,Fri Jun 11 01:40:03 +0000 2021,"Day 19 of #66daysofdata 
I published another blog yesterday.
Read some research papers, and made notes on Linear Regression💙",0,4
1403164740889858050,1179254091521941508,jasonvero,Fri Jun 11 01:38:38 +0000 2021,"Day 40 - of #66DaysOfData
Day 20 - of #66DaysOfRunning

Today, I built a Twitter scraper. By using Tweepy's library and API, I pulled the full history of my own tweets into a CSV. 

Next, I will clean the data, and try to gather some insights from it. This is pretty fun lol.",0,18
1403162646426361865,1253747806088683523,SolCatv2,Fri Jun 11 01:30:19 +0000 2021,"#66DaysOfData #Day4

Currently reading the ML crash course from google https://t.co/buwKo2AOJd and i find out really accesible for beginners!  

Today i learned/refreshed about key terminology in machine learning and linear regression ☺️",0,5
1403162595302023168,16229037,elviajeligero,Fri Jun 11 01:30:06 +0000 2021,Day 7 of #66daysofdata: Learning about optimization (gradient descent math). I'm making a Python function for reaching a local/global maximum or minimum. https://t.co/VgGPfz2FXj,0,4
1403159703664877570,969343076442542081,JaimeAAvendano,Fri Jun 11 01:18:37 +0000 2021,"Day 22: R2 of #66DaysofData 

Got myself a new laptop! So spending some time installing everything I need. Can't wait to give it a test run on some models. https://t.co/CacJ6Vsgp7",0,17
1403144758051196934,2384674350,WoleAdewumi,Fri Jun 11 00:19:14 +0000 2021,D25: Completed another course in the Data Engineer track on @DataCamp #66daysofdata https://t.co/IxqVSvYmLN,0,4
1403127104477274119,734167027997347842,_liamconnors,Thu Jun 10 23:09:05 +0000 2021,Day 25 of #66daysofdata - continued classification in Hands-On Machine Learning - cross validation and confusion matrix,0,15
1403114880346083329,101522789,augusto_dn,Thu Jun 10 22:20:30 +0000 2021,"Day 8 of #66daysofdata dealing with Restricted Boltzmann Machine. 
🔹RBM are a great tool to extract features in an unsupervised fashion.

🔹It's not a deep neural network with several layers stacked, instead it only has 2: a visible and hidden one. https://t.co/o89w5noz9a",0,10
1403107481291735044,1389606414474227715,Nobre_Lucas18,Thu Jun 10 21:51:06 +0000 2021,"#66daysofdata, day 18:

I wasn't very motivated today and that's why I only saw a few videos on youtube about the Data Science portfolio.",0,13
1403107067116900357,1353036098201595912,rpmandrekar,Thu Jun 10 21:49:27 +0000 2021,"day 1 of #66daysofdata with @KenJee_DS
watched the video on pinhole and perspective projection by Prof. Shree Nayar. 
Learnt about pinhole cameras, the principle on which they work. learnt about magnification effect when 3d scene converts to 2d image &amp; about vanishing point.",0,21
1403098024813998091,929998650,KehalHoussem,Thu Jun 10 21:13:32 +0000 2021,"Day 3⃣3⃣:

Today, I found some approaches to deal with imbalanced data as setting different class weights and over/under-sampling.

#66DaysOfData #MachineLearning #data",2,6
1403089853835714560,822280007502295041,_paulo_lopez_,Thu Jun 10 20:41:03 +0000 2021,"#100DaysOfMLCode #100DaysOfCode #66daysofdata #pythondeveloper #pythondeveloper

🔹 Started reading Google's machine learning crash course.  To polish on best practices from Google experts on key machine learning concepts.  Highly -- Recommended!

https://t.co/LuA78a3Phb",5,14
1403080282123681797,1352186511433805824,balalaikagrunge,Thu Jun 10 20:03:01 +0000 2021,"Day 34 of #66daysofdata
Finally debugged that piece of code that was returning nan results for some trials in the Optuna study. God, what a relief. Tomorrow I'm using SQL to get some new data for the model. First time using SQL in about 5 years. Wish me luck",0,11
1403078390308016129,1361227694889967616,dataQueen_pend,Thu Jun 10 19:55:30 +0000 2021,"D45-47 ➡️ days off
D48 R2 of #66daysofdata

➡️ Automating plot creation
✨Finished intro to data Visualization with Matplotib ✨

And started...
✨Data Visualization with Seaborn ✨
Covered some Basic stuff ➡️ Creating scatter and count plots with sns, 3rd var with hue ⬅️ https://t.co/EyQQX17O3b",0,15
1403071063249068038,1306505184911208453,mt0rm0,Thu Jun 10 19:26:23 +0000 2021,"Day 2 Round 2 of #66daysofdata: Aggregating dimensions in @tableau, type hinting/annotation and good coding practices in Python. Math: Limits and derivatives in functions of one real variable. Work: debugging, testing and restructuring my code for optimizing the PostgreSQL calls",0,16
1403068872106729473,901324520346091520,Sanskar1531,Thu Jun 10 19:17:41 +0000 2021,"day 45 of #66daysofdata 
Looked into marketing, legal and ethical side of project management.",0,13
1403067152610074625,993972652279844864,francomanca93,Thu Jun 10 19:10:51 +0000 2021,"Day 3 of #66daysofdata. I watched 20% of the 3rd week of AI for Everyone.

✅ Case study: Smart speaker

Very interesting class how to structure an AI Pipeline. This is about Smart speaker case.

Trigger word detection → Spech recognition → Intent recognition → Execution",0,8
1403055003443466244,1326548459210461184,rajatrc17,Thu Jun 10 18:22:34 +0000 2021,"Day 4 of #66daysofdata 
Learned to build a basic Tensorflow model
Fiddled around with tensors and operations on tensors Built a very basic regression model
Activation Functions",0,7
1403052568855580686,1179254091521941508,jasonvero,Thu Jun 10 18:12:54 +0000 2021,"Nice, thanks Twitter! 👨🏻‍💻

#66daysofdata https://t.co/WL65fjkuJS",0,18
1403050723059765248,1299710065042051073,imaatheworld,Thu Jun 10 18:05:34 +0000 2021,"#66daysofdata Day 11 [10/06/2021] I learned the basics of machine learning. I'm getting to know more about supervised learning, unsupervised learning, and reinforcement learning.
I also practice transforming data with pandas",0,4
1403038762150502402,46960309,arshaq,Thu Jun 10 17:18:02 +0000 2021,"Day 8-9 Summary:

- Plotting using plotly and cufflinks
- plotting geo data 
- Capstone project on 911 calls

#NoteToSelf:
- Plotting is prove to be something I need to work on. 

#66daysofdata",0,5
1403037218617409545,1607658019,_koredehassan,Thu Jun 10 17:11:54 +0000 2021,"Day 18 of #66daysofdata

Light day of learning

I had fun working on my housing prices kernel on @kaggle",0,11
1403035233226690563,1051512590445105152,khanh_hab,Thu Jun 10 17:04:01 +0000 2021,"D11 of #66daysofdata
- Correlated subqueries
- The DRY Principle in SQL",0,9
1403031456784424962,1065851164082634752,satriya_tegar,Thu Jun 10 16:49:01 +0000 2021,"Day 2 #66DaysOfData
Mini-course python on Kaggle
Read an article from medium about data visualization",0,6
1403016036467814405,2149586883,vperez2000,Thu Jun 10 15:47:44 +0000 2021,"#66daysofdata #R3 #Day39 by @KenJee_DS
@DataCamp DS track

Today, Bagging - Bootstrap Classification and OOB Evaluation.

I don't know why but this is really cool, I just feel very enthusiastic each time I execute accuracy_score() 😅🙌🏻💖",0,15
1403012424488345601,324583975,georgekanellos,Thu Jun 10 15:33:23 +0000 2021,"Days 59-62 (R2) of #66daysofdata by @KenJee_DS 

Went back to the drawing board! 📋📋
I revised the first lectures from the Machine learning with Python course on edX https://t.co/NjpWdQYNfu 
The next step is to pick a Kaggle competition to try out!",3,19
1403004921071345666,2352929006,akira_rafhael,Thu Jun 10 15:03:34 +0000 2021,"Day 55 : Learned Continuous Distribution

#66DaysOfData",0,15
1403003914711044107,1362442599747870721,art9793,Thu Jun 10 14:59:34 +0000 2021,"D43-46 #66daysofdata @KenJee_DS
Completed the #Statistics with #Numpy module of the Analysing #Data with #Python skill path!
Next up is the #Pandas
Module!

Also been preparing for a super important Interview for a promotion which is tomorrow  :)
#DataScience #DataAnalytics",4,16
1403001652290883587,1363855621628465153,korasaju_a,Thu Jun 10 14:50:35 +0000 2021,"Day 9 of #66DaysofData (R2) with @KenJee_DS 

•Learned how to create Temporary Tables and perform Multi-Step Queries on MySQL — used my knowledge to Analyze Top Website Pages/Entry Pages from a dataset.",0,27
1402967966854098945,1008234306609741824,ShenghongZhong,Thu Jun 10 12:36:43 +0000 2021,"Recently it's quite popular.... 

Telling me without telling me you're a data scientist...

#DataScience #66daysofdata",2,5
1402925044800569349,1356609984163889154,jo_grammer,Thu Jun 10 09:46:10 +0000 2021,"Day 22 R2 #66daysofdata 

Read chapter on privacy &amp; ethics from MIT Press essentials: Data Science by John D. Kelleher. 

Also did some EDA &amp; viz of LA museums data.

There's some interesting data on: https://t.co/hUtCMT8QeJ",0,15
1402917515337027586,32453704,anyachocolat,Thu Jun 10 09:16:15 +0000 2021,"Day 60 of #66DaysOfData:
- still learning numpy. it's taking me more time than pandas",0,17
1402904165471432709,1324652185964204033,meyke9976,Thu Jun 10 08:23:12 +0000 2021,"Day 149 of #66daysofdata by @KenJee_DS 
I have been checking out notebooks that use time series analysis... ⌛️⏳⌛️⏳",0,22
1402892292835491840,86625337,vivcheny,Thu Jun 10 07:36:01 +0000 2021,"Day 1: signed up for #WaiPRACTICE with @RLadiesDublin

Thought about this for few days if I have time for this while also doing my final project. I guess I convinced myself to say yes knowing how difficult it's going to be for my time management 😂
#66daysofdata",0,7
1402886273040326656,1137782574036635649,thedataprof,Thu Jun 10 07:12:06 +0000 2021,"Hi friends, I just published in @TDataScience How to Build an AutoML App in Python https://t.co/fLWWY0NIc2 

#66daysofdata #100daysofcode #datascience #automl #machinelearning #python https://t.co/SPr9rwdAci",43,55
1402858020091183105,16229037,elviajeligero,Thu Jun 10 05:19:50 +0000 2021,Day 5 and 6 of #66daysofdata: Finished my Taylor series homework. @SymPy is such a badass tool. https://t.co/AxEYxdJGjH,0,7
1402842774781661186,1276070101196795904,thinam_,Thu Jun 10 04:19:15 +0000 2021,"💡Implementation of The Generator Block and Pokemon Dataset.

📔Notebook: https://t.co/XVPSzP0AO9
📚 Dive into Deep Leaving : https://t.co/4vpKQHzkRz

#66daysofdata #machinelearning #deeplearning https://t.co/TcyHj4eDqE",0,12
1402839626037948425,1369840035726581766,DustinVo10,Thu Jun 10 04:06:45 +0000 2021,"Day 16 #66daysofdata 06/09/21
Continue pre-processing data",0,18
1402838530259402752,1301025989359788033,AMuktineni,Thu Jun 10 04:02:23 +0000 2021,"Days 16-20 of #66daysofdata Round3

Earned a Statement of accomplishment for completing Supervised Learning with 'scikit-learn' @DataCamp @KenJee_DS 

https://t.co/Y7IrFt2tpk",1,12
1402829222121459712,2238460753,KennethB23,Thu Jun 10 03:25:24 +0000 2021,"Completed day 25 of #66daysofdata by writing lots of SQL queries from practice exercises. Today's focus was on a combination of statements learned to date... INSERT INTO, CREATE TABLE, IF NULL(), COALESCE() and JOIN just to name a few.",0,10
1402820607562092546,2149586883,vperez2000,Thu Jun 10 02:51:10 +0000 2021,"#66daysofdata #R3 #Day38 by @KenJee_DS
@DataCamp DS track

On Bias Variance Trade-Off and Ensemble Learning - Voting Classifier, the last a new concept for me!",0,13
1402815919198511106,734167027997347842,_liamconnors,Thu Jun 10 02:32:32 +0000 2021,Day 24 of #66daysofdata - started the classification chapter in Hands-On Machine Learning,1,18
1402803693129506822,1392958037497892871,AntoneEvansJr,Thu Jun 10 01:43:57 +0000 2021,"#Day31 of #66DaysOfData by @KenJee_DS 
How do we mitigate unfairness in our data? Extra extra read academic papers (my day)! It's no surprise this question has been studied by individuals for years. There are 3 approaches I've found in my reading pre- in- and post-processing.👇🏾 https://t.co/EvuK0sigQ9",0,9
1402797446615470086,1179254091521941508,jasonvero,Thu Jun 10 01:19:08 +0000 2021,"Day 39 - of #66DaysOfData
Day 19 - of #66DaysOfRunning

While moving through my studies, an idea for a project came to mind. As part of that project, I will be building a Twitter web scraper.

I have just applied for Twitter Developer credentials to receive access to their API.",0,22
1402791871940763650,406512519,rohan_kumawat,Thu Jun 10 00:56:59 +0000 2021,@elise__chin @KenJee_DS Welcome to the #66daysofdata community♥️🌈,0,4
1402786658941083654,25925939,Dataenergy_DS,Thu Jun 10 00:36:16 +0000 2021,"Day 32: working on NoSQL databases using Robo 3T and learning about Google's Big Query

#66daysofdata",0,8
1402785835909591044,2384674350,WoleAdewumi,Thu Jun 10 00:33:00 +0000 2021,D24: Learnt how to create new tools using shell scripts #66daysofdata,0,10
1402765675895181313,101522789,augusto_dn,Wed Jun 09 23:12:53 +0000 2021,"Day 7 of #66daysofdata RNN basic concepts.
🔹RNN architectures are good candidates for sequential data: weather forecasts, stock market predictions and even with written and spoken language, among others.
🔹Since it incorporates a feedback loop, values can rise uncontrollably. https://t.co/PSh6GNEIh7",0,6
1402748901413867521,3435986734,ImprovingSlowly,Wed Jun 09 22:06:14 +0000 2021,"Day 9 of #66daysofdata

We started our study group for Automate the boring stuff today 🥳",0,4
1402748152977952788,929998650,KehalHoussem,Wed Jun 09 22:03:16 +0000 2021,"Day 3⃣2⃣:

I examined some notebooks on @kaggle to get inspiration and learn some new approaches and techniques 😁.

https://t.co/whjAW1s5uj

#66DaysOfData #MachineLearning #data",1,3
1402744262148739083,1389606414474227715,Nobre_Lucas18,Wed Jun 09 21:47:48 +0000 2021,"#66daysofdata, day 17:

Today I got carried away with Machine Learning 🥰. I studied about the types of machine learning: Supervised, Unsupervised, Semi-supervised and Reinforcement Learning.",0,5
1402740917518340101,1353036098201595912,rpmandrekar,Wed Jun 09 21:34:31 +0000 2021,"Day 0 of #66daysofdata with @KenJee_DS
Finished the introduction Playlist of ""first principles of computer vision"" by Prof. Shree Nayar. 
Learnt what computer vision is, what it is used for and the basics about how humans see and how computer vision can edge human vision.",0,20
1402730978049617921,901324520346091520,Sanskar1531,Wed Jun 09 20:55:01 +0000 2021,"day 44 of #66daysofdata 
Watched video from Google I/O conference playlist on vertex AI by Google. Also did some quizzes on git.",0,4
1402713246780465156,1392381742317703168,moondaawg,Wed Jun 09 19:44:33 +0000 2021,"#Day9 of #66daysofdata 
Struggled a lot today.Spent most of my day trying to get back my data from my drive D which got unallocated. Hoping to recover it back soon.

Managed to study introduction to Machine Learning.
NEVER STOP LEARNING!
#motivation #machinelearning #datascience",1,10
1402712793225207809,406512519,rohan_kumawat,Wed Jun 09 19:42:45 +0000 2021,"Day 18 of #66daysofdata 
I published another blog today💙.
I started compiling my Computer Vision notes✌️🏻.

https://t.co/aaP525Bs8s",0,4
1402688140029083648,1352186511433805824,balalaikagrunge,Wed Jun 09 18:04:47 +0000 2021,"Day 33 of #66daysofdata
Cleaned the notebook for feature importances and RFE rankings. Made the graphs easier to read and prettier. Wrote some more functions for pre-processing. Still trying to debug a little piece of code for hyperparameter tuning.",0,12
1402687366565924864,554435225,hmatalonga,Wed Jun 09 18:01:43 +0000 2021,"Day 60 of #66DaysofData. One of my models continues to fare well in the @numerai tournament earning its first silver medal.

#DataScience #MachineLearning https://t.co/9nrbK8G634",1,17
1402681128356483074,1326548459210461184,rajatrc17,Wed Jun 09 17:36:56 +0000 2021,"Day 3 of #66daysofdata 
Just a video explaining Adaboost for today. 
Had a busy day!",0,5
1402680150714503169,1299710065042051073,imaatheworld,Wed Jun 09 17:33:03 +0000 2021,"#66daysofdata Day 10 [09/06/2021] 
I learned transforming data with pandas",0,5
1402679896346796034,1322620958327255040,Datavisz,Wed Jun 09 17:32:02 +0000 2021,Day 64 of #66daysofdata: Revised Decision tress from ISLR.,0,8
1402676673368236037,1266599735881687040,ChinWuChen1,Wed Jun 09 17:19:14 +0000 2021,D56 #66daysofdata - took it easy and did some gentle reading ☺️,0,12
1402674664439156738,1607658019,_koredehassan,Wed Jun 09 17:11:15 +0000 2021,"Day 17 of #66daysofdata

Read chapter 7 of ""Hands on Machine Learning with Scikit-Learn, Keras and Tensorflow""

Also continued exploring the kaggle housing prices dataset",0,6
1402667718554230784,1065851164082634752,satriya_tegar,Wed Jun 09 16:43:39 +0000 2021,"Day 1 #66DaysOfData
learning machine learning course in Coursera
I hope this journey gonna be amazing https://t.co/gkL8Cf4GMN",0,4
1402666708544933897,993972652279844864,francomanca93,Wed Jun 09 16:39:38 +0000 2021,"Day 2 of #66daysofdata. I finished watching 2nd week of AI for Everyone by @AndrewYNg

✅ Workflow of a MACHINE LEARNING project and DATA SCIENCE project
✅ Every job function needs to learn how to use data
✅ How to choose an AI project (2 Parts)
✅ Working with an AI team.

🧵",1,16
1402660727668674563,1670570930,gauravgulati9c,Wed Jun 09 16:15:52 +0000 2021,"Progress Update!
Day 10, 11 - Learnt about the Multi armed bandit problem. It's indeed interesting. Will be practically implementing it soon.

#66daysofdata #MachineLearning",1,9
1402655077966417922,1356609984163889154,jo_grammer,Wed Jun 09 15:53:25 +0000 2021,"Day 21 R2 #66daysofdata
Quite the hectic week

- 365 DS course:

Multiple Regression with StatsModels

- Intro to Feature Engineering:

Improve a model’s predictive performance
Reduce computational or data needs
Improve interpretability of the results

👇

https://t.co/duvsFtyA7S",0,12
1402654898634694660,1363855621628465153,korasaju_a,Wed Jun 09 15:52:42 +0000 2021,"Day 8 of #66DaysofData (R2) with @KenJee_DS 

•Learned the use of COUNT — CASE WHEN statement on MySQL as a substitute for Pivot on Excel 
•Analyzed Traffic Data, Bid Optimization and performed Trend Analysis on a certain dataset using MySQL.",0,15
1402650480837230594,1294630545490456578,AbdGeeky,Wed Jun 09 15:35:09 +0000 2021,Working on a dataset. #66DaysofData Tweet Dataset so that we can analyse real twitter data that we created and get insights of what others are learning and many more?? Stay tuned to get access. If you want the dataset when its done. Just Reply Below 👇👇,0,3
1402650428677005318,1240953896,asvn90,Wed Jun 09 15:34:56 +0000 2021,"Day 17+18 of #66DaysOfData with @KenJee_DS 

Figured out how to use pivot tables in Pandas. Also did some basic data analysis using the data of @365datascience's Excel pivot table training. Next: make a dashboard in @streamlit that is similar to the pivot table slicer in Excel 💪 https://t.co/nT0ZSF6Vxe",0,12
1402643830898188295,2352929006,akira_rafhael,Wed Jun 09 15:08:43 +0000 2021,"Day 48-54 : Working on assignments and preparation for final exams. I didn't feel like want to learn DS this week, to be honest. Finally all of my assignments and exams is done. For today :
* Reviewed Discrete Distribution on Udemy
* Watched @freeCodeCamp's video

#66DaysOfData",0,6
1402633304646381577,1339234622001926144,HolGiga,Wed Jun 09 14:26:54 +0000 2021,"Day 4 of #66daysofdata 
Completed Intro to machine learning course from kaggle. it’s super interesting! Feel good to realise how Decision Tree and Random Forest work. 😄
Btw just watched a video released by palantir to demo its new system, the power of AI is shocking.",0,5
1402607060341174275,1385222817323618305,elise__chin,Wed Jun 09 12:42:37 +0000 2021,"Day 1 - Start of my Data Science journey

Summer holiday is starting ☀️ and I’m excited to take up the #66DaysOfData challenge by @KenJee_DS! Looking forward to deepen my skills and learn new things about data everyday!",1,24
1402571762164895745,1137782574036635649,thedataprof,Wed Jun 09 10:22:21 +0000 2021,"I just published ""Data Influencers to Follow on LinkedIn"" in the Data Professor publication on @Medium  https://t.co/3dPwqhhtvx 

#66daysofdata #100daysofcode #data #datascience #linkedin #dataprofessor https://t.co/WL4K9TOYnN",4,10
1402557586256412672,1324652185964204033,meyke9976,Wed Jun 09 09:26:01 +0000 2021,"Day 148 of #66daysofdata by @KenJee_DS 
I am getting my hands dirty with the product dataset. 👐I also read an article about the different kinds of distributions... I want to create some time next week to dive into this a bit further.",0,16
1402546809566896131,32453704,anyachocolat,Wed Jun 09 08:43:12 +0000 2021,"Day 59 of #66DaysOfData:
- continued practicing with numpy",0,20
1402531099096629249,1306505184911208453,mt0rm0,Wed Jun 09 07:40:46 +0000 2021,"Day 1 Round 2 of my #66daysofdata: I learned how to split fields and use context filters in @tableau. Plus reviewing affine transformations, isomorphism in Rn, sequences and limits.",0,15
1402496056542351361,1361227694889967616,dataQueen_pend,Wed Jun 09 05:21:31 +0000 2021,"@mt0rm0 Congrats Mario! 🍾🎉🎊 And I'm happy, that you will stay with us and continue this amazing challenge 😊. It's great to have you here. We are really building an amazing #66daysofdata #DataScientists community 🙌.",0,5
1402488512717406208,1253747806088683523,SolCatv2,Wed Jun 09 04:51:33 +0000 2021,"#66DaysOfData #Day3

Still working in the bioinformatics tutorial

Maybe it's a little out of context but i will start to study Arduino too and i'm super excited! I'm thinking of update this journey too.",0,6
1402486407835230209,1369840035726581766,DustinVo10,Wed Jun 09 04:43:11 +0000 2021,"Day 15 #66daysofdata
Learn about intergrating server, sql, python and start a small project",0,8
1402485106766344193,1391911205829181440,colin_carman,Wed Jun 09 04:38:01 +0000 2021,Day 40 of #66daysofdata: Ive really been trying to continue on with the Google Cert. But I am also getting an itch to try something new. Setting that aside for the week and starting the Titanic competition on @kaggle Following the tutorial and hopefully picking up some python too,0,7
1402475946020536327,1276070101196795904,thinam_,Wed Jun 09 04:01:36 +0000 2021,"✅Implementation of Updating Generator and Training Function. 

📚 Dive into Deep Leaving : https://t.co/4vpKQHzkRz

#66daysofdata #MachineLearning  #DeepLearning https://t.co/jKNcxraeYa",0,4
1402474583089766402,406512519,rohan_kumawat,Wed Jun 09 03:56:11 +0000 2021,"I just published Stemming | NLP Series Part 3 https://t.co/aaP525Bs8s 

#25DaysOfML #66daysofdata",1,9
1402474084387147777,2238460753,KennethB23,Wed Jun 09 03:54:13 +0000 2021,"Day 24 of #66daysofdata complete. 

Today was my intro tutorial to SQL JOIN. Good lessons on INNER, FULL, LEFT &amp; RIGHT JOIN. 👨🏾‍💻",0,4
1402448931624214534,1179254091521941508,jasonvero,Wed Jun 09 02:14:16 +0000 2021,"Day 38 - of #66DaysOfData
Day 18 - of #66DaysOfRunning

Today, I utilized conditional statement in Pandas to isolate and return a list of values.

I am also brainstorming ideas for my first project, utilizing concepts I have studied since the start of this data science journey.",0,18
1402445897640853512,969343076442542081,JaimeAAvendano,Wed Jun 09 02:02:12 +0000 2021,"Day 19/20: R2 of #66DaysofData 

This week's spark course had more information about how boosting algorithms work. Still have some videos to finish going through. 

But tonight I'm enjoying #Sliced. Very entertaining!",0,15
1402429648793919494,1392958037497892871,AntoneEvansJr,Wed Jun 09 00:57:38 +0000 2021,"#Day30 of #66DaysOfData by @KenJee_DS
It's day 30! When talking about Fairness, how do we measure it? Who determines what's fair? Where should we check for fairness in our pipeline? Mary Reagan and Kate Crawford videos bring great insight into this topic. 👇🏾 https://t.co/lkpiR5GBpx",0,12
1402422532104503301,2384674350,WoleAdewumi,Wed Jun 09 00:29:22 +0000 2021,D23: Learnt how to make perform batch processing using shell scripts #66daysofdata,0,12
1402421163926695936,101522789,augusto_dn,Wed Jun 09 00:23:55 +0000 2021,"Day 6 of #66daysofdata CNN with pure TensorFlow:
✅ Why is helpful to extract features.
✅ Why Pool Activations compress data.
✅Example:
    - [convo, relu, max pool]
    - Fully Connected Layer
    - dropout regularization
    - Fully Connected Layer with SoftMax activation",0,14
1402411753942568963,1339234622001926144,HolGiga,Tue Jun 08 23:46:32 +0000 2021,"Day 3 of #66daysofdata 
Just read a good article about how to start learning data science. 
Kaggle offers plenty of micro courses and the point is that they’re all free😆
It’s time to dive in and enjoy!

https://t.co/1uSE8JGdq9",0,6
1402404972495519745,25925939,Dataenergy_DS,Tue Jun 08 23:19:35 +0000 2021,"Days 30 and 31: Learning about NoSQL databases, MongoDB, the MongoDB Query Language and Robo 3T (a MongoDB GUI)
#66daysofdata",0,9
1402390824919388163,929998650,KehalHoussem,Tue Jun 08 22:23:22 +0000 2021,"Day 3⃣1⃣:

Returning back to Kaggle, I'm practicing on the dataset of Tabular Playground of June.

#66DaysOfData #MachineLearning #DataScience",1,9
1402388121950511105,3435986734,ImprovingSlowly,Tue Jun 08 22:12:38 +0000 2021,"Day 8 of #66daysofdata

BOOOOOOOOOO didn't get much done aside from learning a bit more about open source projects...",0,7
1402376936589045762,1326132466055323655,Nonyedollars,Tue Jun 08 21:28:11 +0000 2021,"While I haven't been updating on here, I've been working. I finally earned my Google data analytics certificate today🥳. I am going to start the #66daysofdata again.",0,6
1402360734785232897,1392381742317703168,moondaawg,Tue Jun 08 20:23:48 +0000 2021,"#Day8 of #66daysofdata 
Been a busy day, managed time to wrap up python basics. Read some blogs on how data works in sports and how we can make the most out of humongous data for prediction and fan engagement.

#sportsanalytics #DataScience #sportsprediction",0,7
1402359214681505793,1389606414474227715,Nobre_Lucas18,Tue Jun 08 20:17:46 +0000 2021,"#66daysofdata, day 16:

Not a very productive day when it comes to Data Science. End of term at college. However, I started reading the book Hands-on Machine Learning with Scikit-Learn, Keras &amp; TensorFlow.",0,10
1402350338418511872,901324520346091520,Sanskar1531,Tue Jun 08 19:42:29 +0000 2021,"day 43 of #66daysofdata 
Looked into version control and project management today (Git and Jira). Went through some basic terminologies and created sample repo to test out extra git commands.",0,14
1402342358335819777,1649054340,a_escontrela,Tue Jun 08 19:10:47 +0000 2021,"#66daysofdata is a great community, your tweets encourage me to keep going and learned a lot from you too. I'll probably do a second round in a while, but first I want to review some concepts and planning what to focus on next.",0,8
1402340571520409610,1649054340,a_escontrela,Tue Jun 08 19:03:41 +0000 2021,"66 #66daysofdata today I watched some videos to understand how to set up a Spark cluster with AWS and with that I finished this round. 

This time I focused more on data Eng tasks and I managed to build a few mini-projects related to ETL pipelines on-premise and on the cloud 🤓 https://t.co/uUQ1fU5ay7",0,21
1402331443351724037,2149586883,vperez2000,Tue Jun 08 18:27:24 +0000 2021,"#66daysofdata #R3 #Day37 by @KenJee_DS
@DataCamp DS track

Start with Machine Learning🌲Tree-Based Models.
.
I'm so close to finishing the DS with #Python track🧘🏻‍♀️
#BreatheIn #BreatheOut",1,15
1402320805736845315,1299710065042051073,imaatheworld,Tue Jun 08 17:45:08 +0000 2021,"#66daysofdata Day 9 [08/06/2021]
Today I took python programming assessment. The results led me to learn more about foundations for writing efficient python code. I practiced using enumerate(), map(), &amp; numpy arrays. I also learned to compare runtimes between different approaches",1,5
1402317748479348737,397272525,shatandv,Tue Jun 08 17:32:59 +0000 2021,"Thank you, everyone, for the well wishes and encouragement :) I will be posting diverse learnings from time to time, then. When I'm a bit freer, I'd love to do another #66DaysOfData round!",0,11
1402316144988598273,1607658019,_koredehassan,Tue Jun 08 17:26:37 +0000 2021,"Day 14 of #66daysofdata 

I watched a couple of videos on data visualization by @kirill_eremenko 

Day 15:

I read an article on how stacking can improve model performance 

Day 16:

I created my first @kaggle kernel and began to explore the housing prices competition dataset",0,7
1402314452750548993,1306505184911208453,mt0rm0,Tue Jun 08 17:19:53 +0000 2021,"Now, unfortunately, I have to make up for the time I have been traveling and need to put some more work hours today, so it's going to be a long long night. See you all tomorrow with a brand new round of #66daysofdata :) (5/5)",0,8
1402314443057512448,1306505184911208453,mt0rm0,Tue Jun 08 17:19:51 +0000 2021,"The 66th day of my #66daysofdata has been very special. First, I'm finishing my first round, and that's already great. And second, I had to fly back today to VLC for some annoying bureaucracy (so, perfect excuse for seeing my parents again since 1,5 years ago) (1/5)",0,29
1402309577887174658,1352186511433805824,balalaikagrunge,Tue Jun 08 17:00:31 +0000 2021,"Day 32 of #66daysofdata
Split my machine learning model notebook into several notebooks - pre-processing, EDA, base models, dimensionality reduction and hyperparameter tuning. Cleaned up the code and documented it  Pulled out some new features from the dates.",1,16
1402304414493278208,1326548459210461184,rajatrc17,Tue Jun 08 16:40:00 +0000 2021,"Day 2 of #66daysofdata 
Learned Tenors and operations on Tensors
Recurrent Neural Networks
Brushed up some SQL operations",0,5
1402281631415779339,232069724,rahul40patel,Tue Jun 08 15:09:28 +0000 2021,"Day 15, 16 &amp; 17 of #66DaysOfData

Started a course on ""Statistics - A Full University Course by Monika Wahi""

Section 1.1, 1.2, 1.3 completed

@KenJee_DS",0,14
1402278007306346505,71251893,MirceaMesesan,Tue Jun 08 14:55:04 +0000 2021,"Day 34 of #66DaysOfData. Some exercises using pandas indexing, selecting &amp; assigning. Pure fun 😊.",0,12
1402273650473062405,1391911205829181440,colin_carman,Tue Jun 08 14:37:45 +0000 2021,Day 39 of #66daysofdata: continued on with course 5 in the Google Cert. Also starting a blog over on Blogger. Mostly just a way to explain the concepts I'm learning. But for those interested I'll post a link when I get it finished.,0,11
1402267026769518595,1347561005329514498,sydteo,Tue Jun 08 14:11:26 +0000 2021,"Day 21,22 of #66daysofdata 
This week will be busy w submissions again so i’m putting my project on hold and doing some sql practices on hackerrank! small baby steps everyday!",0,19
1402255953089736714,446941538,walidwazini,Tue Jun 08 13:27:26 +0000 2021,"@Twitter Hope you can add features where we can classify our bookmarked tweets, just like in instagram's and Fb's 'Bookmark'. 
There's a lot of knowledge shared here, improving that will help us.
#100DaysOfCode #66DaysOfData",3,6
1402251677978165248,2588345408,paulr_rohan,Tue Jun 08 13:10:27 +0000 2021,"How GANs work ( Generative Adversarial Networks )

#DataScience #MachineLearning  #100DaysOfMLCode #Python #DataScientist #66daysofdata #Statistics  #pandas #programming #ArtificialIntelligence #Data #DataAnalytics #maths #DeepLearning https://t.co/u98O1OUurC",8,4
1402235961745063939,1324652185964204033,meyke9976,Tue Jun 08 12:08:00 +0000 2021,"Day 147 of #66daysofdata by @KenJee_DS 
Continued the EDA on the product dataset... I have a lot of categorical and nominal features. I am really curious if I can create a classifier to auto classify the products based on their features. To be continued...",0,20
