tweet_id,user_id,user_name,created_at,full_text,retweets,favorite
1329533519811506176,1327737682164846592,aysnrdurak,Thu Nov 19 21:14:27 +0000 2020,Day 3 of #66DaysOfData today ı continue the tensorflow course and totally ı watch 20 videos. I think this course will end tomorrow,0,0
1329506713318215680,1320782511748927489,NoahHorsleyDS,Thu Nov 19 19:27:56 +0000 2020,"I'm working on a predictive model that, given the right combination of parameter values, can produce an exponentially large target value. The features themselves are uniformly distributed. So far, it has been challenging to greatly reduce MSE or even MAE.

Day 22 of #66daysofdata https://t.co/f5pHdBNi5l",0,0
1329500213640384514,1308392951949725697,chanmantweeter,Thu Nov 19 19:02:06 +0000 2020,Day 2 of #66daysofdata - more @tableaupublic learning on @365datascience - learning about joins and blending data. There really is no substitute for following along in your own workbook whilst watching the videos! Also refreshed myself on the @pandas_dev micro-course on @kaggle,0,0
1329498895303413761,959045924705026048,bhuvane73039768,Thu Nov 19 18:56:52 +0000 2020,Day 5 of  #66daysofdata I learnt two interesting things today-A. How to replace 2 NAs in the same column with 2 different values. B. “How outliers helped defeat Cholera”- podcast by linear digression in Spotify,0,0
1329492938158587908,1319794636915761152,kenwongkaien,Thu Nov 19 18:33:11 +0000 2020,"Day 26 of #66daysofdata:
Learned the concept of LSTM networks.
https://t.co/FGaX2oC4JR",0,1
1329492171712434177,3035877464,amansharma2910,Thu Nov 19 18:30:09 +0000 2020,"Day 9 of #66daysofdata:

Learned face detection and face recog using @opencvlibrary. Then read a bit about neural style transfer and other DL stuff.

Tomorrow will be book-reading day. Gotta prepare for a book club meeting that I'll be heading.

#DeveloperStudentClubs #BookClub",0,1
1329477982558236673,1258031380136509441,thatshutterboi,Thu Nov 19 17:33:46 +0000 2020,"Day 5 of #66daysofdata and today I made a Classifier that can classify a patient having Pneumonia or not by looking at the chest X-ray. It was fun to do and helped me a lot in practicing the @TensorFlow concepts that I had learnt.
#DeepLearning #TensorFlow #Data #MachineLearning",0,2
1329467527798218752,1281890679052857346,ShrutiJ87241031,Thu Nov 19 16:52:13 +0000 2020,"Great initiative by @KenJee_DS
 for upskilling your knowledge 
  Day 4: #66daysofdata 
 - Cross join 
- Joining two table using Join
- Tip and trick of using Join",0,2
1329462734497349632,285723440,geekanvesh,Thu Nov 19 16:33:10 +0000 2020,"Day 66 of #66daysofdata 
Completed @kaggle #MachineLearning 
Thanks @KenJee_DS for sharing the idea of building #Data habit and networking with like minded folks on the path
#StillSoMuchToLearn",1,3
1329430539082862597,264448841,Studawsonstats,Thu Nov 19 14:25:14 +0000 2020,Learning about @ThePSF on @superdatasci for day 24 of #66daysofdata,0,0
1329336155196669952,1244281058255704070,ShibiAkino,Thu Nov 19 08:10:11 +0000 2020,"Day 4 of my #66daysofdata 
Doing a back track of my Data Structure and Algo class. This is way much better than the ""throwback thursday photo"" thing. I am on my Traversal and Insertion class. To become a Data Scientist, it is good to understand how data are being allocated 😁😌",0,2
1329323088023089154,1295257646426214402,innovatesystem1,Thu Nov 19 07:18:16 +0000 2020,"Programing languages!
Comment with more languages below 😊

Learn about these languages at https://t.co/T0lWreaFHO

#100DaysOfCode #programing #coding #python #datascience #javascript #66daysofdata #WomenWhoCode #AI #ML #iNovatesystems #Fleets #honktwtselfieday #kimberlyloaiza https://t.co/Xr0HC1oe6A",35,8
1329287923875803137,2212129783,sam_jwalsh,Thu Nov 19 04:58:32 +0000 2020,"#66daysofdata 
Day 2:
-Finished part 1 of 5 in my SQL course
-Learned more in depth about bias/variance tradeoff in my Econometrics class",0,0
1329286482029252608,1281890679052857346,ShrutiJ87241031,Thu Nov 19 04:52:48 +0000 2020,"Forgot to post about my yesterday's update on #66daysofdata so here it is
Day 3:  using WHERE  and JOIN clause together .
(Busy day but  can take few minutes to learn something new 🤭🙂",0,2
1329285625472815104,2771098682,pigglymichele,Thu Nov 19 04:49:24 +0000 2020,"DAY 29 of #66daysofdata 

🤭 finally finished unit 3 of tableau. Learned to build bar in bar charts, bullet graphs and did practice problems for the entire unit. 

😭 someone told me he finished the tableau course in a week and here I am only half way done 

#tableau",1,0
1329272819285331968,45938414,KiInoue,Thu Nov 19 03:58:31 +0000 2020,"Day31 of #66DaysOfData: is there a more robust package than the libraries that comprise Tidyverse?  Still trying to get used to magrittr and pipe, %&gt;% operators. R",0,0
1329268654349955074,1316026606880604161,isaac_sarver,Thu Nov 19 03:41:58 +0000 2020,Day 34 of #66daysofdata: Reading sentiment analysis notebooks on Kaggle!,0,1
1329244942447861762,1332613548,imkeller_5,Thu Nov 19 02:07:45 +0000 2020,Day 30 of #66daysofdata! Kinda got lost in time. So I just read in the data-8 book and finished it. But don't feel that I take too much from just reading because I always try to get through by speeding up without really reading.,0,0
1329218347427385347,1301248170022838274,hannahleblancm,Thu Nov 19 00:22:04 +0000 2020,Day 35 / #66daysofdata I'm attending @reworkAI 's Women in AI virtual evening,0,1
1329213808984907776,2214590456,__peagah,Thu Nov 19 00:04:02 +0000 2020,"Day 37. A bit more of hands-on on AWS.

#66DaysOfData @KenJee_DS",0,1
1329210056919937036,1327737682164846592,aysnrdurak,Wed Nov 18 23:49:07 +0000 2020,Day 2 of #66DaysOfData today I continue the course i started yesterday. I installed tensorflow and i train my first tensorflow model :). Still i hope the course will end in the next two days.,0,0
1329203552313626629,1308392951949725697,chanmantweeter,Wed Nov 18 23:23:16 +0000 2020,Day 1 (cont) #66daysofdata - installed MySQL on my MacOs using @MacHomebrew and using the @365datascience instruction on their SQL course,0,0
1329199149548523528,1318596362703962119,dataleftovers,Wed Nov 18 23:05:47 +0000 2020,"Day 10 of #66daysofdata:

Watched @keithgalli 's yt video on Pandas. Thought it was one of the best DS tutorial videos I've seen. The video was a great sanity check that my self taught pd habits weren't completely out there.  

Then used some lessons from the video on my own data",0,1
1329193286209179649,1327577395776299008,jwfaureDS,Wed Nov 18 22:42:29 +0000 2020,"Day 6 of #66DaysOfData

Categorical encoding

A key step in EDA for data science projects. Some approaches are

1. One-hot (my default method)
2. Count encoding
3.Leave-one-out
4. Labeling 
5. Weight of Evidence

#datascience #machinelearning #deeplearning #dataanalytics #bigdata https://t.co/q2QdrV2Mug",0,0
1329189379420672001,1308392951949725697,chanmantweeter,Wed Nov 18 22:26:57 +0000 2020,"day 1 of #66daysofdata  - going through @365datascience's great courses and found @KenJee_DS  course on getting a DS job towards the of the syllabus! This led me to his Youtube and the latest vid on this hashtag and challenge! Today on the 365 course, I worked on @tableaupublic",0,6
1329184493996019712,3207971,koder,Wed Nov 18 22:07:33 +0000 2020,"Day 34 #100DaysOfCode 1/3 finished 

Learned about Seaborn and Pokemons during my #DataScience class: 

The Ultimate #Python Seaborn Tutorial https://t.co/gsL9wb0t2K 

#66daysofdata #Pokemon https://t.co/xtAGaZnjPk",6,5
1329175983488811008,3035877464,amansharma2910,Wed Nov 18 21:33:44 +0000 2020,"Day 8 of #66daysofdata:

Was a relatively less productive day. Read a chapter of the DL book, then brushed up on some of the PyTorch concepts.

@TensorFlow is good for quick modeling, but @PyTorch is where the heart lies🙃

#data #Python #PyTorch",2,6
1329147784390270976,1071884929200340992,UchihaItachi_e,Wed Nov 18 19:41:40 +0000 2020,"Day 1 of #66DaysOfData
Completed watching videos of week 4 of the ML course by Andrew NG on Coursera and finished the quiz.",0,0
1329140549052473344,4794068541,drjlburgess,Wed Nov 18 19:12:55 +0000 2020,"Days 39/40 of #66DaysofData
Algebra: having more fun with the maths problems the last few days. Nothing too heavy.
#SQL: reading the book chapter to get a handle on it. The code for data insertion is a little cumbersome.

#GirlsWhoCode #CodeNewbie #Python #PythonBeginner",2,3
1329139128680787969,230954247,pevansimpson,Wed Nov 18 19:07:17 +0000 2020,"Most useful thing I've read today: ""Setting your commit email address in #Git""   https://t.co/CgwtlCNiBx  

 #66daysofdata #DataScience",0,0
1329128699728261120,1258031380136509441,thatshutterboi,Wed Nov 18 18:25:50 +0000 2020,"Day 4 of #66daysofdata and today I continued Learning and Implementing YOLO. After which I tried applying what I had learnt about CNNs on some Real world data sets. Hopefully I will get comfortable writing Tensorflow code real soon! Untill then, we learning!
#ML #DL #DataScience",0,2
1329121489530941441,1453368613,VivanVatsa,Wed Nov 18 17:57:11 +0000 2020,"working a django problem set.
their documentation is really cool. one of the clearest have read so far.

#Python #100DaysOfCode #100DaysOfMLCode #66daysofdata #DEVCommunity #DevCommunityIN",8,6
1329121070687739905,360668611,daniellabrito26,Wed Nov 18 17:55:31 +0000 2020,Day 24 - started working on EDA end to end on a Risk management analysis to give complete insight of data - univariate and bi-variate analysis. #66daysofdata,0,3
1329107107119939586,1319794636915761152,kenwongkaien,Wed Nov 18 17:00:02 +0000 2020,"Day 25 of #66daysofdata:
I learned to visualize the distributions of various kinds of variables.
#perseverance #NeverGiveUp https://t.co/IbdYQFNsVe",0,4
1329106286407938048,959045924705026048,bhuvane73039768,Wed Nov 18 16:56:46 +0000 2020,"Day 4 of  #66daysofdata .
Today I saw “Data science project from Scratch” videos by @KenJee_DS  learnt a lot. Thank you!",0,6
1329102332139749376,285723440,geekanvesh,Wed Nov 18 16:41:04 +0000 2020,"Day 64 and 65 of #66daysofdata 
Completed Week 3 of Mathematics for Machine Learning:Linear Algebra @coursera 
Halfway through @kaggle #MachineLearning 
#StillSoMuchToLearn",0,10
1329102203857104898,1142126360317612032,shinwei_chong,Wed Nov 18 16:40:33 +0000 2020,"Days 47-x of #66daysofdata:

Slightly overdue but this challenge deserves a 'wrap-up' tweet. Halfway through I stopped sharing daily updates  because turns out it did become an enjoyable pastime so I didn't have to rely on this as a prompt anymore!",0,0
1329085629762654208,264448841,Studawsonstats,Wed Nov 18 15:34:42 +0000 2020,"I've done some @TensorFlow learning, @tableaupublic viz work with school data and data collection from video for  PE assessment.  It would be great to do this using an athlete ID code to track the pupils. Day 23 of #66daysofdata",0,1
1329085351957200898,1244281058255704070,ShibiAkino,Wed Nov 18 15:33:35 +0000 2020,"Day 3 of my #66daysofdata 
Motivation. It is really hard to find it, knowing that there is a pandemic and lack of time doing your stuff.",0,1
1329081926943002633,1313632170007642112,olivevaw,Wed Nov 18 15:19:59 +0000 2020,D12 of #66daysofdata. Reading about NLP and how it can be very useful in my day job.,0,3
1329068608484384768,209191879,bhatnagarkush,Wed Nov 18 14:27:03 +0000 2020,"Starting long pending 66 days of data  challenge today
Day 1: Trying to understand about LSTM networks
 #66daysofdata @KenJee_DS",0,2
1329068035378876424,918457171121119233,shivamnegi404,Wed Nov 18 14:24:47 +0000 2020,"Day 21 | #66DaysofData

- Read Chapter 1: "" The Machine Learning Landscape "" of ""Hands-on Machine Learning with Scikit-Learn, Keras, and
TensorFlow: 2nd Edition"" by @aureliengeron.",0,4
1329030519309430788,1295257646426214402,innovatesystem1,Wed Nov 18 11:55:42 +0000 2020,"A food for thought 😊

https://t.co/zRVPVXYap0

#DataScience #66daysofdata #100DaysOfCode #coding #programing #python #climatechange #flattypatty #Fleets #HudumaNamba #Israeli #onlineclasses #TheBachelorette #wednesdaythought #YEDNEnvironmentKE #iNovatesystems #MySQL",14,8
1329022059385556992,1327577395776299008,jwfaureDS,Wed Nov 18 11:22:05 +0000 2020,"Day 5 of #66DaysOfData

Today was less about algorithms and math, and more about the systems I use to run all this. Spent the better part of today looking at a new laptop.

Mac or windows? 

#machinelearning #datascience #deeplearning #data #sportsanalytics #mac #pc #linux https://t.co/sxmVwvH5X0",0,0
1328967564953792512,1453368613,VivanVatsa,Wed Nov 18 07:45:33 +0000 2020,"django wasn't just a movie
not until it got unchained with python.

#100DaysOfCode #Python #Django #wednesdaythought #DataScience #66DaysofData",8,3
1328956945118744577,1295257646426214402,innovatesystem1,Wed Nov 18 07:03:21 +0000 2020,"Which more can you add?
Comment below 😊

#Database #mysql #programming #climatechange #GBBO #askJAYPARK #bachelorette #coding #DataScience #oracle #DWCS #omannationalday #Python #rtept #iNovatesystems #postgresql #coding #COVID19 #KarachiKings #yasaklar #technology #66daysofdata https://t.co/dZteSMGivh",0,4
1328941081581514763,1230211224337432576,aaronpetryio,Wed Nov 18 06:00:19 +0000 2020,"Day 58 of #66DaysOfData:
- Earned another star on @hackerrank while working on SQL practice problems!

BACK ON THE GRIND. As someone who has a hard time finishing projects, I want to make sure I finish all 66 of my days. :)",0,10
1328939143641042947,1303725429132464128,rampand25356222,Wed Nov 18 05:52:36 +0000 2020,"Day 59 of #66daysofdata. Continuing with the Coursera tutorial of tensorflow. Learnt how to load images from file and in batches when u don't have much memory to load all the images, TFRecord format to store sequence of binary records.  https://t.co/wCkopRK29a",0,5
1328925334989901825,2771098682,pigglymichele,Wed Nov 18 04:57:44 +0000 2020,"✅ DAY 28 of #66daysofdata

✨ Learned to create crosstabs and highlight tables, also heatmaps and geographic maps. A lot to remember 🤯

#tableau #dataviz",1,1
1328924340461572097,2588345408,paulr_rohan,Wed Nov 18 04:53:47 +0000 2020,"My next blog.

#DataScience #MachineLearning #100DaysOfMLCode #66daysofdata #Python 

https://t.co/8t5TykSFQf",2,0
1328913438563725312,2212129783,sam_jwalsh,Wed Nov 18 04:10:28 +0000 2020,"#66daysofdata Day 1:
-worked on a farm system analysis project of all 30 mlb teams
-began an SQL course

excited to see where this challenge takes me!",0,3
1328894988181250049,2214590456,__peagah,Wed Nov 18 02:57:09 +0000 2020,"Back to the challenge!

Day 36. Overview of AWS, focusing on S3 and SageMaker.

#66DaysOfData @KenJee_DS",0,7
1328889280895328256,1320782511748927489,NoahHorsleyDS,Wed Nov 18 02:34:28 +0000 2020,"Today I learned the ins and outs of sklearn's feature_selection library. I'm excited to test how these methods compare to the feature selection methods I already practice.

Day 21 of #66daysofdata",0,5
1328885573780602881,45938414,KiInoue,Wed Nov 18 02:19:44 +0000 2020,"Day30 of #66DaysOfData: Twitter sentiment analysis and wordcloud - my last 100 tweets/responses. 🐍

Neutral: 47
Positive: 40
Negative: 13 https://t.co/WizOyjke1e",0,5
1328882478220718081,264448841,Studawsonstats,Wed Nov 18 02:07:26 +0000 2020,Trying to do image recognition from video using @ThePSF on day 22 of #66daysofdata. I've hit a brick wall but I need to keep trying.,0,3
1328833435323002880,2527930848,joao96santos,Tue Nov 17 22:52:34 +0000 2020,"44 / #66DaysOfData
Completed the Introduction to Relational Databases in SQL by @DataCamp

• [Section 3/4] Keys and Super Keys; Primary Keys; Surrogate Keys

• [Section 4/4] Model 1:N and N:M Relationships w/ FOREIGN KEY; Referencial Integrity

https://t.co/m513lSYZMj",0,4
1328831706598662145,1318596362703962119,dataleftovers,Tue Nov 17 22:45:42 +0000 2020,"Day 8 and 9 of #66daysofdata:

I did a lot of data cleaning to make my Big Brother dataset more functional. 

I'm hopeful for what all that cleaning will allow me to do with that data.",0,5
1328829256814702597,1327737682164846592,aysnrdurak,Tue Nov 17 22:35:57 +0000 2020,"Day1 #66DaysOfData I started tensorflow course today and worked for 1 hour. I think, and i hope :), this course will end in the next 3 days.",0,0
1328774839553859584,3035877464,amansharma2910,Tue Nov 17 18:59:43 +0000 2020,"Day 7 of #66daysofdata:

Read about and implemented YOLO (it is a bit overwhelming). Then attended an awesome talk hosted by #2d3dai on feature selection using DL. 

Gonna do a bit more reading on regularization now. 

#tired #WFH #learningfromhome #DataScience #data",0,4
1328750699245518849,959045924705026048,bhuvane73039768,Tue Nov 17 17:23:48 +0000 2020,"Day 3  #66daysofdata, I learnt about filling missing values",0,0
1328747642583707651,1332613548,imkeller_5,Tue Nov 17 17:11:39 +0000 2020,Day 29 of #66daysofdata! After hours of debugging I was able to plot the speed of all the players. Trying to get back to field control soon.,0,0
1328735668013461504,1258031380136509441,thatshutterboi,Tue Nov 17 16:24:04 +0000 2020,"Day 3 of #66daysofdata - Started off the day by working on Fashion MNIST data set. Did a CNN implementation. Revised some YOLO with help of some YouTube tutorials and Tried Applying it, wasn't successful so gonna try it again tommorow! That's it!

#MachineLearning #Data #WFH #AI",0,6
1328727117949878272,1319794636915761152,kenwongkaien,Tue Nov 17 15:50:06 +0000 2020,"Day 24 of #66daysofdata:
Read an interesting article, ""Everyone Dance Now,"" on #arxiv.
https://t.co/ziC6vUZUj6",0,1
1328721599604822018,1313632170007642112,olivevaw,Tue Nov 17 15:28:10 +0000 2020,"D11 of #66daysofdata. Going through the first chapter of Practical Statistics for Data Scientists, which covers exploratory data analysis. The chapter is really dense and covers tons of concepts!",0,1
1328716223752724480,1281890679052857346,ShrutiJ87241031,Tue Nov 17 15:06:48 +0000 2020,"Data science begginer has a lot to cover but it can be done with one step at a time . #66daysofdata
  @KenJee_DS 
Day 2: 
Inferential statistics fundamental:  Distribution ,normal distribution , standardization,CLT,standard error and estimate or estimator .
💯💯",1,19
1328709055498518531,1310565371389177858,R1SE_823,Tue Nov 17 14:38:19 +0000 2020,"Day 34 of #66daysofdata 
- Finished week 7 of ML by Andrew Ng
- Started implementing neural networks from scratch",0,5
1328675750224879616,1300668324821434368,Prakhar_for_DS,Tue Nov 17 12:25:59 +0000 2020,"- I also got the wrong motive of 66 days in #66daysofdata, I thought it was for getting more and more knowledge in a certain period of time but 66 days was for consistency at least for someone who is a beginner",0,0
1328674960567484417,1300668324821434368,Prakhar_for_DS,Tue Nov 17 12:22:50 +0000 2020,"Analysis of why I failed at completing #66daysofdata  
- After completing my Introduction to python course I was not able to get any kind of data as per interests, this gave me the feeling that maybe I was not the person for DS.",0,5
1328672913147392003,1300668324821434368,Prakhar_for_DS,Tue Nov 17 12:14:42 +0000 2020,"Hello, after failing to complete my #66daysofdata, I have decided to start again and this time I want to make sure that I won't stop until I got a job as a data scientist.",0,8
1328669339931828225,1293201010840797184,r7asmu7s_en,Tue Nov 17 12:00:30 +0000 2020,"Day 43 of #66daysofdata:
Working though @keithgalli's video made me remember having knowledge over any concept was neither enough for me nor useful. I learn by solving problems, by answering questions, not just coding along, reading, watching or 'learning' a topic/technology.",0,0
1328652172305838080,1017584707,liamskop1,Tue Nov 17 10:52:17 +0000 2020,"Day 11-13 of #66DaysOfData:
Been working with #Alteryx again. This time to prepare data for a follow up on the article I released in the previous international break:
https://t.co/UQVFVgsY1h

Hoping to make this next article a bit more attractive by using #Tableau this time.",0,2
1328646739079749634,1181820120621973504,neel229,Tue Nov 17 10:30:42 +0000 2020,"Inspired by @amansharma2910 and @thatshutterboi, I will be starting #66daysofdata challenge with a slight twist. I will be doing #66daysofblockchain. I  will be posting my daily progress on twitter as well as will be writing loads of blogs on Blockchain. 

#Blockchain #blogging",0,6
1328645725660450816,1303725429132464128,rampand25356222,Tue Nov 17 10:26:40 +0000 2020,"Day 57,58 of #66DaysOfData. Learning tensorflow Took up the ""Introduction to tensorflow"" course from Coursera. Done till week2 Learnt how to load CSV, feature columns(bucketized_col, crossed col embedding_col, categorical col with hash feature, with vocabulary list), manipulating",0,8
1328607007721590784,1214799165500248066,ShivSivakumaran,Tue Nov 17 07:52:49 +0000 2020,"Day 94 of #100DaysOfCode. Day 49 of #66daysofdata.
Started on Chapter 3 of Hands On Machine Learning. I have already read through the chapter before hand. Now it's time to get practical.
#machinelearning #datascience #data #python #code #programming",22,5
1328595961187348483,375194054,ashleybee94,Tue Nov 17 07:08:55 +0000 2020,"#66daysofdata friends, I got mine! Did you? ✨📈✨ https://t.co/r3agPQpoow",0,8
1328582722109976577,1320782511748927489,NoahHorsleyDS,Tue Nov 17 06:16:19 +0000 2020,"I went down a SMOTE rabbit-hole today. Over/under sampling is a complex topic. It didn't improve model fit in the project I was working on, but I look forward to using it in the future on a more imbalanced dataset.

Day 20 of #66daysofdata",0,4
1328574693469728769,1281890679052857346,ShrutiJ87241031,Tue Nov 17 05:44:25 +0000 2020,"@KenJee_DS  
Today I have started #66daysofdata  challenge to improve my skills and learn new skills .
Day 1 of #66daysofdata :
 - SQL join Introduction 
 - SQL inner Join 
 - SQL left join 
 - SQL right Join 
-  SQL old and new join syntax 
RESOURCES: 365 DATA SCIENCE (youtube)",1,9
1328571419995869186,2771098682,pigglymichele,Tue Nov 17 05:31:24 +0000 2020,"✅ DAY 27 of #66daysofdata 

✨ only learned scatter plots today and also had a mock interview with a professional in the data science field from mightyhive. She was sooo nice 🤩

😯 I really liked the feedback she gave and hearing her experience using R and python 🐍 

#Tableau",2,5
1328557865909379072,45938414,KiInoue,Tue Nov 17 04:37:33 +0000 2020,"Day29 of #66DaysOfData: continuing with ApacheSpark basics (mainly RDDs), and got my second SQL badge on @hackerrank",0,5
1328554428970909699,1453368613,VivanVatsa,Tue Nov 17 04:23:53 +0000 2020,"Bayesian inference is smooth.
will go deep now.

#100DaysOfCode #66DaysofData #100DaysOfMLCode #Python #Data #DataAnalytics #DataScientist",6,5
1328539354298544129,1332613548,imkeller_5,Tue Nov 17 03:23:59 +0000 2020,Day 28 of #66daysofdata! Today I played around a bit with the BDB Data. Trying to plot velocities.,0,0
1328524577698312192,1059790562587492357,AvinShah_,Tue Nov 17 02:25:16 +0000 2020,"@KenJee_DS I hope, your events must be worldwide. So that, I can get some chance to get #66daysofdata t-shirt in India too.",0,3
1328510303642951680,1244281058255704070,ShibiAkino,Tue Nov 17 01:28:33 +0000 2020,"Day 2 of my #66daysofdata challenge 🔥
+ Build and Improve Logic Building in Programming
+ Go back to the basics of Data Structures and Algorithms 💡",0,0
1328456975097737216,2527930848,joao96santos,Mon Nov 16 21:56:39 +0000 2020,"43 / #66DaysOfData

Introduction to Relational Databases in SQL by @DataCamp 

• [Section 1/4] CREATE, ADD, ALTER TABLE; RENAME, DROP COLUMN; INSERT INTO SELECT DISTINCT and DROP TABLE

• [Section 2/4] CAST; ALTER COLUMN; USING; SET NOT NULL; UNIQUE and ADD CONSTRAINT",0,4
1328443317760114690,360668611,daniellabrito26,Mon Nov 16 21:02:22 +0000 2020,"Day 23 - Have been inconsistent with work load . But currently focusing on SQL from end to end . 
🔹merging and joins inner and outer , views and CTE - common table expressions in progress, Sub-queries. #66daysofdata",0,3
1328428314491461632,1327577395776299008,jwfaureDS,Mon Nov 16 20:02:45 +0000 2020,"Day 4 of #66DaysOfData

UMAP is a dimension reduction technique that allows us to see the basic structure  of  the  data  flattened  from  a  large number  of  dimensions down to 2. 

#machinelearning #datascience #deeplearning #data #sportsanalytics #bigdata https://t.co/mTo7FOWtsR",3,6
1328405003740999681,1159830350102781953,KenJee_DS,Mon Nov 16 18:30:08 +0000 2020,"Exciting #66DaysOfData news! We officially have tee shirts! 
Get yours here! https://t.co/uNlgDC0GdN
I will also be carrying a few on me to give away to people who have completed the challenge that I meet at events when the world opens up again!",0,27
1328400221898903554,1291489501844393984,_dominiquejames,Mon Nov 16 18:11:08 +0000 2020,"Whenever you learn something new, celebrate it by informing others!

You just may become a teacher in that moment of informing.

#backenddeveloper #programmingisfun #teachinginapandemic #100DaysOfCode #66daysofdata #learntocode",2,1
1328388896862969864,4794068541,drjlburgess,Mon Nov 16 17:26:07 +0000 2020,"Day 38 of #66DaysofData

SQL: learned about multi-table databases, did a quiz. Motivation ran out pretty quickly tbh. Where has it gone?? 🤷‍♀️

#GirlsWhoCode #CodeNewbie #Python #PythonBeginner #SQL",3,3
1328387181287763968,264448841,Studawsonstats,Mon Nov 16 17:19:18 +0000 2020,Day 21 of #66daysofdata updating my school data viz using @tableaupublic,0,1
1328377233845567498,1258031380136509441,thatshutterboi,Mon Nov 16 16:39:47 +0000 2020,"Day 2 of #66daysofdata : started off the day by reading some amazing research papers one of which was on Real Time Bar code detection/scanning. Also Revised some @TensorFlow Stuff today! Trying to get comfortable in DL one step at a time.

#Data  #TensorFlow #learningfromhome",1,3
1328366748056264704,1313632170007642112,olivevaw,Mon Nov 16 15:58:07 +0000 2020,D10 of #66daysofdata spent on some practice and finishing up the looping with dataframes exercises,0,0
1328363126912270336,959045924705026048,bhuvane73039768,Mon Nov 16 15:43:43 +0000 2020,Day 2 of  #66daysofdata continued working on the same data set as yesterday. Learnt about K nearest neighbor. I think I will work on the same dataset for the rest of the week. There is a lot to learn from that.,0,1
1328340346984607747,3435986734,ImprovingSlowly,Mon Nov 16 14:13:12 +0000 2020,"So I'm Oj

Not in data professionally but work on it in my spare time to improve my current work and maybe one day I'll move into the field. Just completed the #66daysofdata too

What else... @SimSci9 is my data angel. Thank you. 

@BlkInData #BlackInDataRollCall

High key hyped.",2,16
1328287366335909888,3035877464,amansharma2910,Mon Nov 16 10:42:41 +0000 2020,"Day 6 of #66daysofdata:

Feeling hella unproductive. So just gonna do some linear algebra and book reading today. 

What 'hack' do you guys use to stay productive?

#mathisfun #Data #MachineLearning",2,2
1328272851049308160,1293201010840797184,r7asmu7s_en,Mon Nov 16 09:45:00 +0000 2020,"A question to #66daysofdata community and @KenJee_DS: 
What are your priorities to consider a dataset ""clean""?",0,1
1328244165470281729,1295257646426214402,innovatesystem1,Mon Nov 16 07:51:01 +0000 2020,"Adapt and survive 😊
Strive to get knowledge and always learn.

#AMAs #66daysofdata #mondaythoughts #90dayfiancetheotherway #imacelebrity #GoPats #karlsupport #mcytartistappreciation #programimg #100DaysOfCode #coding #ML #AI #mcytartistappreciation #karlsupport #iNovatesystems https://t.co/49ebCgkAQp",0,0
1328235960585293824,3207971,koder,Mon Nov 16 07:18:25 +0000 2020,"Day 32 #100DaysOfCode 

#python Library app v1.5 - show graph function added, it generates dict out of treeview data and displays bar graph using matplotlib and pandas in new window.

#DataScience #66daysofdata #opensource https://t.co/WcqDMR4lTl",9,6
1328235868067221504,1327577395776299008,jwfaureDS,Mon Nov 16 07:18:03 +0000 2020,"Day 3 of #66DaysOfData

Tidymodels: tidy machine learning in #R

Previously I had been using caret to create some consistency for #machinelearning but found it to be slow whenever I tried to use it on problems of any kind of modest size.

#datascience #analytics #deeplearning https://t.co/JVI1r3Ch32",4,4
1328207033242320896,1291489501844393984,_dominiquejames,Mon Nov 16 05:23:28 +0000 2020,"SQL and Python are like Brazilian Jui Jitsu.

Super easy to learn the basics. Takes a lifetime to be a master.

#programming #DataScience #66daysofdata #Python #100DaysOfCode #Analytics #backenddeveloper #MachineLearning",3,1
1328194296965632000,2771098682,pigglymichele,Mon Nov 16 04:32:51 +0000 2020,"✅ DAY 26 of #66daysofdata 

✨ Started learning unit 3 today: combined axis chart and stacked bar charts. 

#data #Tableau #Datascience",2,1
1328193967440228357,1320782511748927489,NoahHorsleyDS,Mon Nov 16 04:31:33 +0000 2020,"Today was my second day working on the assessment. I reduced my train/test size to speed up model tuning. Is there a downside to doing this (i.e. model performance doesn't scale well)? What is an acceptable reduction?

Day 19 of #66daysofdata",0,7
1328193702746071043,1318596362703962119,dataleftovers,Mon Nov 16 04:30:30 +0000 2020,"Day 7 of #66daysofdata:

Reviewed and improved some of the earliest lines of code that I wrote for my Big Brother project. 

It was nice to see the growth I've made in the past three months since I started coding.",0,4
1328188653860864000,45938414,KiInoue,Mon Nov 16 04:10:26 +0000 2020,Day28 of #66DaysOfData: reading about IBM Cloudant and Apache Parquet.  Also tried to build a cognitive IoT app via IBM tutorials...couldn't get it to work.,0,4
1328180025091231744,1319794636915761152,kenwongkaien,Mon Nov 16 03:36:09 +0000 2020,"Day 23 of #66daysofdata:
Completed week 1 of the ""Using ML in Trading and Finance"" course ✌️",0,9
1328177748641271809,1316026606880604161,isaac_sarver,Mon Nov 16 03:27:06 +0000 2020,Day 31 of #66daysofdata. Trying to extract values from scanned PDFs using pytesseract OCR and then locating using regexes. Low match rate due to OCR errors is causing quite the headache.,1,5
1328173552638443522,970641039248703488,kohli_tripti,Mon Nov 16 03:10:25 +0000 2020,"Day 52-Day 53: #66daysofdata 
- read a couple of notebooks on Kaggle and started working on wine dataset",0,5
1328162664145534976,1244281058255704070,ShibiAkino,Mon Nov 16 02:27:09 +0000 2020,"Thank you, @KenJee_DS 🙌
Day 1 of my #66daysofdata progress. I've watched your youtube channel and your initiative is very helpful to beginners like me in the Data Science field. I've searched for the tools being used in the Data Science field.",2,5
1328156489861763073,1332613548,imkeller_5,Mon Nov 16 02:02:37 +0000 2020,Day 27 of #66daysofdata! Today I had an assignment due for my databases course so I learned a bit more about SQL,0,1
1328076504425771010,4794068541,drjlburgess,Sun Nov 15 20:44:47 +0000 2020,"Day 37 of #66DaysofData
I didn't expect to spend my week countering virus misinformation on twitter but such is life. Back to work.

Algebra: rate problems. I find these so hard. Why??
SQL: designing a data model. Nostalgic Microsoft Access vibes.

#GirlsWhoCode #CodeNewbie",3,3
1328066333486018562,62014349,spencermoses,Sun Nov 15 20:04:22 +0000 2020,"#66daysofdata #MachineLearning
Decision trees ideep dive. Kernels in SVMs. Bias Variance tradeoff. Regularization L1 L2. k-means clustering. k-Nearest Neighbours. Normalization vs Standardization.",2,1
1328048287098826754,1293201010840797184,r7asmu7s_en,Sun Nov 15 18:52:40 +0000 2020,"Day 41 of #66daysofdata:
Committed Fandango analysis on GitHub, instead of using seaborn as was on the tasks of the bootcamp, I went on to both learn and visualize the tasks with Plotly. I still need to work on it's .md file and heatmap at the end of the notebook.",0,0
1328037350539223040,1302704071837704197,KOrfanakis,Sun Nov 15 18:09:12 +0000 2020,"The 1st round of #66daysofdata is over for me! 🥳🥳

Thank you @KenJee_DS for starting this challenge and keeping us motivated. I would also like to thank my fellow #66daysofdata mates for the support and suggestions they have given me! See you all in the next round! 😉",0,43
1328037016722944001,1302704071837704197,KOrfanakis,Sun Nov 15 18:07:53 +0000 2020,"Days 64-66 of #66daysofdata
I finally completed my analysis for the 'Housing Prices' competition on #kaggle. It's still not 100% complete, so I would really appreciate any suggestions for improvement! You can have a look at it here:
https://t.co/yCGroPCfs0

#DataScience",0,21
1328012162938277890,959045924705026048,bhuvane73039768,Sun Nov 15 16:29:07 +0000 2020,Day 1 of  #66daysofdata started working on data taking help from Kaggle notebooks . Thank you @KenJee_DS for this initiative,0,14
1328010741128040450,1320782511748927489,NoahHorsleyDS,Sun Nov 15 16:23:28 +0000 2020,"I forgot to post yesterday. I'm in the middle of another assessment for a potential employer. None of the columns are labeled so feature engineering has been a challenge. 😅

Day 18 of #66daysofdata",0,4
1328005917716205568,264448841,Studawsonstats,Sun Nov 15 16:04:18 +0000 2020,Yet more @TensorFlow learning today on day 20 of #66daysofdata,0,1
1328003288734736390,1258031380136509441,thatshutterboi,Sun Nov 15 15:53:51 +0000 2020,"Day 1 of #66daysofdata and today was a Good start. Read some research Papers on Recommender Systems and Their Implementation using Deep Learning. Couldn't have started this any better. 

#DataScience #Data #MachineLearning #DeepLearning #66daysofdata",3,18
1327980599710085121,1319794636915761152,kenwongkaien,Sun Nov 15 14:23:42 +0000 2020,"Day 22 of #66daysofdata:
I learned Tensor Basics from this video. Awesome!
https://t.co/wm26oYscHv",0,8
1327959221963431936,3035877464,amansharma2910,Sun Nov 15 12:58:45 +0000 2020,"Day 5 of #66daysofdata:

Started off slow but back on track now. Finished a DL-NYU lecture, now gotta review some of the Linear Algebra concepts from the DL book by Ian Goodfellow. 

#Hustle #learningfromhome #DeepLearning #Data",1,5
1327919511878598660,1327577395776299008,jwfaureDS,Sun Nov 15 10:20:57 +0000 2020,"Day 2 of #66DaysOfData 

Still going at it for the Sports Tech World Series - Melbourne Hackathon.

Specific interest and investment in #xgboost and SHAP values.

#machinelearning #tech #sports #datascience #deeplearning https://t.co/ijTC8Wxbel",1,5
1327850865860853760,285723440,geekanvesh,Sun Nov 15 05:48:11 +0000 2020,"Day 62 and 63 of #66daysofdata 
Completed Week 2 of Mathematics for Machine Learning:Linear Algebra @coursera",1,6
1327839186850869248,1316026606880604161,isaac_sarver,Sun Nov 15 05:01:46 +0000 2020,Day 30 of #66daysofdata: Reproducing some basic BERT usage examples from the Udemy course in Google Collab,0,9
1327836614530387979,2771098682,pigglymichele,Sun Nov 15 04:51:33 +0000 2020,"✅ DAY 25 of #66daysofdata 

✨ woke up at 7:30 for the first time in months 

🤩 Finished unit 2 today! Learned about discrete and continuous fields and did the practice review problems. I find color coding my notes so helpful.

#data #tableau #Analytics https://t.co/k9VrRNY4Ge",3,2
1327834462902657024,1303725429132464128,rampand25356222,Sun Nov 15 04:43:00 +0000 2020,"Day 56 of #66DaysOfData. Started learning tensorflow today. Learnt constants, variables, different math methods, gradient tape, Ragged tensors, Sparse tensor and indexing, reshaping, changing data types of tensors.",0,8
1327806684014596098,1291489501844393984,_dominiquejames,Sun Nov 15 02:52:37 +0000 2020,"@KenJee_DS 

Thanks for #66daysofdata 

It was a wonderful experience. 

On another note,

How do you think DS will contribute to helping with 
#COVID19 relief in the coming months?

#justcurious #Covid_19 #LongCovid",0,3
1327802721433477121,1332613548,imkeller_5,Sun Nov 15 02:36:52 +0000 2020,Day 26 of #66daysofData! Looked a little bit into the field control idea. Got a bit more comfortable with the BDB data and got a little bit of a reminder about regex in.,0,1
1327786972698480640,45938414,KiInoue,Sun Nov 15 01:34:18 +0000 2020,"Day27 of #66DaysOfData: reading up on activation functions for neural networks, and popular boosting algorithms like AdaBoost and Gradient Boosting.",0,2
1327701443650998273,1318596362703962119,dataleftovers,Sat Nov 14 19:54:26 +0000 2020,"Day 6 of #66daysofdata:

First weekend during this project. I kept it light and just did some readings. 

I read part 1 and 2 of this series on the relative strengths and weaknesses of Pandas and Spark.

Tomorrow I hope I can finish cleaning my Big Brother cast dataset. https://t.co/oVK769NqdX",0,2
1327685128441610240,3035877464,amansharma2910,Sat Nov 14 18:49:36 +0000 2020,"Day 4 of #66daysofdata :

Read the DL book, went through some of the DL-NYU course material by @ylecun and @alfcnz (the course is AWESOME!!), and did some Flutter app dev. 

This challenge is productive!📈

#deeplearning #flutterdev #learningfromhome",0,15
1327682205804539906,2149586883,vperez2000,Sat Nov 14 18:37:59 +0000 2020,"@ashleybee94 I love @NotionHQ and the template is wonderful, certainly, I will use it to n the second round of #66daysofdata",0,2
1327627142033596417,1310565371389177858,R1SE_823,Sat Nov 14 14:59:11 +0000 2020,"Day 27-33 of #66daysofdata 
- Finished week 5-6 and continued on week 7 of Machine Learning by Andrew Ng
- Watched this neural networks series https://t.co/1kJu1cgkXK
- Joined Data and AI conference from IBM 
- Practicing my Problem-solving skills on Hackkerank with Python.",2,3
1327626014911033345,1108001526872723461,datapride_net,Sat Nov 14 14:54:42 +0000 2020,"The best way to learn data science. 
https://t.co/Xy0YmzN0Mp

#100DaysOfCode #66daysofdata
#DataAnalytics #MachineLearning #DeepLearning #AI #Coding #DataScience #Analytics #Dataviz #Python #100DaysOfCode",12,4
1327625926725824513,1108001526872723461,datapride_net,Sat Nov 14 14:54:21 +0000 2020,"30 open data sources that you can you can get data for your projects.
https://t.co/jfP2BSY1Cg

#100DaysOfCode #66daysofdata
#DataAnalytics #MachineLearning #DeepLearning #AI #Coding #DataScience #Analytics #Dataviz #Python #100DaysOfCode",6,3
1327598671794298880,1453368613,VivanVatsa,Sat Nov 14 13:06:03 +0000 2020,"@KenJee_DS This #66DaysofData was always around the corner. It was always blurred yet made they curious. Grilling themself to go beyond ...... Kudos @KenJee_DS  for more depth, insights &amp; pitching inspiration. Cheers mate!",0,1
1327584413144662017,1169284826676912128,CiaoAka,Sat Nov 14 12:09:24 +0000 2020,"Passed the first round of  my data science series of qualifier exams. Been studying the same material  for the final one next week.Think I am probably on day 50 or 55, couldn't update, but the practise is on. #66daysofdata",1,3
1327578451751026688,1327577395776299008,jwfaureDS,Sat Nov 14 11:45:42 +0000 2020,"What better way to start #66DaysOfData than with the Sports Tech World Series  - Melbourne Hackathon.

Let’s see if our team can come up with genius  #innovation focused on Australian football!

#machinelearning #tech #sports #datascience #deeplearning https://t.co/lSExNIR8E7",4,6
1327535169616560128,134117592,SouzaMarvin,Sat Nov 14 08:53:43 +0000 2020,"Day 54-55 of #66daysofdata 

Finished Chp 3 of Hands On ML. Have started Chp 4.

Also watched https://t.co/nTFBEZaRLF

Got me thinking about the importance of documentation

Very useful, thank you @KenJee_DS",0,3
1327519666462404609,264448841,Studawsonstats,Sat Nov 14 07:52:07 +0000 2020,More @TensorFlow learning today on day 19 of #66daysofdata,0,0
1327511440484339712,1320782511748927489,NoahHorsleyDS,Sat Nov 14 07:19:26 +0000 2020,"Today was a long day of interview prep and EDA. I did a deep dive on normalization, standardization, and transformation. It feels good to use these tools confidently!

Day 17 of #66daysofdata",0,4
1327475558784110592,2771098682,pigglymichele,Sat Nov 14 04:56:51 +0000 2020,"✅ DAY 24 of #66daysofdata 

✨went through 80% of unit 2 in the tableau course. Learned to organize data in hierarchies, regular and context filters, sorting data and creating sets. 

#Analytics #tableau #data",3,0
1327466955616382976,1319794636915761152,kenwongkaien,Sat Nov 14 04:22:40 +0000 2020,"Day 21 of #66daysofdata:
I learned how to interact with an SQLite database using
- sqlite3 Python module
- SQLite shell",0,11
1327452457417416704,1303725429132464128,rampand25356222,Sat Nov 14 03:25:03 +0000 2020,"Day 55 of #66DaysOfData. Watched Andrew Ng videos about 
-How to choose scale for hyperparamters
-Pandas and Caviar approach to train a model in practice. If more computation available then going with caviar is good choice
-Batch Normalisation, why it speeds up training
-Softmax",0,6
1327433052688183297,1332613548,imkeller_5,Sat Nov 14 02:07:56 +0000 2020,Day 25 of #66daysofData! Today was all about #OSUSAAC,0,0
1327415637875023873,1316026606880604161,isaac_sarver,Sat Nov 14 00:58:44 +0000 2020,Day 29 of #66daysofdata: Reading about ARIMA models for time series data!,0,6
1327411491570499584,1214740859628818432,SripathiMohana1,Sat Nov 14 00:42:16 +0000 2020,Day 46: learned what is meant by cloud computing? What is container? Different methods to deploy a ML model in production environment. #100daysofmlcode #100daysofcode #66daysofdata,13,9
1327364516485730308,1318596362703962119,dataleftovers,Fri Nov 13 21:35:36 +0000 2020,"Day 5 of #66daysofdata (and day 3 of quote tweeting @KenJee_DS):

Started by watching this video on how to be more productive during this exercise. 
And I am now ~reporting~ that I studied statistics, specifically Monte Carlo simulations and standard error. https://t.co/RXZukCQdqC",0,2
1327339347411013633,375194054,ashleybee94,Fri Nov 13 19:55:35 +0000 2020,"Join us in #66daysofdata ! Amazing community, so many inspiring journeys through data &amp; if you want a tangible way to track your progress check out my Notion template! https://t.co/UOqm2rHla8 https://t.co/IpiCfjMRAB",1,17
1327335935718141956,1300432246432768001,DaedalusDream,Fri Nov 13 19:42:02 +0000 2020,"Oh and by the way, it's day 70 here and not 71 ... at least using hte #66daysofdata challenge. My bad! 😅",0,0
1327311561707360258,204194426,barefootalex,Fri Nov 13 18:05:11 +0000 2020,"It took 7 months, 213 applications, 10 interviews,  and 9 rejections to receive 1 offer.

Never give up!  #66DaysofData",0,9
1327307672228544512,1159830350102781953,KenJee_DS,Fri Nov 13 17:49:43 +0000 2020,"I learned a tremendous amount on my first pas through the #66DaysOfData! These are the 6 biggest takeaways I had that I hope will help others when taking the challenge! 

https://t.co/sdatdcz0Wh",2,38
1327298258977366016,204194426,barefootalex,Fri Nov 13 17:12:19 +0000 2020,"Today, I accepted a new career as a Digital Marketing Analyst!!  BEYOND elated to start my career in analytics at the ripe age of 35 🙌🏾❤️❤️❤️ #66DaysOfData",0,15
1327280764942073856,1453368613,VivanVatsa,Fri Nov 13 16:02:48 +0000 2020,"@KenJee_DS 
Just saw the enormous wave of #66daysofdata 
Made me adrenaline curious to taste some.
Thanks.
Starting soon....",0,2
1327276346175676418,1313632170007642112,olivevaw,Fri Nov 13 15:45:15 +0000 2020,D10 of #66daysofdata. Out of conditionals and into loops. It’s gonna take a WHILE or two FOR me to master looping dataframes...,0,6
1327275679130456067,1293201010840797184,r7asmu7s_en,Fri Nov 13 15:42:36 +0000 2020,"Day 39 of #66daysofdata:
I have a new nightmare: data cleaning!",0,0
1327251132029104130,970641039248703488,kohli_tripti,Fri Nov 13 14:05:03 +0000 2020,"Day 49-Day 51 : #66daysofdata 
Finally completed the Kaggle Feature Engineering Micro course.",0,3
1327247307515981826,3035877464,amansharma2910,Fri Nov 13 13:49:51 +0000 2020,"Read about YOLO, completed a chapter of @goodfellow_ian 's Deep Learning Book, and read an awesome research paper on PeleeNet, a mobile-optimized ANN.

Day 3 of #66daysofdata, and still going strong!
#DeepLearning #DataScience",1,2
1327241902828236801,1300432246432768001,DaedalusDream,Fri Nov 13 13:28:23 +0000 2020,"Day 71: it's weird how you can learn that you missed things by following proper course. So far, I had only used DataFrame and Series (a bit less) while using pandas. Did you know you had stuff like Panel and Panel4D? 3 and 4 dimensional arrays? 😲😃 
#66daysofdata",0,3
1327229735399788545,264448841,Studawsonstats,Fri Nov 13 12:40:02 +0000 2020,I'm spending my day off learning @TensorFlow on day 18 of #66daysofdata https://t.co/2utvCnHhWm,0,1
1327138339749826561,1319794636915761152,kenwongkaien,Fri Nov 13 06:36:51 +0000 2020,"Day 20 of #66daysofdata:
I completed Introduction to Trading, Machine Learning &amp; GCP! https://t.co/VfkVUEPyLe 
#Coursera #MachineLearning #AlgoTrading #GCP",4,8
1327130300779008000,1291114285507186690,jaimedatalatte,Fri Nov 13 06:04:55 +0000 2020,"If Colombia wins today against Uruguay, i’m starting the second round of #66DaysofData right away

#VamosColombia 🇨🇴 https://t.co/SDVsHIvTAQ",0,10
1327113870373253120,2771098682,pigglymichele,Fri Nov 13 04:59:37 +0000 2020,"✅ DAY 23 of #66daysofdata  

I watched the quick review video of unit 1 and started to learn how to group data in unit 2",0,0
1327104724990980097,45938414,KiInoue,Fri Nov 13 04:23:17 +0000 2020,Day26 of #66DaysOfData: got my first SQL badge on @hackerrank.  Stuck on a sub-query question...am I losing my skills? Current rank: 429435...hope to be in top 100000 by the end of the weekend.,0,1
1327099888748933125,735315096679919617,bjcmit1,Fri Nov 13 04:04:04 +0000 2020,"Day 73 of #66DaysOfData Finished reading Chapter 10 of ""The DevOps Handbook"" with an eye towards MLOps. 
@KenJee_DS",0,6
1327088994597937153,1320782511748927489,NoahHorsleyDS,Fri Nov 13 03:20:47 +0000 2020,"I worked on an assessment for a potential employer today.  It's very fun to dive into an unknown dataset and see what you can do!

Day 16 of #66daysofdata",0,3
1327075492487426050,1332613548,imkeller_5,Fri Nov 13 02:27:07 +0000 2020,"Day 24 of #66daysofData! Read the paper ""Beyond Expected Goals"" by William Spearman. And started playing around with implementing a pitch control with the #fot code. Just got too tired to continue.",0,0
1327052063591657472,1214740859628818432,SripathiMohana1,Fri Nov 13 00:54:02 +0000 2020,"Day 45 : Completed Datacamp's Advanced Deep Learning with 
Keras. #100daysofmlcode #100daysofcode #machinelearning #datascience #datacamp #66daysofdata https://t.co/m88Y3HkoI9",12,7
1327046448131813378,1017584707,liamskop1,Fri Nov 13 00:31:43 +0000 2020,"Day 10 of #66DaysOfData:
Late one today as I officially publish visualisations made in #Tableau for the first time. I wrote some thought alongside my dashboards in this article.
https://t.co/GMd3mI3JGZ

#football #dataviz #Analytics",0,2
1327026948657340417,902224831319609345,5aDescida,Thu Nov 12 23:14:14 +0000 2020,"Day 12 of my #66DaysOfData

Yeah, I couldn’t fix the problem. It’s something on the gganimate package.
Tomorrow I’ll try other render, and then maybe recreate my entire function.
Those bad days when nothing works out... #rstats",2,0
1327019462432878593,22637324,pratiksha__,Thu Nov 12 22:44:29 +0000 2020,"Day 25 of #66DaysOfData
Today on Udemy I started on cluster analysis.
Learnt about the difference between classification and clustering, market and image segmentation, and euclidean distance.",0,0
1327005318342176774,2527930848,joao96santos,Thu Nov 12 21:48:17 +0000 2020,"42 / #66DaysOfData
Completed the Introduction to SQL Server by @DataCamp 

• [Section 3/4] Joinning Tables: INNER, LEFT, RIGHT JOIN and UNION
• [Section 4/4] You've Got the Power (CRUD Operations): CREATE, INSERT, UPDATE and DELETE

https://t.co/B34WoTwgEk",0,1
1327004926191554563,3207971,koder,Thu Nov 12 21:46:43 +0000 2020,"Day 28-29 #100DaysOfCode 

Working on Complete #python 3 bootcamp course.

What I like to do sometimes is go back to basics and repeat lessons I already know. I change myself daily so my views are different in every repetition. 

#DataScience #programming #66daysofdata https://t.co/oYJ5DBFOPA",11,8
1326990996123619331,1318596362703962119,dataleftovers,Thu Nov 12 20:51:22 +0000 2020,"Day 4 of #66daysofdata:

I haven't felt motivated today but I will form the habit in these 66 days. 

I'm going to study some statistics, specifically the Monte Carlo simulation. Going to study Monte Carlo Simulation after it was suggested in this livestream. https://t.co/gY1HDmiPcI",0,7
1326965049307619328,1270361837956141056,Mohammed_Azeem_,Thu Nov 12 19:08:16 +0000 2020,"⚡️ “#66daysofdata”
I am quite satisfied to share my moments of this entire 66 days of the journey in learning about data science/ machine learning related field. Would call it a wrap to the #66DaysOfData but, not to the spirit &amp; habits developed so far. 
https://t.co/ZNnhFRw0MT",0,3
1326948706281795595,1302704071837704197,KOrfanakis,Thu Nov 12 18:03:19 +0000 2020,"Days 59-63 of #66daysofdata 
I published my EDA for the 'Housing Prices' competition on #kaggle 🏘️💰📊. You can have a look here:
https://t.co/aMywdG27yc
(another kernel on ML for the same dataset will be out soon!)
#eda #DataScience",0,23
1326941427582992385,1270361837956141056,Mohammed_Azeem_,Thu Nov 12 17:34:24 +0000 2020,"Day 66 of #66DaysOfData with @KenJee_DS
Really thank all for the support &amp; motivation &amp; especially @KenJee_DS. Look forward to more interesting work. 
-Continuing with learning SQL
-Attended the AI Accelerator festival on Computer Vision
-Read about SMOTE: https://t.co/buHP7v54h1",0,8
1326916451761090561,1313632170007642112,olivevaw,Thu Nov 12 15:55:09 +0000 2020,"D9 of #66daysofdata. Nothing much today but Boolean Operators, finding out this AND that OR that and NOT this is the name of the game",0,6
1326896764453007363,1319794636915761152,kenwongkaien,Thu Nov 12 14:36:55 +0000 2020,"Day 19 of #66daysofdata:
I completed week 3 of ""Intro to Trading, ML &amp; GCP"" course. Keep it up!

#MachineLearning #AlgoTrading #GCP",0,9
1326832906606575616,285723440,geekanvesh,Thu Nov 12 10:23:10 +0000 2020,"Day 61 of #66daysofdata 
Insightful details by @KikiLeutner on How AI makes decision about us

https://t.co/58ccI9Uy4z",0,6
1326806325993508864,19448058,paulapivat,Thu Nov 12 08:37:33 +0000 2020,"Just reflected on #66daysofdata 

https://t.co/wB3TVQoa91

🙏 @KenJee_DS for starting
👏 to all who followed and made progress on ur own data journey thanks u! @KOrfanakis @_paulo_lopez_ @jaimedatalatte @shivamnegi404 @rampand25356222 @GeorgeKamp5 @dumitruxx @reakal2 @JackRaifer",0,16
1326774364159827970,134117592,SouzaMarvin,Thu Nov 12 06:30:33 +0000 2020,"Day 53 of #66daysofdata 

Continue with Chp 3 of HandsOnML

Also watched https://t.co/8Vw2xf6BpC 

special thanks to @gregorymbell for posting this. Found this very useful.",0,1
1326751330329907203,2771098682,pigglymichele,Thu Nov 12 04:59:01 +0000 2020,"✅ DAY 22 of #66daysofdata 

✨ I finished unit 1 of tableau today which was about creating the data extract.",0,1
1326749410940760064,1303725429132464128,rampand25356222,Thu Nov 12 04:51:24 +0000 2020,"Day 53,54 of #66daysofdata. Watching Andrew Ng's deep learning videos about different type of gradient descents such as RmsProp, Momentum, Mini-batch.",0,9
1326738092955299843,735315096679919617,bjcmit1,Thu Nov 12 04:06:25 +0000 2020,"Day 72 of #66DaysOfData Spent 5 minutes reading Chapter 10 of ""The DevOps Handbook"" with an eye towards MLOps. @KenJee_DS",0,3
1326737481471946752,45938414,KiInoue,Thu Nov 12 04:03:59 +0000 2020,"Day25 of #66DaysOfData: intro to pyspark using @databricks Community Edition. Any tutorials that are considered ""must watch""?",0,1
1326733873930231808,1320782511748927489,NoahHorsleyDS,Thu Nov 12 03:49:39 +0000 2020,"Chapter 6: Learning Best Practices for Model Evaluation and Hyperparameter Tuning 🔥🔥🔥

Day 15 of #66daysofdata",0,2
1326723730832297984,1332613548,imkeller_5,Thu Nov 12 03:09:21 +0000 2020,Day 23 of #66daysofData! Looked at the #FoT video for the pitch control model to get an overview and read chapter 16 of the data-8 book. Trying to start with the first real pitch control version tomorrow.,0,1
1326703752317898753,1008778640,Alepipi78,Thu Nov 12 01:49:58 +0000 2020,"Day 66 of #66daysofdata 
Today is the end of the 1st round of this challenge. Leant a lot of things in this period. But definitely still got a long way to go. So, keep learning and coding.",0,2
1326702974320713733,902224831319609345,5aDescida,Thu Nov 12 01:46:52 +0000 2020,"Day 11 of my #66DaysOfData 
I kept working on my notebook to #BigDataBowl . My function to animate plays suddenly stoped to work. I think some package had updated. I’m still figuring out what has happened.
This is extremely demotivating but tomorrow is a new day.",0,2
1326698105119633410,4790572463,SalsaLeader,Thu Nov 12 01:27:31 +0000 2020,Day 74:BIC  #66daysofdata,0,0
1326666877259669504,402646456,ToluwaniJohnson,Wed Nov 11 23:23:26 +0000 2020,"Day 66:
I finished up on the course 'How Google Does Machine Learning'.

And this marks end of #66DaysOfData updates.
Still having a lot of ground to cover.
It doesn't end here.
Huge thanks to @KenJee_DS for initiating this. Special shout out to @KOrfanakis @JackRaifer, etc",0,14
1326664460212310016,1301630535551381506,Tayiablytics,Wed Nov 11 23:13:50 +0000 2020,"Day 6️⃣6️⃣ of #66daysofdata
I actually completed the challenge!
Today I had the second stage interview for the job I'm applying for which I passed, also spent time recapping the theory behind ANNs. Granted not everyday was super productive but I've learnt a huge amount! @KenJee_DS",0,4
1326652726063886342,22637324,pratiksha__,Wed Nov 11 22:27:12 +0000 2020,"Day 24 of #66DaysOfData
In the SQL class tonight we learnt about views, stored functions/procedures and triggers. Need to spend some more time implementing them to understand them fully.",0,0
1326634983075803137,2527930848,joao96santos,Wed Nov 11 21:16:42 +0000 2020,"41 / #66DaysOfData

Introduction to SQL Server by @DataCamp 
• [Section 2/4] Groups, Strings, and Counting Things: Aggregating Data; SUM; COUNT; MIN, MAX and AVG; Strings; LEN; left and right; GROUP BY and HAVING",0,1
1326633656765591553,1017584707,liamskop1,Wed Nov 11 21:11:26 +0000 2020,"Day 9 of #66DaysOfData:
Finally exported the data I've been busy preparing and have been able to play around with it in #Tableau. Determined to get better at #dataviz. Would love tips on how to get better.",1,2
1326591951185981442,134117592,SouzaMarvin,Wed Nov 11 18:25:42 +0000 2020,"Day 51-52 of #66daysofdata 

Continued with Chp. 3 of Hands on ML. 

also read this amazing article on Algorithms and how to go about learning them.

https://t.co/uqFnY0avky",0,5
1326580599541301248,19448058,paulapivat,Wed Nov 11 17:40:36 +0000 2020,"Day 66 came a lot faster than I expected! I'm going to spend some time with the family and reflect and get back to it next week.

Anyone itching to do another #66daysofdata ?",0,4
1326580597234397184,19448058,paulapivat,Wed Nov 11 17:40:35 +0000 2020,"Day 66: 

- Spent the day refreshing SQL, writing queries in Google BigQuery, then visualizing in Data Studio
- Then wrote about Matrices in 🐍 https://t.co/2iQ39R4D2X

#66daysofdata https://t.co/eoKhbZIp4o",0,3
1326572665033854977,264448841,Studawsonstats,Wed Nov 11 17:09:04 +0000 2020,Learning about TensorFlow on day 17 of #66daysofdata,0,3
1326566212667633668,1318596362703962119,dataleftovers,Wed Nov 11 16:43:26 +0000 2020,"Day 3 of #66daysofdata.

Just listened to the new episode. 

I am now going to watch Richard's SQL video and work on my SQL skills. 

https://t.co/DdmIrLVq7J https://t.co/oOrdiN8laY",0,3
1326554978375397376,1108001526872723461,datapride_net,Wed Nov 11 15:58:47 +0000 2020,"The best way to learn data science. 
https://t.co/Xy0YmzN0Mp

#100DaysOfCode #66daysofdata
#DataAnalytics #MachineLearning #DeepLearning #AI #Coding #DataScience #Analytics #Dataviz #Python #100DaysOfCode",2,1
1326554759642279937,1108001526872723461,datapride_net,Wed Nov 11 15:57:55 +0000 2020,"30 open data sources that you can you can get data for your projects.
https://t.co/jfP2BTfCtO

#100DaysOfCode #66daysofdata
#DataAnalytics #MachineLearning #DeepLearning #AI #Coding #DataScience #Analytics #Dataviz #Python #100DaysOfCode",6,0
1326554600770506755,1108001526872723461,datapride_net,Wed Nov 11 15:57:17 +0000 2020,"Microsoft unveils a no code machine learning training app.
https://t.co/KLTvovECTg

#100DaysOfCode #66daysofdata
#DataAnalytics #MachineLearning #DeepLearning #AI #Coding #DataScience #Analytics #Dataviz #Python #100DaysOfCode",2,0
1326554411129298944,1108001526872723461,datapride_net,Wed Nov 11 15:56:32 +0000 2020,"Free resources that teach you SQL
https://t.co/BAZFbOnJae

#100DaysOfCode #66daysofdata
#DataAnalytics #MachineLearning #DeepLearning #AI #Coding #DataScience #Analytics #Dataviz #Python #100DaysOfCode",3,1
1326553618103689217,285723440,geekanvesh,Wed Nov 11 15:53:23 +0000 2020,"Day 60 of #66daysofdata
Completed week 1 of Mathematics for Machine Learning: Linear Algebra
Completed week 1 of Crash Course on Python @coursera @googledevs https://t.co/eLU4u0d7wK",0,8
1326542540548395008,1270361837956141056,Mohammed_Azeem_,Wed Nov 11 15:09:22 +0000 2020,"Day 65 (11 Nov) #66DaysOfData with @KenJee_DS
- SQL: Full Joins, CROSSing the rubicon, state of the UNION. @Datacamp
- Worked on the Machine hack Hackathon, focused on skewness removal &amp; basic algorithm training. Need to improve further. https://t.co/6fMIbDHAJP",1,3
1326542412882214919,1270361837956141056,Mohammed_Azeem_,Wed Nov 11 15:08:51 +0000 2020,"Day 64 (10 Nov) #66DaysOfData with @KenJee_DS
-Attended the AI Accelerator conference  on Computer Vision. Listened to Ashok Ramani (eBay)- e-Commerce, Creating HD maps by Orhan Bulan (GM). Look forward to other sessions.",0,4
1326534087473967106,1313632170007642112,olivevaw,Wed Nov 11 14:35:46 +0000 2020,"D8 of #66daysofdata is all about control flows, because if data == makes_sense: wrangle, fit and plot else take_bath, clear_head, and repeat...",0,3
1326499253682843649,1108001526872723461,datapride_net,Wed Nov 11 12:17:21 +0000 2020,"Free resources that teach you SQL
https://t.co/x37qHMFX0u

#100DaysOfCode #66daysofdata
#DataAnalytics #MachineLearning #DeepLearning #AI #Coding #DataScience #Analytics #Dataviz #Python #100DaysOfCode",0,1
1326437809490718720,1332613548,imkeller_5,Wed Nov 11 08:13:12 +0000 2020,Day 22 of #66daysofData! Today while attending #SportsTomorrow I watched Mike Lopez talk about the Big Data Bowl and how the NFL is incorporating it. I also got some ideas of what to do in this years BDB. https://t.co/gt0bZ4UkkY,0,0
1326416703656513538,1206593820139245569,KhushbooRPatel,Wed Nov 11 06:49:20 +0000 2020,"35/66 : #66daysofdata  after taking a break for festivals , I am back and finished my Panda course!! I think the challenge is over for lots of people but I will continue my journey...",0,0
1326410776660283393,1319794636915761152,kenwongkaien,Wed Nov 11 06:25:47 +0000 2020,"Day 18 of #66daysofdata:
- Completed week 2 of ""Intro to Trading, ML &amp; GCP"" course
- Practiced to build regression and recommendation models using BigQuery ML

#MachineLearning #AlgoTrading",2,14
1326388652960849925,2771098682,pigglymichele,Wed Nov 11 04:57:52 +0000 2020,"✅ DAY 21 of #66daysofdata 

✨ I got a huge portion of my tableau learning done today learned how to split data fields, save a data source locally, and understood the meaning behind live and extract data.",0,0
1326387080595984386,1008778640,Alepipi78,Wed Nov 11 04:51:37 +0000 2020,"Day 65 of #66daysofdata 
A pretty good lists of ML Algorithms you should master 
https://t.co/KHTFarYuPY",1,3
1326362827758604288,735315096679919617,bjcmit1,Wed Nov 11 03:15:15 +0000 2020,"Day 71 of #66DaysOfData Finished 1st draft MLOps Principles document based on ""The DevOps Handbook"". 
@KenJee_DS",0,2
1326355211502317570,45938414,KiInoue,Wed Nov 11 02:44:59 +0000 2020,Day24 of #66DaysOfData: getting familiar with @ApacheSpark  using IBM Watson studio,0,1
1326350781419823111,1320782511748927489,NoahHorsleyDS,Wed Nov 11 02:27:23 +0000 2020,"I dove deeper into ""Python Machine Learning"" today. I'm interested to see how I like it compared to my current go-to, ""Hands-On Machine Learning with Scikit-Learn, Keras &amp; TensorFlow"".

Day 14 of #66daysofdata",0,2
1326337693047943168,211289215,IamTonyAK,Wed Nov 11 01:35:22 +0000 2020,"#66DaysofData Been busy with other projects, haven't been hands on as I would like. Also haven't posted in a few days. I'm so close to the end I can't fall off now!! Anyway, days 57/58 on the weekend was home repairs and family time, caught a couple of youtube videos when I could",0,0
1326321549989777408,1301630535551381506,Tayiablytics,Wed Nov 11 00:31:14 +0000 2020,"Day 65 of #66daysofdata
More interview prep, more Excel and more reading. Moved onto chapter 3 of Hands on Machine Learning 😊",0,1
1326305148260519936,402646456,ToluwaniJohnson,Tue Nov 10 23:26:03 +0000 2020,"Days 64 &amp; 65 of #66DaysOfData

How Google Does Machine Learning (Course)

- AI platform notebook &amp; bigquery
- Pre-trained Machine Learning APIs
(Vision, Video Intelligence, Cloud Speech, Translation &amp; NL)

@KenJee_DS",0,5
1326292552211976192,4790572463,SalsaLeader,Tue Nov 10 22:36:00 +0000 2020,Day 73: dplyr variance across columns  #66daysofdata,0,0
1326283164738785281,1017584707,liamskop1,Tue Nov 10 21:58:42 +0000 2020,"Day 8 of #66DaysofData:
Proud of my first complete #Alteryx flow. From 6 different API requests to bringing the data together and formatting it so that I can now start playing with it in Tableau.
Lot's of room for improvement regarding the flow's conciseness but it does the job. https://t.co/fYN2oPPSRk",0,2
1326275572654346247,3207971,koder,Tue Nov 10 21:28:32 +0000 2020,"Day 27 #100DaysOfCode 

Used my time today to read few chapters of Build a career in #DataScience book by Emily Robinson and Jacqueline Nolis. One has to look at things from different angles. #66daysofdata",10,14
1326275232521478149,22637324,pratiksha__,Tue Nov 10 21:27:11 +0000 2020,"Day 23 of #66DaysOfData
Finished the Logistic Regression section on Udemy.
In the final sections I learned about accuracy and the confusion matrix. Completed all the exercises on the bank transfer example with test and train data.
Next up is cluster analysis 🤗",0,0
