tweet_id,user_id,user_name,created_at,full_text,retweets,favorite
1334384902729474050,2212129783,sam_jwalsh,Thu Dec 03 06:32:07 +0000 2020,"#66daysofdata
Day 16:
-did some more eda and visualizations on the pubg dataset",0,0
1334377963991789570,1301025989359788033,AMuktineni,Thu Dec 03 06:04:32 +0000 2020,"Day 7 of #66daysofdata (2.0)

Took a break from my usual Python coding exercises. Instead read through an interesting article about examples of APIs used by Data Scientists and a few sample project ideas where these APIs can be used.

https://t.co/SUPDFkjf2a
@KenJee_DS",0,3
1334373653060861953,1300541186864590848,trainandtest,Thu Dec 03 05:47:25 +0000 2020,"What to learn to become a Data Scientist in #2021 ? 

#100DaysOfCode #100DaysOfMLCode #66daysofdata #Data #DataScience #MachineLearning #ML #AI 

https://t.co/57TUKLUzEg",8,3
1334344564354637825,45938414,KiInoue,Thu Dec 03 03:51:49 +0000 2020,"Day41 of #66DaysOfData: reading up on various clustering algorithms: K-means, mean-shift, DBSCAN, and Agglomerative Hierarchical Clustering.",0,0
1334340099232903175,935615163457310722,stsewang17,Thu Dec 03 03:34:05 +0000 2020,Day 1 of #66daysofdata: ✓.,0,0
1334319737665359873,1320782511748927489,NoahHorsleyDS,Thu Dec 03 02:13:10 +0000 2020,"Today I read a great article by @erykml1 about power analysis in Python. 

Day 36 of #66daysofdata
Days missed: 1

https://t.co/W3WGsXeF5e",0,0
1334305578563248129,375194054,ashleybee94,Thu Dec 03 01:16:54 +0000 2020,Join us &amp; get your #66daysofdata t-shirt here!📉💙 https://t.co/4ys3Lw4PdA,0,2
1334304963556638720,375194054,ashleybee94,Thu Dec 03 01:14:28 +0000 2020,12 Day of Christmas..? More like #66DaysofData 😎 https://t.co/WCUWJyhGUU,1,27
1334300217139748870,1332613548,imkeller_5,Thu Dec 03 00:55:36 +0000 2020,Day 44 of #66daysofdata! Started the part about Pandas on Dataquest.,0,1
1334192423719686144,126231516,JohannPiedras,Wed Dec 02 17:47:16 +0000 2020,"All those #66daysofdata , #100DaysOfCode, working with small clients, uploading analysis projects to GitHub, and countless cover letters was fortunately for something. Thanks to those that shared their support, especially my family. The grind continues 🤓 https://t.co/g9DGztmF1n",4,3
1334184503992979456,909968496011894784,Paiky16,Wed Dec 02 17:15:48 +0000 2020,"Day 6 of #66daysofdata -
⏹️ Completed Chapter 3 of Kaggle's Introduction to Deep Learning course. 
⏹️ Completed Day 2 of #adventofcode2020.",0,4
1334184241576497152,1308392951949725697,chanmantweeter,Wed Dec 02 17:14:45 +0000 2020,"Day 13 of #66daysofdata - going through @kaggle's intermediate ML micro-course, and I found a really useful article on 'manipulating machine learning results with random state': https://t.co/Poln2qlkf9",2,2
1334181863175327744,1281890679052857346,ShrutiJ87241031,Wed Dec 02 17:05:18 +0000 2020,"Day 16: #66daysofdata 
- supervised machine learning ,simple linear regression model",1,1
1334180662945824768,1258031380136509441,thatshutterboi,Wed Dec 02 17:00:32 +0000 2020,"Day 18 of #66daysofdata and Today Was filled with studying a little bit of DBMS and SQL revision, followed by Working With Linear Regression. Ending the day with a Video that I made as an Introduction to @kaggle for Some Juniors! That's it for today!
#kaggle #Machinelearning",1,3
1334171904039481346,1310565371389177858,R1SE_823,Wed Dec 02 16:25:44 +0000 2020,"Day 38 of #66daysofdata
- Finished week 10 of ML by Andrew Ng",0,1
1334129944394297344,1244281058255704070,ShibiAkino,Wed Dec 02 13:39:00 +0000 2020,"Day 10 of my #66daysofdata 
Doing some review and self-paced training for SQL and NoSQL.",0,1
1334067824856162304,1300541186864590848,trainandtest,Wed Dec 02 09:32:09 +0000 2020,"Best way to learn #DataScience ? 

#100DaysOfCode #100DaysOfMLCode #66daysofdata",8,5
1334067500410044416,1300541186864590848,trainandtest,Wed Dec 02 09:30:52 +0000 2020,"A Time Series Anomaly detection model for all types of time series. 

#DataScience #Data #MachineLearning #ArtificialIntelligence #AI #ML #100DaysOfCode #100DaysOfMLCode #66daysofdata 

Source: Medium 

https://t.co/DGar6TEBzW",11,10
1334040138788139008,1701937670,kkccookkiiee,Wed Dec 02 07:42:09 +0000 2020,"#day4 of #66daysofdata 
I perform basket analysis using the Kaggle dataset https://t.co/R3Y7JGA2Oh from course example in my last semester class
I finish assignment of logistic neural network week 2 in coursera.",0,2
1334038333828308992,1301025989359788033,AMuktineni,Wed Dec 02 07:34:58 +0000 2020,"Day 6 of #66daysofdata (2.0)

I earned a statement of accomplishment on @DataCamp  for completing Intermediate Importing Data in Python! https://t.co/LVA87TW37t @KenJee_DS",0,12
1334035285013774337,19448058,paulapivat,Wed Dec 02 07:22:51 +0000 2020,"Day 11: #66daysofdata (2.0)

- published Bayes' write-up from yesterday (w/ 🐍 code): https://t.co/kcIK6P3JKc
- continuing ch6. Data Science from Scratch (continuous, normal distribution, central limit theorem)",0,2
1334003756292194304,2212129783,sam_jwalsh,Wed Dec 02 05:17:34 +0000 2020,"#66daysofdata
Day 15:
-Did some EDA on the pubg dataset today, which I had a lot of fun with
-learned more about pitch design from @nickwan's stream",0,3
1334000396457697280,1320782511748927489,NoahHorsleyDS,Wed Dec 02 05:04:13 +0000 2020,"I read about resampling and bootstrapping techniques today. Some of it was review, but it never hurts to brush up on relevant material.

Day 35 of #66daysofdata
Days missed: 1",0,5
1333998693649960960,2771098682,pigglymichele,Wed Dec 02 04:57:27 +0000 2020,"✅ DAY 42 of #66daysofdata 

🥳 I took my tableau specialist exam test and passed yaay 

✨ tried figuring out my project tho and my captain was so nice to help. Deciding how to organize my data before throwing it in tableau since it got over a million rows 🤔

#tableau",0,3
1333977068632039427,1281890679052857346,ShrutiJ87241031,Wed Dec 02 03:31:31 +0000 2020,"Day 15 : #66daysofdata 
- gradient and cost function
- data science app (linear regression)",0,3
1333938493442166787,1332613548,imkeller_5,Wed Dec 02 00:58:14 +0000 2020,Day 43 of #66daysofdata! I finished the numpy part of the Data Scientist in Python track on Data quest. Not much more today.,1,3
1333886019331035136,1293201010840797184,r7asmu7s_en,Tue Dec 01 21:29:44 +0000 2020,Day 57 of #66daysofdata: ✓.,0,3
1333881376072900609,1318596362703962119,dataleftovers,Tue Dec 01 21:11:17 +0000 2020,"Day 23 of #66daysofdata:

Lighter day. But finished lectures for Unit 4 of the Intro to Computational Thinking and Data Science course on Edx. Nearly done with that course.",0,2
1333870071102529542,2527930848,joao96santos,Tue Dec 01 20:26:21 +0000 2020,"50 / #66DaysOfData
•  Published the First Public Version of my Ongoing Kaggle Project ""Are You Too Old for Data Science""
https://t.co/YsKLVdQrXU",0,2
1333862189770235905,1244281058255704070,ShibiAkino,Tue Dec 01 19:55:02 +0000 2020,Day 9 of my Data Science Journey. Learned the Basics of QMF for Workstation. #66daysofdata,1,2
1333838400143572992,909968496011894784,Paiky16,Tue Dec 01 18:20:30 +0000 2020,"Day 5 of #66daysofdata -
⏹️ Completed Chapter 1&amp;2 of Kaggle's Introduction to Deep Learning course. 
⏹️ Completed Day 1 of #adventofcode2020.
If anyone is interested to solve small programming puzzles for 25 Days can join at- https://t.co/t79Dr71C6m",0,2
1333837069899198469,1308392951949725697,chanmantweeter,Tue Dec 01 18:15:13 +0000 2020,"Days 5-12 of #66daysofdata: I've been working through Python Prog. Fundamentals (free course) on @udacity, 365 Data Science (ML), and the great free courses on @kaggle. One of the highlights was sending an SMS to myself using  @twilio! 🤯",1,5
1333835114233491456,1258031380136509441,thatshutterboi,Tue Dec 01 18:07:27 +0000 2020,"Day 17 of #66daysofdata and today I started working on My Project. Wanted to do something like this for sometime. Nothing big but definitely would require a lot of work. Let's see how it goes.
And ofcourse Linear Algebra too took few hours from the day.
#MachineLearning #Data",0,4
1333832475957620736,19448058,paulapivat,Tue Dec 01 17:56:58 +0000 2020,"Day 10: #66daysofdata (2.0)

- ✍️Write up of Bayes' application to a medical diagnostic scenario. 
- Work in progress: https://t.co/PUduoX2F1S
- polished draft tomorrow",0,2
1333828210996379648,45938414,KiInoue,Tue Dec 01 17:40:01 +0000 2020,"Day40 of #66DaysOfData: for my next intro data project, I am going to build a supersonic jet using AWS.

Watching AWS re:Invent keynote by Jassey.  It really is amazing how they can differentiate themselves from their competitors.",0,2
1333826592666132480,2588345408,paulr_rohan,Tue Dec 01 17:33:35 +0000 2020,"My next #Blog  

#DataScience #100DaysOfMLCode #Python #DataScientist #66daysofdata #Statistics #Mathematics #pandas 

https://t.co/bXtcehObVX",4,4
1333807719086649345,1310565371389177858,R1SE_823,Tue Dec 01 16:18:35 +0000 2020,"Day 37 of #66daysofdata 
- Finished week 9 of ML by Andrew Ng",0,1
1333798282976321541,1265693353485701121,MarioRashadData,Tue Dec 01 15:41:06 +0000 2020,"Inspired by @KenJee_DS's previous #66DaysofData challenge, I'm starting my own personal version called #25DaysOfData since it's holiday season!

Each day I will either work on a side project, read new information, or post a medium article. Anyone is welcome to join! https://t.co/W0Ucj6sUbt",0,8
1333749554856996864,62014349,spencermoses,Tue Dec 01 12:27:28 +0000 2020,Accuracy paradox - not all mistakes are equal #66daysofdata,0,1
1333732012213948417,1199473474202406912,SadounMohammad,Tue Dec 01 11:17:45 +0000 2020,"Day 5 of #66daysofdata 

I've completed the Introduction to the Tidyverse course. Also, I started with Introduction to Importing Data in R, and I've completed the first chapter importing data from flat files with utils.",0,1
1333714720705052674,1453368613,VivanVatsa,Tue Dec 01 10:09:03 +0000 2020,"hello world.
I'm part of the #66daysofdata challenge.
learning technology everything. https://t.co/5uaLANNtbw",0,2
1333682990749163520,2212129783,sam_jwalsh,Tue Dec 01 08:02:58 +0000 2020,"#66daysofdata 
Day 14:
Wow two weeks already. 
-Today I worked with some statcast data to compute launch angle variances. I want to see if this is a factor that is predictive of stats like batting average or BABIP
-I also found a dataset for PUBG which I'm excited for",0,2
1333678101507710977,1300541186864590848,trainandtest,Tue Dec 01 07:43:32 +0000 2020,"A complete guide to Sentiment Analysis and it’s Applications!

Source: Medium 

#100DaysOfMLCode #100DaysOfCode #66daysofdata #DataScience #Data #MachineLearning #ArtificialIntelligence #AI #ML 

https://t.co/eyrcNBzNxL",7,6
1333642357967876096,1301025989359788033,AMuktineni,Tue Dec 01 05:21:30 +0000 2020,"Day 5 of #66daysofdata (2.0)

Completed Chapter 1 in 'Intermediate Importing Data in Python' @DataCamp during which I practiced Importing and locally saving datasets from the web, loading datasets into Pandas DataFrames, make HTTP (GET) requests, scrape web data such as HTML.",1,9
1333634038674976768,2771098682,pigglymichele,Tue Dec 01 04:48:27 +0000 2020,"✅ DAY 41 of #66daysofdata 

✨ I only reviewed some of the tableau elearning vids like context filters, sets, scatter plots and maps. 
Also tried to plot my data proj map but it keeps showing the data points in jersey instead of nyc 😫

#tableau",0,2
1333604738731012096,1320782511748927489,NoahHorsleyDS,Tue Dec 01 02:52:01 +0000 2020,"Today I got the chance to speak with Dr. Matthew Aiello-Lammens and get his thoughts on my implementation of a global sensitivity analysis. I really appreciate experts like Matt who are generous with both their time and their knowledge. 

Day 34 of #66daysofdata
Days missed: 1",0,2
1333598443885957121,1332613548,imkeller_5,Tue Dec 01 02:27:00 +0000 2020,Day 42 of #66daysofdata! Continued with Numpy on Dataquest. Not too much trying to get some more in tomorrow.,0,1
1333498505818587137,3035877464,amansharma2910,Mon Nov 30 19:49:53 +0000 2020,"20th day of the #66daysofdata challenge!!🥳🎉

20 days. 0 breaks. And a month's learning done while staying sane (#productivity📈📈). 

Today was spent on development of my #FullStack #DeepLearning-based application👨‍💻

Then spent a good chunk of time revamping my CV and @github.",1,4
1333496351691210752,1318596362703962119,dataleftovers,Mon Nov 30 19:41:20 +0000 2020,"Day 20-22 of #66daysofdata:

Did some EDA to pick what I wanted to visualize. 
Spent way too much time looking at seaborn palette's (lol).
And used @keithgalli 's youtube video and GitHub repo   to create my pdf above.

https://t.co/rSI9h3pkps",0,3
1333480165842710530,1281890679052857346,ShrutiJ87241031,Mon Nov 30 18:37:01 +0000 2020,"Day 14: #66daysofdata 
-machin learning pipeline (kaggle)
- gradient function (code basics)",0,1
1333465560647012352,959045924705026048,bhuvane73039768,Mon Nov 30 17:38:58 +0000 2020,Day 11 of #66daysofdata - I saw a video on EDA,0,1
1333463504653676544,19448058,paulapivat,Mon Nov 30 17:30:48 +0000 2020,"Day 9: #66daysofdata (2.0)

- Applying Bayes to more complex examples, variations of the medical diagnostic scenarios, outlined 🧵👇
- Building intuition for Precision/Accuracy metrics of ML Classification models
- write up tomorrow

https://t.co/f0koJT6o4e",0,3
1333448901639118848,1258031380136509441,thatshutterboi,Mon Nov 30 16:32:47 +0000 2020,"Day 15 of #66daysofdata - Read The Python Handbook for Data science and attended the Book club Hosted by @amansharma2910 .
Day 16 and today was Spent doing College assignment related to Linear Algebra along with Reading Atomic Habits and Watching Professor Strang's Lecture.
#Data",2,4
1333440176157192192,909968496011894784,Paiky16,Mon Nov 30 15:58:06 +0000 2020,"Day 4 of #66daysofdata -
⏹️ Brushed up NLP techniques like word2vec, tf-idf,
⏹️ Started looking into sorting algorithms and implemented some using Python.",0,2
1333419121153773573,1701937670,kkccookkiiee,Mon Nov 30 14:34:26 +0000 2020,"#66daysofdata #day3.5
I did not learn much today. So I just put day 3.5
- learn the overview to calculate the output through hidden layer",0,1
1333411734472671237,1310565371389177858,R1SE_823,Mon Nov 30 14:05:05 +0000 2020,"Day 36 of #66daysofdata 
- Finished week 8, continued week 9 of ML by Andrew Ng
- Learned about Multiprocessing",0,2
1333402075762360320,970641039248703488,kohli_tripti,Mon Nov 30 13:26:42 +0000 2020,"Day 62 - Day 66 #66daysofdata 
I've completed machine learning course 40% and by this today I've completed my 66 days challenge. It's been a great journey I've learned so many things and also make a habit to learn new things. Thanks to @KenJee_DS  for this initiative.",0,11
1333392236629815299,1199473474202406912,SadounMohammad,Mon Nov 30 12:47:37 +0000 2020,"Day 4 of #66daysofdata 

Today I completed the first three chapters and the half of chapter four at the Introduction to the Tidyverse with @drob.

I revisited:
-Data wrangling.
-Data visualization.
-Grouping and summarizing.",0,1
1333391248040882176,209191879,bhatnagarkush,Mon Nov 30 12:43:41 +0000 2020,"Day-10: Read about BERT and how it can be used in QA model problems
#66daysofdata",0,1
1333342822594871296,2212129783,sam_jwalsh,Mon Nov 30 09:31:15 +0000 2020,"#66daysofdata 
Day 13:
took a little step back today to focus on studying for my midterm, but I got my data science in.
-Did some more practice with SQL
-Buffed my knowledge on hypothesis testing (t-values etc..) as part of my econometrics class",0,1
1333340822046117889,1295257646426214402,innovatesystem1,Mon Nov 30 09:23:18 +0000 2020,"Jog your mind!

What is the output?

#jogyourmind #iNovatesystems #pythonprogramming #conding #contravientoymarea #DigitalTransformation #data #DataScience #AI #100DaysOfCode #66daysofdata #WomenWhoCode #CodeNewbie #ML #javascript30 #Motivation #Christmas2020 #covid19SA https://t.co/oOihU0rzfv",19,6
1333334832525545472,1295257646426214402,innovatesystem1,Mon Nov 30 08:59:30 +0000 2020,"I will leave this here!!

#DigitalTransformation #DataScience #pythonprogramming #codinglife #CodeNewbie #100DaysOfMLCode #66daysofdata #WomenWhoCode #iNovatesystems #Motivation #LindaKatiba #RESPECTJENNIE #TheUndoingHBO #yopremio #AI #data #DigitalMarketing https://t.co/Fsy7Glh1ZH",8,4
1333283374505537537,1295257646426214402,innovatesystem1,Mon Nov 30 05:35:02 +0000 2020,"Statistics? Not as bad as you think!!

#Statistics #Python #DigitalTransformation #data #programming #DataScience #100DaysOfMLCode #66daysofdata #WomenWhoCode #DigitalTransformation #AI #Motivation #mondaythoughts #coding #CodeNewbie #iNovatesystems #TheUndoingHBO #SCOTUS https://t.co/pPjpR7HjP7",15,6
1333281073577463809,1295257646426214402,innovatesystem1,Mon Nov 30 05:25:53 +0000 2020,"Do you want to learn about web development?
Visit https://t.co/T0lWreaFHO to register 

#AI #DigitalTransformation #data #DataScience #python #CodeNewbie #Motivation #iNovatesystems #66daysofdata #LindaKatiba #quieneslamascara #RESPECTJENNIE #TheUndoingHBO #yopremio #Java #ML https://t.co/NTiUDxSVdj",13,13
1333276577761685506,1300541186864590848,trainandtest,Mon Nov 30 05:08:01 +0000 2020,"Which are the most used Algorithms for real world applications? 

#DataScience #Data #100DaysOfMLCode #100DaysOfCode #66daysofdata #MachineLearning #ArtificialIntelligence",4,3
1333275982141145090,1300541186864590848,trainandtest,Mon Nov 30 05:05:39 +0000 2020,"A curated list of 57 Amazing Github repositories for every #python #developer 

#100DaysOfMLCode #100DaysOfCode #66daysofdata #MachineLearning #ArtificialIntelligence #AI #ML #DataScience #Data 

Source : Medium 

https://t.co/yylgBq4TMe",14,9
1333268738695565313,45938414,KiInoue,Mon Nov 30 04:36:52 +0000 2020,"Day39 of #66DaysOfData: read a few articles on Benford's Law, mainly the application of identifying if countries were falsely reporting COVID cases around the world.",0,4
1333255596330651648,1320782511748927489,NoahHorsleyDS,Mon Nov 30 03:44:39 +0000 2020,"Today I worked on wrapping up my @coursera certification for Distributed Computing with Spark SQL.

Day 33 of #66daysofdata 
Days missed: 1",0,5
1333246864892760069,2771098682,pigglymichele,Mon Nov 30 03:09:57 +0000 2020,"✅ DAY 40 of #66daysofdata 

✨ did 3 of the hands on practice quizzes on tableaulearning and also the qs from the desktop exam prep guide. Gonna call it a night and watch a drama penthouse 😎",0,1
1333220977728163843,1332613548,imkeller_5,Mon Nov 30 01:27:05 +0000 2020,Day 41 of #66daysofdata! Finished this weeks Database course assignment. Also got back on Dataquest a little.,0,2
1333184552018198531,2212129783,sam_jwalsh,Sun Nov 29 23:02:21 +0000 2020,"#66daysofdata 
Day 12:
Forgot to post my tweet last night!
-Created a function that automatically clusters prospects.
-You can select org, position, and min future value
-it automatically chooses between PCA and t-SNE
here it is in action https://t.co/V1fO9sRM7o",0,1
1333175098254225411,1301025989359788033,AMuktineni,Sun Nov 29 22:24:47 +0000 2020,"Day 4 of #66daysofdata (2.0)

I earned a statement of accomplishment on DataCamp for completing Introduction to Importing Data in Python! https://t.co/AVDNvNFQeZ via @DataCamp @KenJee_DS",0,12
1333116544247754752,3035877464,amansharma2910,Sun Nov 29 18:32:06 +0000 2020,"Day 19 of #66daysofdata:

Read a chapter of the #DeepLearning book by @goodfellow_ian, then hosted an ML book club webinar for #DeveloperStudentClubs. 
Today was exhilarating! 

Pro'ly a break day tomorrow but who knows I might end up spending an hr or 4 studying DL?
#DataScience",0,3
1333109395127898112,909968496011894784,Paiky16,Sun Nov 29 18:03:42 +0000 2020,"Day 3 of #66daysofdata -
⏹️ Worked on implementing Logistic Regression using Pytorch.
⏹️ Brushed up on searching algorithms and implemented them using Python.",0,4
1333087266151964673,1281890679052857346,ShrutiJ87241031,Sun Nov 29 16:35:46 +0000 2020,"Day 13: #66daysofdata 
- how to deal with categorical variable @kaggle 
- multiple regression (code basics)",0,4
1333072950707122176,959045924705026048,bhuvane73039768,Sun Nov 29 15:38:53 +0000 2020,Day 10 of #66daysofdata I learnt steps of model building in R studio,0,1
1333052407920508928,1701937670,kkccookkiiee,Sun Nov 29 14:17:15 +0000 2020,"#66daysofdata #day3 with @KenJee_DS 
Thank you for the good challenge
Today I learned the numpy basic and logistic regression with neural network using python and math concepts",0,2
1333052120203886593,1453368613,VivanVatsa,Sun Nov 29 14:16:07 +0000 2020,"i don't like to code.
why?
feel like an entrepreneur, beaaccch!!

#CodeNewbie #code #programming #100DaysOfCode #100DaysOfMLCode #66daysofdata #Python",2,3
1332986827515383812,1300541186864590848,trainandtest,Sun Nov 29 09:56:40 +0000 2020,"How important is hypothesis creation in an ML pipeline? 

#66daysofdata #Data #DataScience #MachineLearning #ML #AI #100DaysOfCode #ArtificialIntelligence #100DaysOfMLCode",19,6
1332986373951811584,1300541186864590848,trainandtest,Sun Nov 29 09:54:51 +0000 2020,"The 4 steps that engineers should consider for a complete, AI-driven workflow. By: Mathworks Inc. @MathWorks 

#100DaysOfCode #100DaysOfMLCode #66daysofdata #Data #DataScience #MachineLearning #ML #AI #ArtificialIntelligence https://t.co/6b5d7sWZWI",10,5
1332940647523815424,1301025989359788033,AMuktineni,Sun Nov 29 06:53:09 +0000 2020,"Day 3 of #66daysofdata (2.0)

Completed 60% of Chapter 3 -  ’Intro to importing data in python Part 1' @datacamp during which I practiced creating a database engine and querying relational databases in Python.
@KenJee_DS",0,18
1332898131550244864,19448058,paulapivat,Sun Nov 29 04:04:13 +0000 2020,"Day 8: #66daysofdata

- published more polished post on Bayes Theorem, exploring concepts and a simple python example https://t.co/deN5eHVCuW

- worked on some data visualization in ggplot2 R
- contributed some minor python edits to an open source repo 🐍 https://t.co/oEbWu8Xs2o",0,4
1332890910766481408,1199473474202406912,SadounMohammad,Sun Nov 29 03:35:31 +0000 2020,"Day 4 of #66daysofdata 

Finally today I've completed the dplyr method through my journey, in dplyr I had learned how the way that enables me to explore the dataset using different ways. Like select, filter and summarize function.

+",0,1
1332884676483166208,2771098682,pigglymichele,Sun Nov 29 03:10:45 +0000 2020,"✅ DAY 39 of #66daysofdata

🤗 I finished unit 6 today which was about creating stories and the diff file types. Also reviewed the practice qs for the unit and did some practice quizzes from https://t.co/fGvBZRc5MC

#tableau",0,1
1332852226428186624,1332613548,imkeller_5,Sun Nov 29 01:01:48 +0000 2020,Day 40 of #66daysofdata! It's all about university assignments right now. Watched a bit more of 3blue1brown on Neural Networks and am deep into Query optimization.,0,1
1332838619179069440,1320782511748927489,NoahHorsleyDS,Sun Nov 29 00:07:44 +0000 2020,"I worked through another 'medium' SQL problem on @LeetCode today.

Day 32 of #66daysofdata 
Days missed: 1",0,4
1332796880204537864,2527930848,joao96santos,Sat Nov 28 21:21:53 +0000 2020,"49 / #66DaysOfData
•  Worked on my Ongoing Project ""Are You Too Old for Data Science""

•  Updated my Web Portfolio with About Me and MOOC Sections
https://t.co/VjtPgiLVHo",1,3
1332781151111540737,45938414,KiInoue,Sat Nov 28 20:19:22 +0000 2020,"Day38 of #66DaysOfData: reviewing a number of dimensionality reduction techniques, such as: low variance filter, missing values ratio, PCA, backward feature elimination, forward feature construction, high correlation filter. 🐍",0,2
1332760766752100357,3035877464,amansharma2910,Sat Nov 28 18:58:22 +0000 2020,"Day 18 of #66daysofdata:

Started a project today to practice all the skills that I have learned in the past two weeks, and worked a bit for a #MachineLearning  #BookClub meet that I'll be hosting tomorrow.

Finally attended an awesome session on @Firebase hosting by @totv_tech.",0,5
1332757218584891393,1214740859628818432,SripathiMohana1,Sat Nov 28 18:44:16 +0000 2020,"Day53: Today I revised following topics
CART, Bagging, Boosting and Model running.#66daysofdata",0,0
1332751825078865920,1281890679052857346,ShrutiJ87241031,Sat Nov 28 18:22:51 +0000 2020,"Day 12: #66daysofdata 
- machine learning 2 video ( code basics)
- ML excerise",0,4
1332742416114171906,1258031380136509441,thatshutterboi,Sat Nov 28 17:45:27 +0000 2020,"Day 14 of #66daysofdata and it was all Linear Algebra. Day started off by Watching Prof. Gilbert Strang's Lecture and It ended by Watching His Lectures. Math can be Very boring as well as very much enjoyable, just depends on what you are studying.
#Math #DataScience #MIT",0,4
1332721116473741314,1234896090903695361,miad_chakder,Sat Nov 28 16:20:49 +0000 2020,"Anyone looking for a virtual assistant for #dataentry #datamining b2b lead generation #webresearch &amp; admin support services? Via 
@fiverr

#DataEntry #DataMining #bigdata #BigDataAnalytics #copypaste
#DataScience #66DaysOfData https://t.co/SMORbcCEnu",2,4
1332714380933300225,959045924705026048,bhuvane73039768,Sat Nov 28 15:54:03 +0000 2020,Day 9 of #66daysofdata -learnt apply function in R,0,1
1332713015460859905,909968496011894784,Paiky16,Sat Nov 28 15:48:38 +0000 2020,"Day 2 of #66daysofdata -
⏹️ Worked on different Pytorch tensor functions, also started working on an article w.r.t torch functions. 
⏹️ Solved few easy level Leetcode problems on arrays.",0,2
1332621857476861952,1199473474202406912,SadounMohammad,Sat Nov 28 09:46:24 +0000 2020,"Day 3 of #66daysofdata 

Today I've completed the rest of exercises in adding new variables with mutate(). Through these exercises, I explored the mutate method and another method it will assets in added new variables to the datasets also make some alteration. https://t.co/0moRNCXvzH",0,1
1332616554052083713,1453368613,VivanVatsa,Sat Nov 28 09:25:19 +0000 2020,"https://t.co/3cnLuzBTRS
Fun stuff on GitHub
Fork and get started

------
#100DaysOfCode #programming #Python #pythonlearning #OpenSource #github #100DaysOfMLCode #66daysofdata #DevCommunity #Coding #code #CodeNewbie",13,6
1332607278676013056,1300541186864590848,trainandtest,Sat Nov 28 08:48:28 +0000 2020,"Build your own Fake news Classifier! 

Source: Medium 

#100DaysOfCode #100DaysOfMLCode #FakeNews #MachineLearning #ArtificialIntelligence #AI #66daysofdata #Data #DataScience 

https://t.co/xlkCC00U7l",7,8
1332603214953209856,2212129783,sam_jwalsh,Sat Nov 28 08:32:19 +0000 2020,"#66daysofdata
Day 11:
-Applied Principal Component Analysis (PCA) to decorrelate my dataset.
-Clustered similar prospects. Here's my graph below, closer together points are more similar https://t.co/CT1W6YAKs6",0,1
1332558049182150656,2771098682,pigglymichele,Sat Nov 28 05:32:51 +0000 2020,"✅ DAY 38 of #66daysofdata 

✨still on unit 6 today a lot of it isn’t videos anymore it was more reading. 

✨mainly went over formatting, layout, visual best practices and intro to stories. Also played among us and I suck big time 😵

#tableau",0,1
1332541513465815040,1301025989359788033,AMuktineni,Sat Nov 28 04:27:08 +0000 2020,"Day 2 of #66daysofdata (2.0)

Completed Chapters 1 &amp; 2 of ’Intro to importing data in python' @datacamp during which I practiced importing Pickled(.pkl) files, Excel spreadsheets, MATLAB, SAS , Stata and HDF5 files using pandas.
@KenJee_DS",0,14
1332521361072386049,1332613548,imkeller_5,Sat Nov 28 03:07:04 +0000 2020,Day 39 of #66daysofdata! more calm day today. Read about index structures and for my Databases course. Also started 3blue1brown videos about neural networks.,0,2
1332516255593541634,1320782511748927489,NoahHorsleyDS,Sat Nov 28 02:46:46 +0000 2020,"Today was a reading day. I read the first three chapters of Statistics Done Wrong by Alex Reinhart @capnrefsmmat  and picked up Machine Learning Engineering by Andriy Burkov @burkov.

Day 31 of #66daysofdata 
Days missed: 1",1,4
1332509845203906560,62014349,spencermoses,Sat Nov 28 02:21:18 +0000 2020,"The loss function computes the error for a single training example, while the cost function is the average of the loss functions of the entire training set.#66daysofdata",0,1
1332467995428327424,1318596362703962119,dataleftovers,Fri Nov 27 23:35:00 +0000 2020,"Day 19 of #66daysofdata:

Did a small amount of learning on linear regression.",0,1
1332425187455713280,3035877464,amansharma2910,Fri Nov 27 20:44:54 +0000 2020,"Day 17 of #66daysofdata:

Today was all about linear algebra and implementing functions using @PyTorch. Helped me a lot in understanding how NNs reduce a high dimensional data into a latent space encoding for further processing.

#Math is fun!

#DeepLearning #DataScience #Data",0,5
1332411660145811456,19448058,paulapivat,Fri Nov 27 19:51:09 +0000 2020,"Day 7: #66daysofdata 

- just beginning to emerge from my Bayesian 🐰🕳️
🧵 here
https://t.co/FGUUJcOHyv",0,2
1332390565854396416,134117592,SouzaMarvin,Fri Nov 27 18:27:20 +0000 2020,"Day 66 of #66daysofdata 

Continuing with Kaggle's Intro into ML  course... will continue on this journey although I've finished 66 days.

Thank you @KenJee_DS  for this amazing initiative... there were days when I didn't want to do any learning but the 5 min rule saw me thru",0,5
1332385900924260352,959045924705026048,bhuvane73039768,Fri Nov 27 18:08:47 +0000 2020,"Day 8 of #66daysofdata heard 2 podcasts on data science, watched a video on EDA",1,1
1332377506565918721,1258031380136509441,thatshutterboi,Fri Nov 27 17:35:26 +0000 2020,"Day 13 of #66daysofdata Did some Linear Algebra along with algorithms. Read The Python for Data science handbook. Also, Learnt some very important and strong life lessons that I willl remember for a long time. It was Not a 100% productive day but something is better than nothing.",1,4
1332357169509875713,1214740859628818432,SripathiMohana1,Fri Nov 27 16:14:37 +0000 2020,"Day52: 
Today Revised following topics
1.SVM
2.LogisticRegression
3.SGD

And Watched few videos on Recommendation system.

#66daysofdata",0,0
1332354149485166593,1281890679052857346,ShrutiJ87241031,Fri Nov 27 16:02:37 +0000 2020,"Day 11: #66daysofdata 
 - ML how to deal with missing value (kaggle )
 - Confidence interval (stats)
- Z score 
- Students T distribution",0,1
1332352380935970816,1312828245369327617,coderBoy_mmm,Fri Nov 27 15:55:36 +0000 2020,Let's start #66daysofdata challenge,0,1
1332336989559992323,1295257646426214402,innovatesystem1,Fri Nov 27 14:54:26 +0000 2020,"Happy weekend y'all!

#prettylittlething #programming #cancelfairfax #catchtaxi #coding #python #66daysofdata #100DaysOfMLCode #DataScience #javascript #WomenWhoCode #iNovatesystems #NCT_RESONANCE #questionsaskedbyhumans #WorkIt_MV #CodeNewbies #FridayWithMCSoobin https://t.co/TcUmX2RkXW",2,2
1332293837939609601,909968496011894784,Paiky16,Fri Nov 27 12:02:58 +0000 2020,"Day 1 of #66daysofdata -
⏹️ Started working on PyTorch tensors &amp; implemented
linear regression.
⏹️ Revised Python basics.
⏹️ Came across an interesting package -&gt; wikipedia.
       Link -&gt; https://t.co/0buUX28TCZ",0,2
1332283020678717440,1295257646426214402,innovatesystem1,Fri Nov 27 11:19:59 +0000 2020,"Jog your mind! 

#Python #coding #codnewbie #DataScience #womenwhocode #66daysofdata #aespa #BlackFridayDeals #climatechange #deprem #FarmersProtest #iPhone12 #javascript #WorkIt #iNovatesystems #INDvAUS #java #100DaysOfMLCode #ArtificialIntelligence #FridayLituations #programmer https://t.co/dwqd65wfFS",13,6
1332261474148859907,1100066131279106050,codinggeekz,Fri Nov 27 09:54:22 +0000 2020,"Wife and I don't wear wedding rings, we show our commitment to one another by exchanging sim trays in our iPhones. 

#100DaysOfCode #66daysofdata #javascript #java #Python #DEVCommunity #WomenWhoCode #AppleEvent #github https://t.co/LN3lRKrhgD",13,7
1332243154443984896,2212129783,sam_jwalsh,Fri Nov 27 08:41:34 +0000 2020,"#66daysofdata
Day 10:
-Learned more about unsupervised learning in scikit-learn
-Applied t-SNE to my farm system analysis project, so I could visualize similar prospects despite having more than 3 dimensions of data.
I'd like to continue applying clustering to my project. https://t.co/5V5ksy3N5F",0,1
1332226790883008512,1295257646426214402,innovatesystem1,Fri Nov 27 07:36:33 +0000 2020,"Data scienctist? (Like)
Statistician? (Retweet)

Your thoughts! 

#DataScience #Statistics #programming #coding #python #java #javascript #66daysofdata #CodeNewbies #WomenWhoCode #fridaymorning #frijolover #javascript",16,6
1332224506912526337,1295257646426214402,innovatesystem1,Fri Nov 27 07:27:28 +0000 2020,"Artificial intelligence is a wide area.
How do you apply the use of AI in your life?

#66daysofdata #CodeNewbies #coding #DataScientist #WomenWhoCode #AI #ML #AskGOT7 #ConstitutionDay #hadithizanabu #programming #100DaysOfMLCode #Python #iNovatesystems #fridaymorning #frijolover https://t.co/5tY5rP5oKT",15,6
1332206315310034946,2771098682,pigglymichele,Fri Nov 27 06:15:11 +0000 2020,"✅ DAY 37 of #66daysofdata 

✨thanksgiving today and didn’t get much done but still learned Viz animations and how to format dashboards by adding tooltips with dynamic fields 

#tableau",1,1
1332187592859631616,45938414,KiInoue,Fri Nov 27 05:00:47 +0000 2020,Day37 of #66DaysOfData: skew and kurtosis of normal distribution.,0,1
1332143955077697538,1320782511748927489,NoahHorsleyDS,Fri Nov 27 02:07:23 +0000 2020,"I did manual dimensionality reduction on a dataset with 375+ features today. I'm interested to see how it will compare with PCA.

Day 30 of #66daysofdata 
Days missed: 1",0,4
1332122187495579651,1332613548,imkeller_5,Fri Nov 27 00:40:53 +0000 2020,Day 38 of #66daysofdata! Over the last 37 days I saw how many basic skills and knowledge I am lacking. so I decided to take on the https://t.co/r28MieMkuP Data Science Track. I took on the numpy tutorial as the beginning.,3,2
1332047821025861632,1059790562587492357,AvinShah_,Thu Nov 26 19:45:23 +0000 2020,"I'm totally new to Power Bi. I start crawling and now walking. Thank you so much for the amazing Power Bi series 
@codebasicshub #66daysofdata https://t.co/w4FZQYKs1n",0,7
1332029987998760962,1258031380136509441,thatshutterboi,Thu Nov 26 18:34:31 +0000 2020,"Day 11 of #66daysofdata - Made a Todo list app with Flask Backend. Did a ton of Linear Algebra all thanks to Prof. Gilbert Strang.
Day 12 of #66daysofdata - Read Book for this week's book club meet. Linear Algebra as well as a lil Bit DSA. That's it!
#MachineLearning #AI #DSA",0,5
1332029560200646656,2196223957,AncilEric,Thu Nov 26 18:32:49 +0000 2020,"Day 1 of #66DaysofData with @KenJee_DS
As part of my MySQL course I created an Instagram clone database and ran a few queries. 

Spent quite some time on HackeRrank, solved 17 challenges and got my 5 star sql badge.",0,12
1332029439429857280,134117592,SouzaMarvin,Thu Nov 26 18:32:20 +0000 2020,"Day#63-65 of #66daysofdata 

Missed 2 days 

Started and working to complete  Kaggle's micro course on ML",0,6
1332029033589198854,857197439484342273,TayoSolana_,Thu Nov 26 18:30:44 +0000 2020,"Hi 😃

Anyone here familiar with @Foursquare's API and SDK and willing to help a newbie out?

#CodeNewbie #100daysofcodechallenge 
#66daysofdata #100DaysOfMLCode",1,1
1332023037940609025,1318596362703962119,dataleftovers,Thu Nov 26 18:06:54 +0000 2020,"Day 18 of #66daysofdata:

I don't have much time today (for obvious reasons). But I made sure to write a few lines of code to keep up the habit. 

I would like to thank @KenJee_DS, @StorybyData, and @keithgalli for producing amazing and helpful content.",0,4
1332004596596703232,1281890679052857346,ShrutiJ87241031,Thu Nov 26 16:53:37 +0000 2020,"Day 10:  #66daysofdata
-  completed the Titanic notebook in kaggle through intro to ML micro course in kaggle",0,3
1332002607221575686,1181293504615587840,hotmerchs,Thu Nov 26 16:45:43 +0000 2020,"Order yours now. 
https://t.co/0xlsaWK5DI

#DataScience, #BlackFriday #BigData #100DaysOfCode #66daysofdata #DataAnalytics #MachineLearning #DeepLearning #AI #Coding  #Analytics #Dataviz #Python #100DaysOfCode https://t.co/DZ2WTdboHq",9,3
1332001999529930753,1181293504615587840,hotmerchs,Thu Nov 26 16:43:18 +0000 2020,"Hello data science professionals, get yours now! 
https://t.co/0xlsaWK5DI

#DataScience, #BlackFriday #BigData #100DaysOfCode #66daysofdata #DataAnalytics #MachineLearning #DeepLearning #AI #Coding  #Analytics #Dataviz #Python #100DaysOfCode https://t.co/2ETlAffYzg",13,9
1331994132869308417,1319794636915761152,kenwongkaien,Thu Nov 26 16:12:03 +0000 2020,"Day 30 of #66daysofdata:
Reviewed the concept of mean in statistics.",0,7
1331988571801092098,1300541186864590848,trainandtest,Thu Nov 26 15:49:57 +0000 2020,"Here’s what I’ve been working on for the past two days
#TimeSeries analysis using #AutoArima in #Python for #Stock  prices of Yes Bank Ltd.

Do review and Upvote, if you like it! 

#100DaysOfCode #100DaysOfMLCode #kaggle #66daysofdata #MachineLearning 

https://t.co/f5qXKZ4gyP",7,7
1331985506289152002,1453368613,VivanVatsa,Thu Nov 26 15:37:46 +0000 2020,"from data to data pronounciation..... you grew up.

or not?

#Python #66daysofdata #programmer #dataviz #DataScience #bigdata #100DaysOfCode #DEVCommunity",0,2
1331969176324304897,1310565371389177858,R1SE_823,Thu Nov 26 14:32:53 +0000 2020,"Day 35 of #66daysofdata 
- Continued week 8 of ML by Andrew Ng
- practiced python in Hackerank",0,3
1331949694373662720,209191879,bhatnagarkush,Thu Nov 26 13:15:28 +0000 2020,"Day-3 to Day-9 : Learn about FAST  API library , created dummy APIs and trying to implement in data science project.

Checking intro videos of  deep learning courses.
#66daysofdata #BetterLateThanNever",2,1
1331941054833065984,1701937670,kkccookkiiee,Thu Nov 26 12:41:08 +0000 2020,"#66daysofdata #day2
Today I learned
- connect Python and database using SQLite3 library on Codecademy
- gradient descent for logistic regression on Coursera",0,1
1331913577280667648,2588345408,paulr_rohan,Thu Nov 26 10:51:57 +0000 2020,"Feeling #Thankful and humbled to reach 700 followers in #medium #Blog 

https://t.co/vf7QS4dTiT

#MachineLearning #DataScience #Python #100DaysOfMLCode #66Daysofdata #blogging #Bloggers #Blog https://t.co/UpEBt4HOj1",0,3
1331885336805326849,2212129783,sam_jwalsh,Thu Nov 26 08:59:44 +0000 2020,"#66daysofdata 
Day 9:
-Started new chapter of Analyzing Baseball Data in R
-Evaluated the effect counts on hitter/pitcher performance and pitch selection.",0,2
1331838512824348672,909968496011894784,Paiky16,Thu Nov 26 05:53:40 +0000 2020,"Starting #66daysofdata initiative by @KenJee_DS from tomorrow.
Focus for next 66 Days-
⏹️ Kaggle Micro Course Series 
⏹️ Machine Learning Crash Course -  Google
⏹️ Zero to Gans - Jovian
⏹️ Book - AAMLP by Abhishek Thakur
⏹️ Hackathons &amp; Portfolio",1,7
1331818852334723079,45938414,KiInoue,Thu Nov 26 04:35:33 +0000 2020,"Day36 of #66DaysOfData: the simplicity of Scikit-Learn for data preparation is so useful: SimpleImputer, ColumnTransformer, OneHotEncoder, LabelEncoder 🐍",1,3
1331812355467046912,2771098682,pigglymichele,Thu Nov 26 04:09:44 +0000 2020,"✅ DAY 36 of #66daysofdata 

😋😋 so happy today because I finished what I wanted to finish by 5 pm so I had time to go on douyin

✨ went to two live review sessions for unit 4-5 and also started unit 6 with learning how to use filter and url in dashboards 

#tableau",1,1
1331805426715926528,1320782511748927489,NoahHorsleyDS,Thu Nov 26 03:42:12 +0000 2020,"Today I started Chapter 1 in The Black Swan and cleaned up a project repo on my GitHub. Does anyone else wish they could write everything in Markdown?

Day 29 of #66daysofdata 
Days missed: 1",0,4
1331802202906783744,1108001526872723461,datapride_net,Thu Nov 26 03:29:23 +0000 2020,"Become a data science expert and get all the support you need.
https://t.co/jZgf9jh7JZ

#66daysofdata
#DataAnalytics #MachineLearning #DeepLearning #AI
#Coding #DataScience #Analytics #Dataviz #Python #100DaysOfCode",12,2
1331801844469948417,1108001526872723461,datapride_net,Thu Nov 26 03:27:58 +0000 2020,"The Smartest Way To
Learn Data Science Online.
https://t.co/jZgf9jh7JZ

#100DaysOfCode #66daysofdata
#DataAnalytics #MachineLearning #DeepLearning #AI #Coding #DataScience #Analytics #Dataviz #Python #100DaysOfCode",3,3
1331782391921217536,1214740859628818432,SripathiMohana1,Thu Nov 26 02:10:40 +0000 2020,"Day 51: Revised Unsupervised algorithms(kmeans, agglomerative clustering) and dimensionality reduction (PCA, TSNE, NMF) #66daysofdata",0,0
1331771420964216838,802659374971944963,StorybyData,Thu Nov 26 01:27:04 +0000 2020,"What is the #66daysofdata challenge?
https://t.co/k0oMR9Gk1J",1,10
1331769990270300160,1332613548,imkeller_5,Thu Nov 26 01:21:23 +0000 2020,Day 37 of #66daysofdata! I was able to use MoviePy to make my animations and make it work for the NFL Data. Thanks again to @lastrowview. I used a lot of the code in his GitHub to make it work! The notebooks there are pretty helpful!,1,2
1331717434127093760,2527930848,joao96santos,Wed Nov 25 21:52:33 +0000 2020,"48 / #66DaysOfData
•  Read ""Generative Pretraining from Pixels"" Paper
https://t.co/HcavAmZT6s

•  Started the ""2020 Kaggle ML &amp; DS Survey"" Competition with the Project: ""Are You Too Old For Data Science"" (WIP)",1,2
1331711488533409792,1272594316507004929,JamesJDargan,Wed Nov 25 21:28:55 +0000 2020,"Day 1 of #66daysofdata: Completed LinkedIn Learning's Git Essentials Course. Reviewed git design, trees, commits, reversions, and gitignore.",0,0
1331698728558866432,1318596362703962119,dataleftovers,Wed Nov 25 20:38:13 +0000 2020,"Day 16 and 17 of #66daysofdata:

Focused on data visualization. Imagine a tableau + Thanksgiving table pun.",0,2
1331664478279122945,1281890679052857346,ShrutiJ87241031,Wed Nov 25 18:22:07 +0000 2020,"Day 9: #66daysofdata 
- Completed the intro of ML micro course in kaggle 
- Submitted my first ever kaggle competition (house price competition)
@KenJee_DS",0,7
1331662472189784066,1295257646426214402,innovatesystem1,Wed Nov 25 18:14:09 +0000 2020,"Data science in a nutshell!

#datascience #DiegoArmandoMaradona #python #Java #66daysofdata #WomenWhoCode #16DaysOfActivism #HipHopVideo #LisaOnPenshoppeTV #NivarCycloneUpdate #oscars2021 #iNovatesystems #coding #programmimg #100DaysOfMLCode #100daysofcodechallenge #Statistics https://t.co/6pP27qN40d",14,10
1331641823652003840,1319794636915761152,kenwongkaien,Wed Nov 25 16:52:06 +0000 2020,"Day 29 of #66daysofdata:
Read a few papers regarding multi-label convolutional neural network (MLCNN).",0,4
1331624715530555393,19448058,paulapivat,Wed Nov 25 15:44:07 +0000 2020,"Day 5-6: #66daysofdata

- Still working through Bayes' Theorem 
- documenting my progress here: https://t.co/zz7m77buVJ

- will publish fuller post tomorrow",0,2
1331580929454718977,1199473474202406912,SadounMohammad,Wed Nov 25 12:50:07 +0000 2020,"Day 2 of #66daysofdata 

Today I continued reading on D4DS Ch 3, which is all about dplyr method that focuses on how we can do some modification on the dataset. I've completed till mutating exercises. https://t.co/MDGnJSPn3o",0,0
1331558606118928385,1701937670,kkccookkiiee,Wed Nov 25 11:21:25 +0000 2020,"#66daysofdata #day1
 Today I study the neural network from neural networks and deep learning course by Andrew Ng
I found that logistic regression could be more accuracy if I applied with neural network
Today learning track: cost function and gradient descent",1,1
1331541817070850048,1295257646426214402,innovatesystem1,Wed Nov 25 10:14:42 +0000 2020,"Jog your mind!
Comment your answer below 

#python #coding #developers #programming #MySQL  #womenwhocode #66daysofdata #100DaysOfCode #iNovatesystems #WeLoveYouCorbyn #100DaysOfMLCode #AI #statistics #javascript #java #wednesdaythought #WeAreUnstoppable #MathiasCormann #maths https://t.co/31KYqYatA9",11,11
1331523779059585028,1300541186864590848,trainandtest,Wed Nov 25 09:03:02 +0000 2020,"#QuestionOfTheDay Should feature selection be integrated into production pipeline? 

#data #DataScience #DataAnalytics #MachineLearning #AI #ArtificialIntelligence #66daysofdata #100DaysOfCode #100DaysOfMLCode",8,7
1331507722567692288,2212129783,sam_jwalsh,Wed Nov 25 07:59:13 +0000 2020,"#66daysofdata 
Day 8:
-Pretty busy day today, but I definitely got data science in due to my econometrics class which uses R https://t.co/PxT9FVhYBW",0,2
1331500376298643456,1453368613,VivanVatsa,Wed Nov 25 07:30:02 +0000 2020,"from logarithms to algorithms, we grew up.

#100DaysOfCode #Python #DEVCommunity #programming #66daysofdata #CodeNewbie #DEVCommunityIN",14,8
1331498071201550337,1301025989359788033,AMuktineni,Wed Nov 25 07:20:52 +0000 2020,"Beginning 2nd cycle of #66daysofdata @KenJee_DS 

Day 1 of #66daysofdata (2.0)

Completed 60% of Chapter1 - 'Intro to Importing Data in Python' @DataCamp during which I had practiced importing flat files using NumPy. (np.loadtxt(), np.genfromtxt(), np.recfromcsv())",1,18
1331492880188321793,1301025989359788033,AMuktineni,Wed Nov 25 07:00:15 +0000 2020,@KenJee_DS Thank You! this helped. Have been exploring datasets for the last couple of weeks. I have now decided to work on a problem that I am familiar with and related to the geographical area I reside in. Will continue to update my progress during #66daysofdata (2.0),0,4
1331492247905439747,1295257646426214402,innovatesystem1,Wed Nov 25 06:57:44 +0000 2020,"Data scienctist?
Here's one for you!
What are the skills needed?

#datascience #66daysofdata #womenwhocode #python #bigdata #Rstats #deeplearning #AI #ML #100DaysOfCode #ChampionsLeague #kidscantwait #parlerhack #prpgramming #Developer #iNovatesystems #StopDonkeySlaughter #coding https://t.co/DmeTKrJiWx",40,12
1331489555795599360,1301025989359788033,AMuktineni,Wed Nov 25 06:47:02 +0000 2020,@geekanvesh @kaggle @KenJee_DS Congratulations!💐Looking forward to see you in #66daysofdata 2.0 😉,0,2
1331487542701662208,1295257646426214402,innovatesystem1,Wed Nov 25 06:39:02 +0000 2020,"Register with us for Python classes at https://t.co/T0lWreaFHO

#python #100DaysOfCode #Coding  #66daysofdata #womenwhocode #DataScience #ableg #BTSGrammyNomination #ChampionsLeague #GRAMMYs #ilcollegio #kidscantwait #nakedattraction #iNovatesystems #OrangeTheWorld #ML #AI #Java https://t.co/5hJTJstm3n",27,6
1331479049386950656,2588345408,paulr_rohan,Wed Nov 25 06:05:17 +0000 2020,"My next #Blog  

#DataScience #100DaysOfMLCode #Python #DataScientist #66daysofdata #Statistics #Mathematics

https://t.co/t2PCpcVcbO",1,0
1331461431166963713,2771098682,pigglymichele,Wed Nov 25 04:55:17 +0000 2020,"✅ DAY 35 of #66daysofdata 

✨ omg I finished unit 5 today except the video review that imma finish up tonight as well

✨learned to write join calculations, blend data from two sources, edit the relationship when the common field has a diff name, and unions! 

#tableau",0,2
1331448971709931523,970641039248703488,kohli_tripti,Wed Nov 25 04:05:46 +0000 2020,"Day 61: #66daysofdata 
Started kaggle micro machine learning course.",0,2
1331447609156767744,1244281058255704070,ShibiAkino,Wed Nov 25 04:00:21 +0000 2020,"Day 8 Part 1 of my #66daysofdata

Doing my refresher course in Data Structures and Algorithms in Python.
To be honest, it is easy to learn Python as a programming language, but if you do not study nor understand its algorithm and data structure, then you'll be a bad programmer.",0,0
1331445837860274186,1214740859628818432,SripathiMohana1,Wed Nov 25 03:53:19 +0000 2020,Day 50:  Implement the encoder-decoder model with the Keras functional API. Learned about RepeatVector and TimeDistributed layers. #66daysofdata,0,0
1331443936993239041,45938414,KiInoue,Wed Nov 25 03:45:46 +0000 2020,Day35 of #66DaysOfData: matplotlib mania.,0,0
1331438737067307010,1272594316507004929,JamesJDargan,Wed Nov 25 03:25:06 +0000 2020,Starting #66daysofdata tomorrow AM. Planned topics and goals for first 30 days. First up: Git Fundamentals,0,0
1331427558785650688,1327577395776299008,jwfaureDS,Wed Nov 25 02:40:41 +0000 2020,"Day 12 of #66DaysOfData - #tidytuesday
Recently introduced to this wonderful initiative and opted to look back at previous datasets today. An early #datavisualization looking at successful #NFL teams over the last 20 years.
#datascience #machinelearning #dataanalytics #dataviz https://t.co/UboODObkTy",3,2
1331423309892882434,1320782511748927489,NoahHorsleyDS,Wed Nov 25 02:23:48 +0000 2020,"I started reading The Black Swan by @nntaleb today. I was recommended this book by a colleague and am excited to dig in.

Day 28 of #66daysofdata 
Days missed: 1",0,1
1331352044041613317,1169311344316882945,AdarrabYoussef,Tue Nov 24 21:40:37 +0000 2020,#66daysofdata :  It's been a month and I'm still working regularly even if I didn't post a lot on it. The following weeks will be crucial for my internship hunting : I'm planning on finishing the Deep Learning and NLP Specializations while implementing 2 or 3 projects. https://t.co/d1wUk12EZ1,0,5
1331303636891156481,1258031380136509441,thatshutterboi,Tue Nov 24 18:28:16 +0000 2020,"Day 10 of #66daysofdata and today I finally got my Model Working properly. It Helps in classifying between Different Brain Tumors. Also Did some Linear Algebra this afternoon. To end the day, I did some Flask and just got the server running. Tommorow a Mini project.
#Data #ML #DL",1,3
1331295859808624643,1332613548,imkeller_5,Tue Nov 24 17:57:21 +0000 2020,Day 36 of #66daysofdata! I was able to build the Voronoi diagrams but I am struggling with getting everything into one animation. Have to take another look at it tomorrow.,0,1
1331291643669082117,1108001526872723461,datapride_net,Tue Nov 24 17:40:36 +0000 2020,"complete real-world coding exercises directly in your browser—no downloads or complex installations. 
https://t.co/jZgf9jh7JZ

#66daysofdata
#DataAnalytics #MachineLearning #DeepLearning #AI
#Coding #DataScience #Analytics #Dataviz #Python #100DaysOfCode",1,1
1331291535489572874,1108001526872723461,datapride_net,Tue Nov 24 17:40:10 +0000 2020,"Master the basics of querying tables in relational databases such as MySQL, SQL Server, and PostgreSQL.
https://t.co/jZgf9jh7JZ

#66daysofdata
#DataAnalytics #MachineLearning #DeepLearning #AI
#Coding #DataScience #Analytics #Dataviz #Python #100DaysOfCode",1,2
1331291398503608322,1108001526872723461,datapride_net,Tue Nov 24 17:39:38 +0000 2020,"Master the basics of data analysis in Python. Expand your skillset by learning scientific computing with numpy.
https://t.co/jZgf9jh7JZ

#66daysofdata
#DataAnalytics #MachineLearning #DeepLearning #AI
#Coding #DataScience #Analytics #Dataviz #Python #100DaysOfCode",1,1
1331291290542149634,1108001526872723461,datapride_net,Tue Nov 24 17:39:12 +0000 2020,"Get hands-on data science experience.
https://t.co/jZgf9jh7JZ

#66daysofdata
#DataAnalytics #MachineLearning #DeepLearning #AI
#Coding #DataScience #Analytics #Dataviz #Python #100DaysOfCode",7,2
1331291174745886730,1108001526872723461,datapride_net,Tue Nov 24 17:38:44 +0000 2020,"The best site to learn data science online. 
https://t.co/jZgf9jh7JZ

#66daysofdata
#DataAnalytics #MachineLearning #DeepLearning #AI
#Coding #DataScience #Analytics #Dataviz #Python #100DaysOfCode",3,2
1331291026242351105,1108001526872723461,datapride_net,Tue Nov 24 17:38:09 +0000 2020,"Become a data science expert and get all the support you need.
https://t.co/jZgf9jh7JZ

#66daysofdata
#DataAnalytics #MachineLearning #DeepLearning #AI
#Coding #DataScience #Analytics #Dataviz #Python #100DaysOfCode",5,4
1331290909233868800,1108001526872723461,datapride_net,Tue Nov 24 17:37:41 +0000 2020,"Whether you’re just starting out or a seasoned pro, improve your skills in data manipulation, data visualization, statistics, machine learning, and more.
https://t.co/jZgf9jh7JZ

#66daysofdata
#DataAnalytics #MachineLearning #DeepLearning #AI
#DataScience #Python #100DaysOfCode",2,1
1331290685341904900,1108001526872723461,datapride_net,Tue Nov 24 17:36:48 +0000 2020,"Whether you’re just starting out or a seasoned pro, improve your skills in data manipulation, data visualization, statistics, machine learning, and more.
https://t.co/jZgf9jh7JZ

#66daysofdata
#DataAnalytics #MachineLearning #AI
#Coding #DataScience #Python #100DaysOfCode",3,1
1331290475593084934,1108001526872723461,datapride_net,Tue Nov 24 17:35:58 +0000 2020,"Master new skills with real-world projects and daily practice challenges.
https://t.co/jZgf9jh7JZ

#66daysofdata
#DataAnalytics #MachineLearning #DeepLearning #AI
#Coding #DataScience #Analytics #Dataviz #Python #100DaysOfCode",6,4
1331290349642215425,1108001526872723461,datapride_net,Tue Nov 24 17:35:28 +0000 2020,"The Smartest Way To
Learn Data Science Online.
https://t.co/jZgf9iZwlp

#100DaysOfCode #66daysofdata
#DataAnalytics #MachineLearning #DeepLearning #AI #Coding #DataScience #Analytics #Dataviz #Python #100DaysOfCode",3,3
1331290173682954247,1108001526872723461,datapride_net,Tue Nov 24 17:34:46 +0000 2020,"The best way to learn data science. 
https://t.co/Xy0YmzN0Mp

#100DaysOfCode #66daysofdata
#DataAnalytics #MachineLearning #DeepLearning #AI #Coding #DataScience #Analytics #Dataviz #Python #100DaysOfCode",2,3
1331290086521131008,1108001526872723461,datapride_net,Tue Nov 24 17:34:25 +0000 2020,"30 open data sources that you can you can get data for your projects.
https://t.co/jfP2BSY1Cg

#100DaysOfCode #66daysofdata
#DataAnalytics #MachineLearning #DeepLearning #AI #Coding #DataScience #Analytics #Dataviz #Python #100DaysOfCode",4,2
1331289942471925761,1108001526872723461,datapride_net,Tue Nov 24 17:33:51 +0000 2020,"Microsoft unveils a no code machine learning training app.
https://t.co/KLTvovECTg

#100DaysOfCode #66daysofdata
#DataAnalytics #MachineLearning #DeepLearning #AI #Coding #DataScience #Analytics #Dataviz #Python #100DaysOfCode",4,2
1331289811978776588,1108001526872723461,datapride_net,Tue Nov 24 17:33:20 +0000 2020,"Free resources that teach you SQL
https://t.co/BAZFbOnJae

#100DaysOfCode #66daysofdata
#DataAnalytics #MachineLearning #DeepLearning #AI #Coding #DataScience #Analytics #Dataviz #Python #100DaysOfCode",1,2
1331269207011463169,1281890679052857346,ShrutiJ87241031,Tue Nov 24 16:11:27 +0000 2020,"Day 8: #66daysofdata 
   - matplotlib histogram 
  - matplotlib pie chart 
  - matplotlib save the figure 
( Going to have a heavy cyclone over here so hope there won't be a power shut down✌️)
@KenJee_DS",0,4
1331255920689520641,1199473474202406912,SadounMohammad,Tue Nov 24 15:18:39 +0000 2020,"Day one of #66daysofdata challenges, I have completed the first two chapters form the book R for data science (R4DS) with the whole exercises. Now I am working in dplyr method hopefully, by the end of tomorrow night, I can finalize the entire activities of chapter three.",0,0
1331216543036764160,1244281058255704070,ShibiAkino,Tue Nov 24 12:42:11 +0000 2020,"Day 7 of my #66daysofdata
I did a refresher course of Math and User Interface in Python PL.
Indeed it is good to go back to the basics. ♡♡♡",0,0
1331134367918223361,2212129783,sam_jwalsh,Tue Nov 24 07:15:39 +0000 2020,"#66daysofdata 
Day 7:
-Finished Run Expectancy Chapter of Analyzing Baseball Data with R
-Calculated expected run value of base stealing",1,2
1331133779281371140,1295257646426214402,innovatesystem1,Tue Nov 24 07:13:18 +0000 2020,"Are you thinking of data science is a career?
You ate in the right path. Register at https://t.co/T0lWreaFHO.

#datascience #python #66daysofdata #coding #WomenWhoCode #Africa #GRAMMYs #JISOO #Jambokenya #programming #spotifyxbts #velence #iNovatesystems #100DaysOfMLCode #AI #ML https://t.co/APl5NHA9IB",18,8
1331129111973081089,1295257646426214402,innovatesystem1,Tue Nov 24 06:54:46 +0000 2020,"Do you want to know more about these languages?
Register with us at https://t.co/T0lWreaFHO for the course 😊

#python #coding #developer #businessintelligence #datascience #java #javascipt #R #WomenWhoCode  #66daysofdata  #ML #AI #Africa #iNovatesystems #cryptocurrency #GRAMMYs https://t.co/UGGUBNiqK4",5,1
1331095111564980224,2771098682,pigglymichele,Tue Nov 24 04:39:39 +0000 2020,"✅ DAY 34 of #66daysofdata aka my most productive day hands down so far 🤭

✨ Started and went through half of unit 5 today.

✨ Learned reference lines, bands, box plots, generating forecast, building histograms, box and whisker plots and using table joins 

#tableau #data",0,2
1331092426006482945,1300541186864590848,trainandtest,Tue Nov 24 04:28:59 +0000 2020,"#QuestionOfTheDay Which is the most important contribution on @kaggle ?

#Data #DataScience #MachineLearning #ArtificialIntelligence #100DaysOfCode #100DaysOfMLCode #66daysofdata",9,7
