tweet_id,user_id,user_name,created_at,full_text,retweets,favorite
1392119346823106565,25925939,_dataenergy_,Tue May 11 14:08:11 +0000 2021,"On Day 03 of #66daysofdata, I Completed @Datacamp 'Machine Learning with Tree-Based Models in Python' course. 

Takeaway: we can improve our single model prediction performance using Ensemble Methods that can...(1/3) 

#machinelearning #artificialintelligence #datascience #python",1,1
1392117261209583619,1377113586145751042,sustainablersyd,Tue May 11 13:59:54 +0000 2021,"Day 40 (yesterday) of #66daysofdata with @KenJee_DS 
- just some postgresql exercises :)",0,1
1392099635536166917,2352929006,AkirasGames,Tue May 11 12:49:51 +0000 2021,"Day 25 : Tried implementing Label Encoding and One-hot Encoding for data preprocessing on Housing Price Competition from Kaggle, and submitted two predictions. After that, I learnt about Pipelines.
#66DaysOfData",0,0
1392093607365066753,1326132466055323655,Nonyedollars,Tue May 11 12:25:54 +0000 2021,"6/66

I was only able to finish 70% of my tasks on Qwiklabs before the time ran out. I'm almost done with the second course on the Google data analytics series. The course is becoming more challenging but I'm enjoying it.

#66daysofdata",0,1
1392081668903563266,360668611,daniellabrito26,Tue May 11 11:38:28 +0000 2021,"Day 38 - Starting classification model SVM .
-Maximal Margin classifier 
-Soft Margin classifier 
How they deal with non linear data in focus . #66daysofdata #MachineLearning",1,7
1392081072410611717,1276070101196795904,thinam_,Tue May 11 11:36:05 +0000 2021,"I have presented the implementation of Reading and Preprocessing the Dataset, Subsampling and Comparison using PyTorch here in the snapshot.
📒 Journey on Machine Learning and Deep Learning:https://t.co/I7KFrKDaJI
#MachineLearning #DeepLearning #66daysofdata https://t.co/elNszHgTsQ",0,1
1392065876128632834,602408175,golubovalex,Tue May 11 10:35:42 +0000 2021,"Day 21 of #66daysofdata: 1-st part of the lesson on rows filtering of Introduction to SQL course on DataCamp, completing 1-st course of Google Data Analytics certificate, reading about SQL data types from Learning SQL book.",0,3
1391994877555118080,397272525,shatandv,Tue May 11 05:53:35 +0000 2021,"Day 126 of #66DaysOfData:
- Read about uplift modeling with ML,
- Attended a webinar on solving a churn problem with ML.",0,14
1391939860601229313,1179254091521941508,jasonvero,Tue May 11 02:14:58 +0000 2021,"Day 9 - of #66DaysOfData

If I'm being honest with myself, I had very little energy or drive to do any self-studying today

Even so, I pushed through and utilized If statements and While loops to build a guessing game, and learned about For loops. 

#DataScience #Python",1,14
1391937181254488066,1363855621628465153,korasaju_a,Tue May 11 02:04:19 +0000 2021,"Day 56–58 of #66DaysofData with @KenJee_DS 

•Reviewed Statistics for Data Science and Python. 
•Continued SQL — Learned stored routines
•Worked on a McDonald’s Dataset",1,12
1391928282153586689,1137782574036635649,thedataprof,Tue May 11 01:28:57 +0000 2021,"Are you thinking of using #AutoML for your #datascience and #machinelearning projects? Then, check out this amazing article from Bojan (@tunguz) to get you started.
#66daysofdata https://t.co/lYlAy0tP7x",6,13
1391908616114884609,2149586883,vperez2000,Tue May 11 00:10:49 +0000 2021,"#66daysofdata #R3 #Day24 by @KenJee_DS
@DataCamp DS track

I start with Supervised Learning with scikit-learn, finally the fun stuff 🙌🏻🙌🏻
.
Side note: 
I'm really happy about feeling lost in all of this concepts one year ago, learn is a beautiful process 🎉📊 https://t.co/tCr3lnv7KP",0,11
1391873597254348803,32453704,anyachocolat,Mon May 10 21:51:40 +0000 2021,"Day 36 of #66DaysOfData:
- continued with the course, did some exercises with linear and square equations",0,9
1391868010168819716,1324652185964204033,meyke9976,Mon May 10 21:29:27 +0000 2021,"Day 121 of #66daysofdata by @KenJee_DS 
Tried to improve the tweets model today... no breakthrough yet. I'll sleep on another (a new and improved) plan and if nothing comes to me in my sleep, I will  try to do some decent online research tomorrow to see if I can come up with smth",0,13
1391866645946249222,1240953896,asvn90,Mon May 10 21:24:02 +0000 2021,"Day 3 of #66daysofdata with @KenJee_DS 

Started with the Data Strategy course on @365datascience hosted by @BernardMarr Looking forward to see all the real-world scenarios of where companies have used data to their benefit https://t.co/m7xHHv7syE",0,8
1391856471181299712,1300492664308146176,MarkusM99098101,Mon May 10 20:43:36 +0000 2021,"Day 64 of #66DaysOfData r2: watched the new video in the Generating Python code with GPT series.
https://t.co/RE6hUuC76L",0,7
1391828704792387587,1389606414474227715,Nobre_Lucas18,Mon May 10 18:53:16 +0000 2021,"Day 07 of #66daysofdata 

- I finished the last class of Alura's ""Data Immersion"" event, which introduced me to basic concepts of Machine Learning
- I studied the basics of histograms and how to use them.",0,1
1391827771664605191,71251893,MirceaMesesan,Mon May 10 18:49:34 +0000 2021,"Day 08 of #66DaysOfData. Did some exercises on my own to better understand some methods in python. Strings and dictionaries, explored the power of list comprehensions. I love the rstrip() method.",0,1
1391824293420544006,951871594376376320,JackRaifer,Mon May 10 18:35:45 +0000 2021,"I have always been a big fan of Entrepreneurship, and even more since becoming a Data Scientist.
All I can say is Never Wait for a Job to Start Working in #DataScience.

Join me for more at the @odsc Europe 👇👇👇

https://t.co/06KYG7DcXt

#66DaysOfData
#DATApreneurship",0,4
1391822515710959616,929998650,KehalHoussem,Mon May 10 18:28:41 +0000 2021,"Day 0⃣8⃣:

Today I've worked on the AirQo Low-Cost Air Quality Monitor Calibration Challenge on @ZindiAfrica.
I couldn't improve the performance of the model. hoping to get a better score next time xD.

#66daysofdata #MachineLearning #DataScience",1,2
1391819359274868739,901324520346091520,Sanskar1531,Mon May 10 18:16:08 +0000 2021,"day 14 of #66daysofdata 
Continued with survival analysis. Today I covered life tables, their types, how they're made and operation on its components, the relationship between all of the components (lx, dx, qx) followed by law of mortality covering gompertz law and makehem's law. https://t.co/nuYGaXewkN",0,10
1391817382365122560,1649054340,a_escontrela,Mon May 10 18:08:17 +0000 2021,"Day 39 &amp; 40 of #66daysofdata started another ETL mini project, but this time using NoSQL database, using Cassandra Python wrapper",0,12
1391813801603862533,731856877139558400,ABYA80,Mon May 10 17:54:03 +0000 2021,"R2: #66daysofdata with @KenJee_DS

Day 53: Today, I did some Visualization using seaborn. Currently, studying the graphs to write some insights. 
Learned about the folium and made a map chart and a heatmap. https://t.co/cwj1YQSVqL",0,23
1391794112479694848,19448058,paulapivat,Mon May 10 16:35:49 +0000 2021,"R3: Day 30 #66daysofdata

• Been all about SQL to query token trading patterns and understanding foundational concepts of Ethereum

https://t.co/BFs6r7EIjH",0,1
1391780354512408577,2352929006,AkirasGames,Mon May 10 15:41:09 +0000 2021,"Day 24 : Still reading the same chapter about pandas
#66DaysOfData",0,10
1391768814417817601,1352186511433805824,balalaikagrunge,Mon May 10 14:55:17 +0000 2021,"Day 6 of #66daysofdata with @KenJee_DS 
Nevermind the plan of doing more reading. My project has stalled because all my hyperparameter tuning code is returning worse and worse results the more I'm trying to tweak it 😒 brb, just need to bash my head on the table for a little bit",0,9
1391761861394243586,1377113586145751042,sustainablersyd,Mon May 10 14:27:40 +0000 2021,"Day 35 (may 5th) of #66daysofdata with @KenJee_DS
- lagging behind on updates but all of last week was just lots of SQL, lookML, dbt stuff and then my work laptop broke on Thursday :( not much data since thursday",0,7
1391748352941854723,1310565371389177858,R1SE_823,Mon May 10 13:33:59 +0000 2021,"Day 66 of #66daysofdata 
- Working on a Thai text classification project",0,1
1391729235690082306,444522096,BristowColin,Mon May 10 12:18:01 +0000 2021,Uniting the power of the cloud with #AI and #analytics creates possibilities for everyone to innovate. Check out how society benefits in this @nytimes paid post. #ArtificialIntelligence #AI #DataScience #100DaysOfCode #Python #RPA #66daysofdata https://t.co/bF7v6uh02J,2,1
1391705656726544384,4422261493,inder1996singh,Mon May 10 10:44:19 +0000 2021,"Day1:
Created a python script which would email the available vaccine slots for a particular area in India to the user.
Data concept used : pandas
Feel free to drop your suggestions.
#programming #python #data #66daysofdata #vaccination2021 

https://t.co/5jb499nrfI",0,8
1391700076716773377,1356609984163889154,jo_grammer,Mon May 10 10:22:09 +0000 2021,"#66daysofdata 

I'll be back in a couple of days for  round 2

I'll structure this one and focus on some concepts I want to master https://t.co/zIYZhrQIjh",0,9
1391695816184717316,1356609984163889154,jo_grammer,Mon May 10 10:05:13 +0000 2021,"Day 66 #66daysofdata 

yesterday had it off
 
Decided to make it today, spent the morning going through topics I have learned so far and evaluating skill wise where I'm at &amp; what the plan is next
Read a few articles on TDS about concepts and ideas.

https://t.co/dlwVbpyTC5",0,9
1391689477735788544,1384179766551400448,SpaceAxolotl2,Mon May 10 09:40:02 +0000 2021,Day 3 of #66daysofdata. K-means clustering and K-nearest neighbors. @joshuastarmer Your videos are very helpful. Thanks 🤜,0,9
1391677869970034691,397272525,shatandv,Mon May 10 08:53:54 +0000 2021,"Day 125 of #66DaysOfData:
- Went through some asyncio fundamentals,
- Read an article on RabbitMQ and Apache Kafka,
- Put together an example for async task execution via RabbitMQ, Redis, FastAPI, Docker,
- Went through parts 4-6 of @python_engineer's PyTorch tutorial.",0,14
1391677205332172806,1276070101196795904,thinam_,Mon May 10 08:51:16 +0000 2021,"I have presented the implementation of Defining the Training Function using PyTorch here in the snapshot. 
📒 Journey on Machine Learning and Deep Learning:https://t.co/I7KFrKDaJI
📔 Dog Breed Identification:https://t.co/kZWJNazVEE
#Machinelearning #66daysofdata https://t.co/wM0Aa6z7aA",2,4
1391636463540838401,1266599735881687040,ChinWuChen1,Mon May 10 06:09:22 +0000 2021,D40 #66daysofdata - continued learning Rasa and building models.,0,2
1391619286276329473,1267805283511750660,Binal_BP,Mon May 10 05:01:07 +0000 2021,"Day 15: #66DaysOfData

Today I learned about different types of data repositories: Databases, data warehouses, data lakes, data marts, and big data stores! Also learned about Extract, Transform, and Load (ETL), a process to convert raw data into analysis ready data!",1,18
1391600011809628167,168046022,ribhunirek,Mon May 10 03:44:32 +0000 2021,Day 15 of #66DaysOfData - completed AWS Cloud Tech certification. Moving on to SQL Interview Questions,0,6
1391583190192582656,901324520346091520,Sanskar1531,Mon May 10 02:37:41 +0000 2021,"day 13 of #66daysofdata 
Started with survival analysis. Read about cdf, pdf, survival function, hazard function, and their parametric survival models(exponential distribution, weibull distribution). Eventually came across their relationship with each other as well. https://t.co/rCdidWxHZx",0,13
1391547236711030787,25925939,_dataenergy_,Mon May 10 00:14:49 +0000 2021,"Day 02 of #66daysofdata

WIP: @Datacamp 'Machine Learning with Tree-Based Models in Python' 

🎗️Takeway: How to improve prediction model accuracy using Ensemble Methods. We can implement: a) a  Voting Classifier that applies different models to the training set (1/2)",0,2
1391546915754586117,929998650,KehalHoussem,Mon May 10 00:13:33 +0000 2021,"Day 0⃣7⃣:

Just solved all Basic Select challenges in SQL on @HackerRank. Try it out! https://t.co/Cw4YUwLAJK #programming 

#66daysofdata #DataScience #SQL",0,5
1391526246845140998,1179254091521941508,jasonvero,Sun May 09 22:51:25 +0000 2021,"Day 8 - of #66DaysOfData

Continuing through my Python tutorial, I built a simple calculator utilizing If statements, while also learning about Dictionary data structures and While loops. 

#DataScience #Python",5,13
1391525034523508744,71251893,MirceaMesesan,Sun May 09 22:46:36 +0000 2021,Day 07 of #66DaysOfData. Went over the Strings and Dictionaries exercise in #kaggle.,0,3
1391502254407094276,1389606414474227715,Nobre_Lucas18,Sun May 09 21:16:04 +0000 2021,"Day 06 of #66daysofdata

Today again it was not a very productive day, but I managed to finish my study planning for the next 6 months to 1 year and organized all the materials and courses I intend to take.",0,4
1391498939501797378,1207501893582442496,HeliBaez11,Sun May 09 21:02:54 +0000 2021,"Day 3️⃣7️⃣ of #100DaysOfCode 
✂️Slicing and indexing done ✅

#66daysofdata #DataScience https://t.co/wt7Y3KkAsK",9,12
1391498661931233288,602408175,golubovalex,Sun May 09 21:01:48 +0000 2021,"Day 20 of #66daysofdata: practice sessions of Introduction to SQL and Introduction to Python courses on DataCamp, completing the SQL and data visualisation basics lessons from the 4-th week of the 1-st course of Google Data Analytics certificate.",0,9
1391498366572507137,1326132466055323655,Nonyedollars,Sun May 09 21:00:38 +0000 2021,"5/66

Watched most of the videos on Alex the data analyst's channel on Youtube. He explains data analysis in a very simple and interesting way.

#66daysofdata",0,2
1391485728039874564,1352186511433805824,balalaikagrunge,Sun May 09 20:10:24 +0000 2021,"Day 5 of #66daysofdata with @KenJee_DS
Figured out how to use lapply() instead of for loops in R. Not much else. Tomorrow more reading on seasonality.",0,5
1391482131998670850,1243246008303112192,samarthgupta39,Sun May 09 19:56:07 +0000 2021,"Finally completed the #66daysofdata challenge started by Ken Jee. 🥳
Thanks to everyone in the community for supporting and sharing your stories. Going to start next round soon have to cover lots of stuff.",0,9
1391481690929864705,1243246008303112192,samarthgupta39,Sun May 09 19:54:22 +0000 2021,"day66 of #66daysofdata
Learnt about Hybrid soft computing techniques and application of soft computing from book Principles of soft computing 
Practised some leetcode questions",0,12
1391480166682173442,1240953896,asvn90,Sun May 09 19:48:18 +0000 2021,"Day 2 of #66daysofdata with @KenJee_DS 

Finished  Intro to Data and Data Science @365datascience course. Love the infographic which gives a great overview of the Data Science field and how everything links together #DataScience https://t.co/3jbqkD0rLp",1,10
1391450673212837896,731856877139558400,ABYA80,Sun May 09 17:51:07 +0000 2021,"R2: #66daysofdata with @KenJee_DS 

Day 52: Today, I worked a little on that EDA and did some SQL practice from @hackerrank.",0,23
1391444706685427713,1310565371389177858,R1SE_823,Sun May 09 17:27:24 +0000 2021,"Day 65 of #66daysofdata 
- Learn to use Pycaret and Lazypredict for model comparison",0,5
1391443977778434049,1361227694889967616,dataQueen_pend,Sun May 09 17:24:30 +0000 2021,"D.16 R.2 of #66daysofdata 

➡️ Sorting and subsetting
➡️ Adding new columns

✅ Transforming data on DataFrames. Done.

D.17 R.2 

➡️ Aggregating Data: Summary statistics...
To be continued...

So exhausted after work today. I need a little more rest this evening. https://t.co/ezmVay7WmA",0,12
1391442389399576578,1362442599747870721,art9793,Sun May 09 17:18:12 +0000 2021,"D10 - D14 #66daysofdata @KenJee_DS 

Haven't been able to update my progress here for a while. I've had a couple of unproductive days but been progressing anyway (at a snail's pace)  :)

Learn #Python 3 Course Progress: 65%

Learnt about Functions, Strings, Modules.
#DataScience",2,7
1391418690403401740,444522096,BristowColin,Sun May 09 15:44:01 +0000 2021,Is it OK to interchange terms like 'machine learning' and 'AI'? #ArtificialIntelligence #AI #DataScience #100DaysOfCode #Python #MachineLearning #BigData #DeepLearning #NLP #Robots #IoT #RPA #futureofwork #Serverless #Linux #CuriosityForever #66daysofdata https://t.co/hZlKkMiekl,22,10
1391413091728908297,1355938756583321609,Sinnerman____,Sun May 09 15:21:46 +0000 2021,"#66daysofdata 
Day 40: Learnt about the basics of Hadoop",0,1
1391408043577856002,3041718695,suminohh,Sun May 09 15:01:43 +0000 2021,"📆Day 7 of #66daysofdata 

It took me 4 hours but I finally got PyCharm and Python on the same path with all the necessary packages to start web scraping!",2,18
1391402057769242624,2352929006,AkirasGames,Sun May 09 14:37:56 +0000 2021,"Day 23 : Reading Chapter 5 of Python for Data Analysis book from Wes McKinney about pandas
#66DaysOfData",1,10
1391323001166176257,397272525,shatandv,Sun May 09 09:23:47 +0000 2021,"Day 124 of #66DaysOfData:
- Went over the basics of Python OOP once again and read about some best practices. Always nice to refresh what you already know.",0,14
1391312834244403208,1051512590445105152,hb_khanh,Sun May 09 08:43:23 +0000 2021,"#TIL about SQL order of execution after hours of struggling to optimize my long &amp; complex query.
From &gt; where &gt; group by &gt; having &gt; select &gt; order by &gt; limit
Looking for some more recommendations on improving query performance in Oracle or any other RDMS ♡
D1 of #66daysofdata",0,3
1391309603976237059,71251893,MirceaMesesan,Sun May 09 08:30:33 +0000 2021,"Day 06 of #66DaysOfData. Vectors and spaces, linear algebra. Feels like school again, but much better @khanacademy.",0,1
1391295258848370691,1324652185964204033,meyke9976,Sun May 09 07:33:33 +0000 2021,"Day 120 of #66daysofdata by @KenJee_DS 
Built the first few models for the tweets data. A logistic regression and a random forest. Best accuracy on my own test data was 82%. Will try a few more things like working with BERT for example.",0,23
1391284680834441218,1137782574036635649,thedataprof,Sun May 09 06:51:31 +0000 2021,"How to create your first @streamlit  web app in (less than) 1 minute
https://t.co/udP6SMZDmf
#streamlit #66daysofdata #datascience #datascientist #datascientists #dataanalyst #dataanalysts #webapp #python #app https://t.co/AIypq1QWEh",3,16
1391284440685596674,1384179766551400448,SpaceAxolotl2,Sun May 09 06:50:34 +0000 2021,Day 2 of #66daysofdata. Radial Basis Function and infinite dimensions 🔮,0,1
1391270698241331200,1322620958327255040,Datavisz,Sun May 09 05:55:57 +0000 2021,Day 54 of #66daysofdata: Finished rereading chapter on linear regression from ISLR. Onto the lab section.,0,17
1391269060373991424,1358153233814802433,prateekbud,Sun May 09 05:49:27 +0000 2021,"Week 2:
✅ Basics of Excel
🟨 Learning T-SQL

#66daysofdata",0,6
1391250430940831747,795448,chrisjohnston,Sun May 09 04:35:25 +0000 2021,"Started Day 3 of  #66DaysOfData by going back to my Udemy class, Python for Data Science and Machine Learning. It's amazing how knowing one language makes learning another somewhat easier because they all have loops, conditionals, built-in methods, etc.",2,9
1391246251786706945,324583975,georgekanellos,Sun May 09 04:18:49 +0000 2021,"Days 35-38(R2) of #66daysofdata by @KenJee_DS
 
Understood better feature selection for random forest and created an ELO calculation for NBA teams based on the 538 calculations (https://t.co/gu8HkTLdEo.)",0,7
1391239180877926400,1267805283511750660,Binal_BP,Sun May 09 03:50:43 +0000 2021,"Day 14: #66DaysOfData

Completed week 1 of Intro to Data engineering! Learned about technical and soft skills needed to be a data engineer and got an idea of what a day in the life of a data engineer looks like!",0,15
1391212567675158529,1179254091521941508,jasonvero,Sun May 09 02:04:58 +0000 2021,"Day 7 - of #66DaysOfData

Even though my initial focus is learning Python, I spent today watching several videos around general applications of #DataScience. 

I find it helpful in these early stages to reinforce and correlate how I will make use of coding alongside data science.",2,13
1391199742521118720,1389606414474227715,Nobre_Lucas18,Sun May 09 01:14:00 +0000 2021,"Day 05 of #66daysofdata 

Today I was unable to finish the last class of the event ""Data Immersion"" by Alura (I will watch it tomorrow). However, I watched some Data Science videos on youtube and built a roadmap to follow in the next 6 months.",0,2
1391187324629880834,25925939,_dataenergy_,Sun May 09 00:24:39 +0000 2021,"Day0️⃣1️⃣ of #66daysofdata

Making progress in @Datacamp 'Linear Classifiers in Python'  course and exploring @drivendataorg competitions",1,1
1391181891647180802,929998650,KehalHoussem,Sun May 09 00:03:04 +0000 2021,"Day 0⃣5⃣-0⃣6⃣:

This days, I'm concentrating on SQL.
I watched some tutorials on Udemy to recap, and I'm working on some case studies on https://t.co/ifVEUP4uDx by @DataWithDanny.

If you're interested in practicing SQL, it's a good place to do so 😁.

#66daysofdata #DataScience",0,3
1391157594429997056,1207501893582442496,HeliBaez11,Sat May 08 22:26:31 +0000 2021,"- Day 3️⃣6️⃣ of #100DaysOfCode 📊

The use of .loc and .iloc so far is easy to master if you know the indexes.👨🏾‍💻

#66daysofdata 📉 https://t.co/N2SJ7pQX1o",4,5
1391133955882045445,822280007502295041,_paulo_lopez_,Sat May 08 20:52:35 +0000 2021,"#100DaysOfMLCode #100DaysOfCode #66daysofdata #pythondeveloper #Python 

🔹Read an article on AutoML Libraries to Automate Machine Learning Pipelines including Auto-Sklearn, TPOT, Auto-ViML, H2O AutoML, Auto-Keras, MLBox, Hyperopt Sklearn and AutoGluon.

https://t.co/wXADUGAjHy",17,12
1391133683218894849,1326132466055323655,Nonyedollars,Sat May 08 20:51:30 +0000 2021,"4/66

I just started analyzing with the google sheets. I didn't expect it to be so difficult for me to navigate since I was used to excel. Well, after about 4 hours of learning, I gave it a rest for today.
I heard about stack overflow for the first time today.

#66daysofdata",0,1
1391120095565451264,2149586883,vperez2000,Sat May 08 19:57:31 +0000 2021,"#66daysofdata #R3 #Day23 by @KenJee_DS
@DataCamp DS track

✅ Done with the Bootstrap project➡️""Dr. Semmelweis and the Discovery of Handwashing""

For me, one of the magnificence of the DS | Computer Science is how broad the knowledge can be⚛️
U get to know a lot of other things🧫",0,9
1391114215562219520,901324520346091520,Sanskar1531,Sat May 08 19:34:09 +0000 2021,"day 12 of #66daysofdata 
Continued with linear data structures today, covered stacks, queues, lists and their implementation. Priority queues were quite fascinating tbh. Will start with some statistics and survival analysis tomorrow onwards as exams are creeping in.",0,6
1391095572614967300,2562318241,NeemaMV,Sat May 08 18:20:04 +0000 2021,"Day 61 of #66daysofdata #DataScience
Attended our regular mentor session with the author of the book ""People Skils for Analytical Thinkers"" Gilbert Eijkelenboom . Nice advice on business communication for Analytics and Data Science folks.",1,10
1391094303540359171,1240953896,asvn90,Sat May 08 18:15:01 +0000 2021,"Day 1 of #66daysofdata with @KenJee_DS 

Just activated my @365datascience account and watched the first video of module 1. This is going to be fun 😄 #DataScience #mechanicalengineering https://t.co/vqzYFBiivO",1,8
1391088127582818308,1649054340,a_escontrela,Sat May 08 17:50:29 +0000 2021,"Day 38 of #66daysofdata moving to NoSQL databases, reviewing the difference with relational DB and how data modeling is done in one of them and followed along basic examples of primary key and clustering columns",0,17
1391086100811108353,731856877139558400,ABYA80,Sat May 08 17:42:26 +0000 2021,"R2: #66daysofdata with @KenJee_DS 

Day 51: Worked on the EDA on the US Accidents dataset from Kaggle. Also did some SQL and Python practice questions on @hackerrank.",0,20
1391037856387244038,1266599735881687040,ChinWuChen1,Sat May 08 14:30:43 +0000 2021,"D39 #66daysofdata 
- S.Q.L. 🤣
- I also learned some statistics on greenhouse gas (GHG) emissions. Agriculture/food system/land use sector is tying with electricity generation as the biggest source of GHG emissions (each contributing ~25% of the total global emissions).",0,7
1391024846172155911,2352929006,AkirasGames,Sat May 08 13:39:01 +0000 2021,"Day 22 : Started Intermediate Machine Learning course from Kaggle and Learnt how to handle missing data and categorical variables. Planned to review pandas again tomorrow, always forgot how to use it tbh.
#66DaysOfData",0,9
1391024020628201473,360668611,daniellabrito26,Sat May 08 13:35:45 +0000 2021,"Day 37 - Covering time series . Had to practice python logic related programs and pattern programs .  Will next focus on this -
Time Series Analysis: Forecast COVID-19 Vaccination Rate .
#66daysofdata #MachineLearning 
https://t.co/RcZySL8g2S",1,11
1391010400104108032,3041718695,suminohh,Sat May 08 12:41:37 +0000 2021,"It's easy to brush off jargon, especially if you're learning for yourself, but if you're aiming to make a living out of your new endeavor like #66daysofdata, you'll have to learn to communicate your thought process too 💭",0,2
1391004459984031746,444522096,BristowColin,Sat May 08 12:18:01 +0000 2021,The secret life of bee signals can communicate colony health #ArtificialIntelligence #AI #DataScience #100DaysOfCode #Python #MachineLearning #BigData #DeepLearning #NLP #Robots #IoT #RPA #futureofwork #Serverless #Linux #CuriosityForever #66daysofdata https://t.co/IR0H2E9Z8f,13,2
1390997415616909316,1329313525974532097,AyubRasool14,Sat May 08 11:50:02 +0000 2021,"Day 31-34/66 days: did EDA, continued the Google data analytics course and went thru my notes on SQL . #66daysofdata",0,11
1390975522595692544,444522096,BristowColin,Sat May 08 10:23:02 +0000 2021,Machine learning accelerates cosmological simulations #ArtificialIntelligence #AI #DataScience #100DaysOfCode #Python #MachineLearning #BigData #DeepLearning #NLP #Robots #IoT #RPA #futureofwork #Serverless #Linux #CuriosityForever #66daysofdata https://t.co/rExMsQ9bkR,18,13
1390971557711855617,1356609984163889154,jo_grammer,Sat May 08 10:07:17 +0000 2021,"Day 65 #66daysofdata (almost done )

No update today related to data. I'm taking the day off. 

Checks and balances, recalibrate. 

And Listen to Coldplay's new song  Higher Power 🤠",0,11
1390968619857809415,397272525,shatandv,Sat May 08 09:55:36 +0000 2021,"Day 123 of #66DaysOfData:
- Completed the @365datascience Data Strategy course! Thank you @BernardMarr for such a well-made course.",0,15
1390940730290577413,602408175,golubovalex,Sat May 08 08:04:47 +0000 2021,Day 19 of #66daysofdata: the 'day-off' so I managed only the lesson on COUNT command from Introduction to SQL course on DataCamp.,0,8
1390939317418217478,1324652185964204033,meyke9976,Sat May 08 07:59:10 +0000 2021,"Day 119 of #66daysofdata by @KenJee_DS 
OK. new plan for the upcoming period:
- continue with the tweets dataset on @kaggle 
- continue with the deep learning course on nvidia
- participate in the https://t.co/LnVj1iiD3P competition

Looking forward to it!",0,13
1390939050463449088,1384179766551400448,SpaceAxolotl2,Sat May 08 07:58:06 +0000 2021,"Day 1 of official commitment to DS &amp; ML studying, SVMs sound very exciting🤞 #66daysofdata",0,1
1390908412314066945,1137782574036635649,thedataprof,Sat May 08 05:56:21 +0000 2021,"Hi friends, In this #shorts video, I will show you how you can create stunning images of your code (whether it be C, Java, SQL, Python or R) using #Carbon.
👉 https://t.co/et6A9YnJKX
#66daysofdata #code #sourcecode #coding #programmer #programming #datascientist #datascience https://t.co/T8hkZEXyAf",5,21
1390886770410201090,795448,chrisjohnston,Sat May 08 04:30:22 +0000 2021,"Started Day 2 of  #66DaysOfData with Python class on 
DataCamp. Quickly realizing many so-called free options have limits. May go back to one of my many Udemy courses for Python",0,11
1390886053557555205,1291114285507186690,jaimedatalatte,Sat May 08 04:27:31 +0000 2021,"D.13 #66daysofdata 

R bootcamp. 

Came across the Ten Commandments of Defensive Programming in R 

“In God we trust, everyone else we verify”",0,15
1390878597573926914,71251893,MirceaMesesan,Sat May 08 03:57:53 +0000 2021,"Day 05 of #66DaysOfData, doing a course on #kaggle and I have to say it is very well done and can get you started with python and data science.",2,10
1390859078218493959,1389606414474227715,Nobre_Lucas18,Sat May 08 02:40:19 +0000 2021,"Day 04 of #66daysofdata

- Today I attended Alura's fourth “Data Immersion” class. I will probably attend the last class tomorrow
- Watched some videos on youtube about the step by step of exploratory data analysis",0,11
1390848966582013953,2149586883,vperez2000,Sat May 08 02:00:09 +0000 2021,"#66daysofdata #R3 #Day22 by @KenJee_DS
@DataCamp DS track

Done ✅ with Statistical Thinking in #Python - Part 2
🎉🎉🎉🎉🎉
I'm really happy with what I learned on this one!!!! https://t.co/1GYuKEdAUo",1,14
1390800302069227527,1179254091521941508,jasonvero,Fri May 07 22:46:46 +0000 2021,"Day 6 - of #66DaysOfData

Happy Friday! It’s still early in the journey, but I feel the habit of self-study slowly ingraining itself into my core.

Today, I reviewed IF statements, along with several associated keywords. 

#DataScience #Python",1,10
1390795237472325635,1291243974611668992,pristdata,Fri May 07 22:26:38 +0000 2021,"Day 52 &amp; 53 of #66daysofdata: 

- SQL, SQL and more SQL. Breathe in SQL, breathe out SQL, think about SQL, dream about SQL...😅
- Also just a little of AWS",0,21
1390762217147150347,1649054340,a_escontrela,Fri May 07 20:15:26 +0000 2021,"Day 37 of #66daysofdata more on Google Cloud, data lakes, Cloud SQL and understanding the difference between managing and serverless.",0,14
1390761518904532998,1300492664308146176,MarkusM99098101,Fri May 07 20:12:39 +0000 2021,"Day 63 of #66DaysOfData r2: started watching and watched through the first videos form @Sentdex  on generating python code with GPT, as I am also using GPT for text generation in one of my projects I am looking forward to the next videos. https://t.co/abfpqY8hAd",0,11
1390759033930276867,901324520346091520,Sanskar1531,Fri May 07 20:02:47 +0000 2021,"day 11 of #66daysofdata
Studied data structures in-depth today, cleared my concepts on Binary search trees. Also differentiated between balanced trees and AVL-balanced trees, and practised some rotations for the same. https://t.co/sgI7a2UnsC",0,14
1390752647020351491,55073736,Peter_Nooteboom,Fri May 07 19:37:24 +0000 2021,"Just started a Discord community for Data Scientists in Los Angeles. We are brand new, but with your help we can grow and help you make meaningful networking connections! 

Join us at https://t.co/sIN6mLm8le

#DataScience #LosAngeles #siliconbeach #66daysofdata #Data #tech #UCLA https://t.co/9sSa9zwoVx",5,8
1390748223736713217,2562318241,NeemaMV,Fri May 07 19:19:50 +0000 2021,"Day 60 of #66daysofdata #DataScience
Worked for half day at work on a patch test on knime forecasting model
Watched video on ""How to get Analytics job at Amazon"" by Daniel Lauer - a Supply Chain Analytics Expert at Amazon.. he talked about Networking, interview tips.",2,13
1390745938961043463,995452348280573955,Just_Jordan_T,Fri May 07 19:10:45 +0000 2021,"5/7/2021 - Day 38: #66DaysOfData -  Working on some Pytorch, going through the FastAI content some of it was missing some content or had missing things so I went off on my own for this one. 😋",0,2
1390741412212183040,1243246008303112192,samarthgupta39,Fri May 07 18:52:46 +0000 2021,"day65 of #66daysofdata
Learnt about Genetic Algorithm from book Principles of soft computing
Practised some leetcode questions",0,16
1390740948183814145,32453704,anyachocolat,Fri May 07 18:50:55 +0000 2021,"Day 35 of #66DaysOfData:
- skillfactory course, one of the new tools i learned today is zip()",0,14
1390733594851635201,731856877139558400,ABYA80,Fri May 07 18:21:42 +0000 2021,"R2: #66daysofdata with @KenJee_DS 

Day 50:
- Revisited some of the notes and read this article 📰https://t.co/P3sw21kzB8.
- Chose a Dataset📙 and will start the EDA📊 from tomorrow. I'm gonna use google collab this time, haven't tried it yet.",0,24
1390732155295240192,1361227694889967616,dataQueen_pend,Fri May 07 18:15:59 +0000 2021,"D. 15 R. 2 of #66daysofdata

➡️ Data Manipulation with Pandas
✨ Transforming Data

And now...
I'm Transforming myself to some evening read and sleep. https://t.co/YlL4QVrU7P",0,15
1390730219062009864,1356609984163889154,jo_grammer,Fri May 07 18:08:17 +0000 2021,"Day 64 of #66daysofdata 

Did some Python coding for the #100daysofcode 
Perfomed some SQL practice with SoloLearn
Continued doing some research for the Capstone course for IBM looking at some cities I will be working on for the project",5,18
1390723492589424640,3041718695,suminohh,Fri May 07 17:41:33 +0000 2021,"@KenJee_DS This makes me question if I haven't been as effective learning through my  #66daysofdata so far 😅 I've been mostly focused on learning the theory first, thinking that this will benefit me in the long run, but I'll reevaluate my approach. Thanks for sharing, Ken!",0,5
1390722227503464449,1310565371389177858,R1SE_823,Fri May 07 17:36:32 +0000 2021,"Day 64 of #66daysofdata 
- Practice data analytics and model selection on diabetes dataset",0,12
1390712988349263872,1361778637230379009,Everiapp,Fri May 07 16:59:49 +0000 2021,"Chandramouli's Day - 4 of #66daysofdata 

Project Name - 𝗠𝗲𝗱𝗶𝗰𝗮𝗹 𝗘𝘅𝗽𝗲𝗻𝘀𝗲𝘀 𝗣𝗿𝗲𝗱𝗶𝗰𝘁𝗶𝗼𝗻 𝗔𝗻𝗮𝗹𝘆𝘀𝗶𝘀 𝘂𝘀𝗶𝗻𝗴 𝗥𝗮𝗻𝗱𝗼𝗺 𝗙𝗼𝗿𝗲𝘀𝘁 𝗥𝗲𝗴𝗿𝗲𝘀𝘀𝗼𝗿

Github link - https://t.co/UBFEizsK8J https://t.co/cv0vLn8z0A via @Everiapp",0,6
1390709974146355202,951871594376376320,JackRaifer,Fri May 07 16:47:50 +0000 2021,"Is your company Data Driven or Data Centric.

#DataScience
#MachineLearning 
#66DaysOfData",1,2
1390703384831819778,3041718695,suminohh,Fri May 07 16:21:39 +0000 2021,"Hello fellow #66daysofdata participants 👋

How are you retaining what you learn every day? What would you recommend @KenJee_DS?",0,20
1390700710589870080,1324652185964204033,meyke9976,Fri May 07 16:11:02 +0000 2021,"Day 118 of #66daysofdata by @KenJee_DS 
I celebrated my regained freedom with data analysis of what flight passengers are willing to pay extra for better seats. 
Since I have no more on the agenda for the near future, I will try to come up with a new plan. To be continued...",0,20
1390697130541535235,2352929006,AkirasGames,Fri May 07 15:56:48 +0000 2021,"Day 21 : Finished Section 5 of Data Science course from Udemy on Popular Data Science Techniques
#66DaysOfData",0,13
1390693469514043397,948171721466630144,JaminarFlow,Fri May 07 15:42:15 +0000 2021,"Day 2 #66daysofdata 

Almost done with Kaggle's 'Intro to Python' course. 
Finally working with graphs with Matplotlib🙌 https://t.co/hPvCI5WpXb",4,18
1390691277830688768,360668611,daniellabrito26,Fri May 07 15:33:33 +0000 2021,"Day 36 - Covered Ada- boost algorithm , gradient boost algorithm evaluation  .
🔷bagging 
- random forest classifier and regressor and model comparison with respect to logistic regression and linear regression . 
- Still have to start XGBoost . 
#66daysofdata #MachineLeaning",0,14
1390683399103270913,1322620958327255040,Datavisz,Fri May 07 15:02:14 +0000 2021,Day 53 of #66daysofdata: More work on the clustering problem. Read about different clustering algorithms. Which algorithm would you recommend for a multi-variable(20 variable) problem. I would like to cluster based on the %percentage allotment to variables for each observation.,0,11
1390677410467647492,3041718695,suminohh,Fri May 07 14:38:26 +0000 2021,"For day 6 of #66daysofdata, I took a break from stats and learned to calculate results with CASE in SQL. 

I wasn't planning on spending more than 10 minutes today, but when I looked up, it was almost an hour later.

Don't you love it when you get into the flow? 🥰",0,13
1390659061155172354,1137782574036635649,thedataprof,Fri May 07 13:25:32 +0000 2021,"Hi friends, a new collab video with @MinhaajR and in this video Prof. Minhaaj Rehman explores the use of #datascience in #psychology for analyzing the big 5 #personality traits
https://t.co/6Tu1ZSkD7J
#66daysofdata #datascientist",2,15
1390653500347064321,722533518,nelotsak,Fri May 07 13:03:26 +0000 2021,"7th Mather Economics Symposium day 2: More about Innovation with thought leadership and partnership in data-driven strategies:

https://t.co/hbJ68zQtgc

#66daysofdata 
#DataScience",0,5
1390648326484230147,1363855621628465153,korasaju_a,Fri May 07 12:42:52 +0000 2021,"Day 55 of #66DaysofData with @KenJee_DS 

Today, I successfuly presented to my current company the key lessons I’ve learned from Bernard Marr’s Data Strategy Course I took last month. 

“In a world where every company is a data company, the fast eat the slow.”",0,22
1390622073232445442,602408175,golubovalex,Fri May 07 10:58:33 +0000 2021,"Day 18 of #66daysofdata: the onboarding lesson of Introduction to SQL course on DataCamp, completing the Spreadsheet Basics from the 4-th week of the 1-st course of Google Data Analytics certificate, installing and running first commands of MySQL Server.",0,12
1390618419905515524,1276070101196795904,thinam_,Fri May 07 10:44:02 +0000 2021,"I have presented the implementation Defining a Training Function using PyTorch here in the Snapshot. 
📒 Journey on Machine Learning and Deep Learning : https://t.co/I7KFrKDaJI
📔 Object Recognition on Images: https://t.co/ohh9IPkmUe
#machinelearning #deeplearning #66daysofdata https://t.co/Mir83eIaj6",6,13
1390613131580248067,444522096,BristowColin,Fri May 07 10:23:01 +0000 2021,AI Provides Insight Into Dead Sea Scrolls | #ArtificialIntelligence #AI #DataScience #100DaysOfCode #Python #MachineLearning #BigData #DeepLearning #NLP #Robots #IoT #RPA #futureofwork #Serverless #Linux #CuriosityForever #66daysofdata https://t.co/1LvB2x33et,11,8
1390612901459894272,1352186511433805824,balalaikagrunge,Fri May 07 10:22:06 +0000 2021,"Day 4 of #66daysofdata with @KenJee_DS
Managed to rewrite the code I lost yesterday and started rewriting my encoders. Trying to figure out how to encode ordinal categorical values without losing the order. Also saving my notebook every 15 seconds 😄",0,17
1390592577364242434,470129898,tibo_maker,Fri May 07 09:01:21 +0000 2021,"@suminohh @VicVijayakumar Wish you the best on the #66daysofdata.
What makes you think you're struggling on Twitter?",0,3
1390590229782798338,444522096,BristowColin,Fri May 07 08:52:01 +0000 2021,AI spots individual neurons in the eye better than human experts #ArtificialIntelligence #AI #DataScience #100DaysOfCode #Python #MachineLearning #BigData #DeepLearning #NLP #Robots #IoT #RPA #futureofwork #Serverless #Linux #CuriosityForever #66daysofdata https://t.co/OBDZ4VnG1q,13,8
1390582931186405383,397272525,shatandv,Fri May 07 08:23:01 +0000 2021,"Day 122 of #66DaysOfData:
- Finished @365datascience Data Strategy Ch. 13,
- Played around with ROC, PR curves,
- Attended a webinar on uplift-modeling. Need to read more about it,
- Researched global problems to find a smaller problem for an ML project.",0,17
1390531240583958531,1291114285507186690,jaimedatalatte,Fri May 07 04:57:37 +0000 2021,"D.12 #66DaysofData 

Watched a video about data storytelling. One of the things i like the most about data analysis is its objective component.

As data analysts, we are storytellers, but we have to always keep in mind that the story belongs to the data, not to us or our opinion.",0,25
1390525121173999616,3041718695,suminohh,Fri May 07 04:33:18 +0000 2021,@VicVijayakumar Hi Vic! I'm a master's student in technology management. You might've seen my tweets about #66daysofdata. I think shitposting is authentic and it's something that I struggle with on Twitter so I appreciate your authenticity :),0,4
1390493643715354626,1389606414474227715,Nobre_Lucas18,Fri May 07 02:28:13 +0000 2021,"Day 3 of #66daysofdata

- Today I watched another class at the event ""Data Immersion"" from Alura (the third one)
- I read a little about pie charts and the reason for not using them",0,11
1390471107174670336,1179254091521941508,jasonvero,Fri May 07 00:58:40 +0000 2021,"Day 5 - of #66DaysOfData 

I watched a video titled, ""How To Think Like A Programmer"". A very insightful video for a beginner like myself. 

I also learned the basics of creating functions, and a few scenarios of how to utilize them. 

#DataScience",0,12
1390452349030866944,795448,chrisjohnston,Thu May 06 23:44:08 +0000 2021,Started Day 1 of  #66DaysOfData with Python class on @kaggle,0,12
1390430360018825216,995452348280573955,Just_Jordan_T,Thu May 06 22:16:45 +0000 2021,A great resource for #NumPy if you are just getting your feet wet. https://t.co/SYS1T8MnGy #Python #DataScience #66daysofdata,4,5
1390429408914075649,1266599735881687040,ChinWuChen1,Thu May 06 22:12:58 +0000 2021,D38 #66daysofdata - today I learned about the climate impact of eating meat and dairy through clear data: https://t.co/BwtXyeMljc,0,12
1390428482832936960,71251893,MirceaMesesan,Thu May 06 22:09:17 +0000 2021,"Day 04 of #66DaysOfData, working with some datasets. Learning some pandas functions, melt, pivot, multi-index, sorting and other.",0,9
1390410190391070723,32453704,anyachocolat,Thu May 06 20:56:36 +0000 2021,"Day 34 of #66DaysOfData:
- started a new course module
- read about complex numbers
- watched a bunch of python videos on youtube",0,13
1390409942960586758,3719468723,DataTheUnknown,Thu May 06 20:55:37 +0000 2021,"I am out of the loop and feel a bit embarrassed. 

What is #66daysofdata ? 

Any answers would be great :)",0,5
1390409264984825857,901324520346091520,Sanskar1531,Thu May 06 20:52:55 +0000 2021,"day 10 of #66daysofdata
Today was rather less productive, I read about linear and non-linear data structures, went through some sorting algorithms (Quicksort, Mergesort, Selection sort) and spanning algorithms (Prim's, Kruskal's), followed by some algorithm analysis and parsing.",0,12
1390408037572165640,1649054340,a_escontrela,Thu May 06 20:48:03 +0000 2021,Day 36 of #66daysofdata continue the course of Data lakes and Data warehouse on Google Cloud,0,17
1390389721378037762,59787963,jamesnan,Thu May 06 19:35:16 +0000 2021,"Day 66 : #66DaysOfData
Learn  ""Augmenting Pandas With SQL""  @ dataquest",0,4
1390381056335912963,822280007502295041,_paulo_lopez_,Thu May 06 19:00:50 +0000 2021,"#100DaysOfMLCode #100DaysOfCode #66daysofdata #pythondeveloper #Python 
 
🔸Worked on Keras' ImageDataGenerator class to perform data augmentation.  The original images are used to apply geometric transformation such as translations, rotations, scale change, shearing and flips. https://t.co/AJ8vcRZm54",3,19
1390379595002753027,1300492664308146176,MarkusM99098101,Thu May 06 18:55:02 +0000 2021,"Day 62 of #66DaysOfData r2: I didn't really work on my data projects, since I spend most of the day sitting in (online) classes,  reviewing relational algebra for the databases class and finishing the linear algebra assignment for this week (a lot of vector calculations).",0,12
1390371091558899713,1361227694889967616,dataQueen_pend,Thu May 06 18:21:14 +0000 2021,"D. 14 r. 2 of #66daysofdata

Finished my first project!
I think it went pretty well 😁. Of course not as smooth as a pro would've done it, but still... 
Tomorrow my journey will continue with more data manipulation with 🐼. https://t.co/66kfAyLGAZ",0,27
1390345478093504514,1363855621628465153,korasaju_a,Thu May 06 16:39:28 +0000 2021,"Day 52–54 of #66DaysofData with @KenJee_DS 

•Finished my presentation on Data Strategy course I took from 365 Data Science by Bernard Marr. I’m gonna present this tomorrow to my team. 
•Reviewed and Answered SQL queries.",0,13
1390341062208593929,2352929006,AkirasGames,Thu May 06 16:21:55 +0000 2021,"Day 20: Did not do much learning today, just watched Udemy course video on Traditional and Big Data 
#66DaysOfData",0,11
1390340507134427137,731856877139558400,ABYA80,Thu May 06 16:19:42 +0000 2021,"#66daysofdata with @KenJee_DS 

Day 48 &amp; 49: In these 2 days -
- Completed all the topics in Descriptive Statistics.
- Was learning more about using Python to perform descriptive statistics.

Will do some more practice tomorrow.",0,26
1390340098542219265,1356609984163889154,jo_grammer,Thu May 06 16:18:05 +0000 2021,"Day 63 of #66daysofdata 

Started working on the final project for the certification Brainstorming a problem to solve + brushing up on DS workflow + presentation of a final deliverable
Last a huge shout out to the launch a podcast I'm looking forward to:

Data Career Podcast",0,12
1390338580313116676,19448058,paulapivat,Thu May 06 16:12:03 +0000 2021,"R3: Day 29 #66daysofdata

• More progress on FCC's Time Calculator challenging, adding code to specify time lapse in days (e.g., n days later). 
• New time still buggy when time lapse more than 24 hours🪲 https://t.co/thmxOPWFSW",0,3
1390336952591953924,2149586883,vperez2000,Thu May 06 16:05:35 +0000 2021,"#66daysofdata #R3 #Day21 by @KenJee_DS
@DataCamp DS track

Well, well, well. 
Done with A/B testing &amp; Pearson Correlation Test examples. Now has more sense the Hypothesis Testing and p-value ... examples, examples ➡️ concepts are getting shape! 🎉",0,10
1390333458296172548,360668611,daniellabrito26,Thu May 06 15:51:42 +0000 2021,"Day 35 - Decision trees , hyper parameter tuning , tree truncation, Impurity measures - Gini index , entropy and classification errors covered . 
-Still have to cover  ensembles and Random forest in detail . Working on heart disease prediction data set .#66daysofdata #DataScience",1,15
1390329430191468548,3041718695,suminohh,Thu May 06 15:35:41 +0000 2021,"For day 5 of #66daysofdata, I almost made it through week 3 of UT Austin's edX course. 

Also looked into web scraping 👀 This was my second time looking into and it didn't seem as scary this time. Yay!",0,9
1390317171687923715,94308247,poetratron,Thu May 06 14:46:59 +0000 2021,"Day 11 of #66daysofdata 

Finished Udemy's Data Science for Business Analytics and Intelligence",0,10
1390273459557634048,722533518,nelotsak,Thu May 06 11:53:17 +0000 2021,"Attending a conference today (7th Mather Economic Symposium) on the advancements with digital and print churn reduction and subscription conversion using AI

https://t.co/ciiCRBuGmh

#66daysofdata 
#media",0,4
1390259592823705602,602408175,golubovalex,Thu May 06 10:58:11 +0000 2021,"Day 17 of #66daysofdata: the 2-nd lesson on pandas of Intermediate Python course on DataCamp, completing the 3-rd week of the 1-st course of Google Data Analytics certificate, and starting the 4-th one.",2,10
1390251074343227392,1137782574036635649,thedataprof,Thu May 06 10:24:20 +0000 2021,"Hi friends, a new #Python lesson today (Ep. 7) and it's on for loops. This is one of my favorite concept in Python as it allows automating (iterating through) a set of tasks.
https://t.co/u6hrgpvR9L
#66daysofdata #pythontutorial #learnpython #python101",6,14
1390246505135681541,1324652185964204033,meyke9976,Thu May 06 10:06:11 +0000 2021,"Day 117 of #66daysofdata by @KenJee_DS
Practiced some more and passed the DP-201 @microsoft exam! https://t.co/L57wxgrusP",0,33
1390231711175389186,397272525,shatandv,Thu May 06 09:07:23 +0000 2021,"Day 121 of #66DaysOfData:
- Finished @365datascience Data Strategy Ch. 11-12,
- Completed my tf-idf homework,
- Attended the Climbing the Corporate Ladder in AI webinar from @DeepLearningAI_. Good advice.
- Watched parts 0-3 of @python_engineer's PyTorch tutorial! Very exciting.",0,10
1390227619145125888,1276070101196795904,thinam_,Thu May 06 08:51:08 +0000 2021,"I have presented the implementation of Obtaining and Organizing the Dataset, Image Augmentation and Normalization. 📔 Object Recognition on Images: https://t.co/ohh9IPkmUe #machinelearning #deeplearning #66daysofdata https://t.co/gvEKU1JYXk",0,2
1390226104800186370,1352186511433805824,balalaikagrunge,Thu May 06 08:45:07 +0000 2021,"Day 3 of #66daysofdata with @KenJee_DS
Finished hyperparameter tuning my three best models. My jupyter notebook crashed and reverted to the last checkpoint 5g ago. And I lost all my tuning code ☺️
https://t.co/P0Nbt2QNti
via @DataCamp",0,10
1390209675908554753,1352186511433805824,balalaikagrunge,Thu May 06 07:39:50 +0000 2021,"Day 2 of #66daysofdata with @KenJee_DS 
Uni day. Lectures on seasonality and trend estimation in time-series data. Carried on learning hyperparameter tuning for my project.",0,10
1390184906148491267,1306505184911208453,mt0rm0,Thu May 06 06:01:24 +0000 2021,"Days 58&amp;59 of my #66daysofdata: I keep with my usual routine of Tableau+Pytorch, plus started reading and studying Interpretable Machine Learning with Python by @smasis",0,8
1390158864650227714,1291114285507186690,jaimedatalatte,Thu May 06 04:17:55 +0000 2021,"D.11 #66DaysofData 

Had to start learning R to progress in my courses 😤 is hard to drop python helping wheels.

Between R and python, which programming language do you like most? And why python?",1,24
1390155608721068032,168046022,ribhunirek,Thu May 06 04:04:59 +0000 2021,"Day 12 of #66DaysOfData - reviewed storage and database services in AWS Cloud, got feedback on my Data Science resume",1,10
1390134429025062913,3041718695,suminohh,Thu May 06 02:40:49 +0000 2021,@VectorOfBasis @sashachapin I think it does. I've publicly committed myself to #66daysofdata. I was so tempted to skip my day yesterday and then I remembered the Twitter community is watching haha,0,4
1390134041509306371,59787963,jamesnan,Thu May 06 02:39:17 +0000 2021,"Day 65 : #66DaysOfData
Learn  ""Optimizing Dataframe Memory Footprint""
&amp; ""Processing Dataframes in Chunks""  @ dataquest",0,5
1390127497258340358,1389606414474227715,Nobre_Lucas18,Thu May 06 02:13:17 +0000 2021,"Day 2 of #66daysofdata 

- I attended class 2 of the event ""Immersion Data"" by Alura
- I did some challenges proposed in class 1
- I watched some videos on Youtube about Data Science",0,8
1390127215124389892,2149586883,vperez2000,Thu May 06 02:12:10 +0000 2021,"#66daysofdata #R3 #Day20 by @KenJee_DS
@DataCamp DS track

Well, after whining about hypothesis testing, I'm being brave &amp; started the Hypothesis Test Examples module, A/B testing &amp; Pearson Correlation

Deep breath🧘🏻‍♀️no rush 🏃🏻‍♀️🏃🏻‍♀️🏃🏻‍♀️

Let's see how this ends 🤪",0,12
1390125153384763392,209191879,bhatnagarkush,Thu May 06 02:03:58 +0000 2021,"Day 84-89/R2 of #66daysofdata : Did hands-on lab exercise on @awscloud EMR notebook with Spark. Also, learned about  Central Limit Theorem in statistics and did a couple of practical implementation of the same
 #MachineLearning #AWS #DataScience",1,8
1390114873854631936,1179254091521941508,jasonvero,Thu May 06 01:23:07 +0000 2021,"Day 4 - of #66DaysOfData

It was a busy day today, but I still managed to find some time to continue the self-studying habit.

Notably, I read an article on the different types of math needed for #datascience, as well as learning about Tuples.",1,8
1390104033420058627,1291243974611668992,pristdata,Thu May 06 00:40:03 +0000 2021,"Day 51 of #66daysofdata:

- More SQL practice and DB concepts.
- More ML algorithm intuitions.",0,19
1390099386131263490,1291114285507186690,jaimedatalatte,Thu May 06 00:21:35 +0000 2021,"#NewProfilePic
Back to #66DaysofData https://t.co/aGBdPjFRhL",0,12
1390070877614653440,1326132466055323655,Nonyedollars,Wed May 05 22:28:18 +0000 2021,"3/66
I took a break today. I have a target of 8 hours tomorrow. Let's see how it goes.

#66daysofdata",0,3
1390058658373963788,71251893,MirceaMesesan,Wed May 05 21:39:44 +0000 2021,"Day 03 of #66DaysOfData. Experimenting with population estimates datasets. Got some cool insights using pandas in #python. On the side, did some Linear Algebra, vectors and spaces.",4,8
1390050792015466497,901324520346091520,Sanskar1531,Wed May 05 21:08:29 +0000 2021,"day 9 of #66daysofdata
Completed 'NLP with python for ML essential training' by @DSJ_stats on LinkedIn Learning, This is the first time I ever touched NLP, I had no trouble following through the course, feeling much confident with scikit-learn, and ML overall. https://t.co/qn36epR0b6",1,14
1390044110090764288,2588345408,paulr_rohan,Wed May 05 20:41:56 +0000 2021,"Bias in #MachineLearning can from multiple sources.

#DataScience  #100DaysOfMLCode #Python #DataScientist #66daysofdata #Statistics  #pandas #programming #ArtificialIntelligence #Data #DataAnalytics #maths #DeepLearning https://t.co/5uRIbizJYK",5,3
1390039632319029264,1649054340,a_escontrela,Wed May 05 20:24:08 +0000 2021,Day 35 of #66daysofdata reviewing some concepts of data modeling for relational databases and read documentation of psycopg2,0,13
1390036863134707722,1300492664308146176,MarkusM99098101,Wed May 05 20:13:08 +0000 2021,Day 61 of #66DaysOfData r2: used Google's Universal Sentence Encoder (https://t.co/mN0VN5yA8x) to check similarity between generated and real tweets. The result was more reliable than the similarity score from spaCy. I also spend some time playing around with R. 1/2,0,9
1390031079067824134,719157417443987457,Mayibongwe_MS,Wed May 05 19:50:09 +0000 2021,"🎉 Day 66 of #66daysofdata 🎉

Doing a recap and reflection of 66 days of constant learning. Definelty a productive challenge by @KenJee_DS. Some topics I covered include : 
-Python 
-R
-Power BI
-Excel Macros
-Discrete choice modelling 
-Machine Learning
-task automation",1,22
1390030398755852289,951871594376376320,JackRaifer,Wed May 05 19:47:27 +0000 2021,"Let's talk about how to Accelerate your #DataScience career. Hope to see you all there.

#DATApreneurship
#66daysofdata https://t.co/rTn77Bgabh",1,8
1390007299234623488,2562318241,NeemaMV,Wed May 05 18:15:39 +0000 2021,"Day 59 of #66daysofdata
Day 86 of #100DaysOfCode #DataScience 
Successfully deployed knime to its sever with forecasting failed for Verizon product connect.
Day 36 of #100DaysofSQL
Worked on some sql queries to pull business days and business month for proportional logic",10,19
1389993494060707842,32453704,anyachocolat,Wed May 05 17:20:48 +0000 2021,"Day 33 of #66DaysOfData:
- finished the course module about functions and helped my classmates a little bit",0,9
1389990030312185864,1361227694889967616,dataQueen_pend,Wed May 05 17:07:02 +0000 2021,"D. 13 r. 2 of #66daysofdata

Okkkkaaaay... So!
With @DataCamp 
 🎉🍾 Finished Intermediate Python!
But... I still think that I don't know enough to feel good in using it.

Started first project (Netflix one) and when I was gaining some momentum, faced a ds-wall while subsetting. https://t.co/5ckJpS4S13",0,13
1389988762386534401,822280007502295041,_paulo_lopez_,Wed May 05 17:02:00 +0000 2021,"#100DaysOfMLCode #100DaysOfCode #66daysofdata #pythondeveloper #python 

🔹Tried SHAP (SHapley Additive exPlanations) is a game theoretic approach to explain the output of any machine learning model. https://t.co/xnAtJ1rrGj https://t.co/nKvhsOsCEJ",8,22
1389984369419243527,3041718695,suminohh,Wed May 05 16:44:32 +0000 2021,"For day 4 of #66daysofdata, I started on week 3 of UT Austin's edX course. I skipped through parts of week 2 because it has been too easy. Knock on wood.",0,12
1389980836137738246,995452348280573955,Just_Jordan_T,Wed May 05 16:30:30 +0000 2021,"5/5/2021 Day 36: #66DaysOfData working lesson 4 of FastAI Deep Learning for Coders with Fastai &amp; PyTorch working with MNIST data set. Comparing 3,7's and creating baselines for datasets and making sure that we build from there to have better model predictions. #ML #AI #Python",1,3
1389953678463881216,1356609984163889154,jo_grammer,Wed May 05 14:42:35 +0000 2021,"Day 62 of #66daysofdata 
 
- Finished the week 3 assignment of Applied Capstone for the IBM DS certification, segmenting &amp; clustering of the Toronto Neighborhoods, 

submitted the assignment

- Did some SQL practice on W3Schools",0,9
1389948634326716416,360668611,daniellabrito26,Wed May 05 14:22:33 +0000 2021,"Day 34 -  Advanced Linear regression topics covered .  Using Linear regression to handle non - linear data 
- Polynomial regression 
- Data Transformation techniques  
 Starting Regularization techniques too in detail . #66daysofdata #DataScience",0,18
1389936111712018432,19448058,paulapivat,Wed May 05 13:32:47 +0000 2021,"R3: Day 28 #66daysofdata 

Continue with Ethereum Basics Dashboard - using SQL to explore:

• Accounts transaction values
• Gas Limit, Gas Used
• Transaction fees
• Block hash and parent hash

https://t.co/B2Tjp4k4Yo",0,3
1389932081610846208,1276070101196795904,thinam_,Wed May 05 13:16:46 +0000 2021,"📚 Dive into Deep Leaving : https://t.co/4vpKQHzkRz
📒 Journey on Machine Learning and Deep Learning : https://t.co/I7KFrKDaJI
📔 Neural Style Transfer Notebook : https://t.co/peFDBrZv0e
📔 Object Recognition on Images: https://t.co/ohh9IPkmUe

#66daysofdata https://t.co/I8HSsDi9p4",0,3
1389914734103867396,602408175,golubovalex,Wed May 05 12:07:50 +0000 2021,"Day 16 of #66daysofdata: the 1-st lesson on pandas of Intermediate Python course on DataCamp, videos on loops and iterations from Python for Everybody course on freecodecamp, and completing a part of the 3-rd week of the 1-st course of Google Data Analytics certificate.",0,9
1389903577582211073,2352929006,AkirasGames,Wed May 05 11:23:30 +0000 2021,"Day 19 : Watched @chongjason914 part 2 video. Playing around Random Forest, Decision Tree, and SVM model. Submit 3 predictions to Titanic Competition on Kaggle. Need to do more data preprocessing.
https://t.co/WbbVsJyAxd
#66DaysOfData",0,3
1389877626446090240,1137782574036635649,thedataprof,Wed May 05 09:40:23 +0000 2021,"Hi friends, let's build a #drugdiscovery #webapp using @Streamlit in #Python 
Big credit to @just10chavez from which this app is based on.
👉https://t.co/W8Ilf5From
#66daysofdata #bioinformatics #cheminformatics #drugdesign https://t.co/KiySYosT4i",11,34
1389842762418249732,397272525,shatandv,Wed May 05 07:21:51 +0000 2021,"Day 120 of #66DaysOfData:
- Finished @365datascience Data Strategy Ch. 10,
- Installed PyTorch! A pity my laptop doesn't have CUDA,
- Read @mrdbourke's article on ML practices in the biggest companies. Great stuff, will have to explore those resources in more detail.",0,18
1389801539049598978,1108597836755755009,maisdev,Wed May 05 04:38:02 +0000 2021,"I put a target to work 1+ hours daily, but certainly hope to spend more on weekend mornings (2+ hrs each day) and in certain weekdays. I also aim to get into #kaggle projects in may . #66daysofdata #blockchain #python. Nothing is easy but it still can be fun!",1,4
1389801537510297600,1108597836755755009,maisdev,Wed May 05 04:38:02 +0000 2021,"Hi. I am trying to keep up with my aggressive quarterly plan, which I divided to months. And I plan for the successive week on Sundays. I also started to record the time I spend for my side project/ study. I think it will be helpful. R3D10 #66daysofdata #python #blockchain",2,8
1389782190892879878,1267805283511750660,Binal_BP,Wed May 05 03:21:09 +0000 2021,"Day 13: #66DaysOfData

Intro to Data engineering- Highlight of today’s lesson:
A variety of data sources has helped data engineering evolve tremendously over the past few years. This has helped other data professionals get quality data for decision making.",0,13
1389768409836052483,59787963,jamesnan,Wed May 05 02:26:24 +0000 2021,"Day 64 : #66DaysOfData

 Learn ""Postgres Index"" @  Dataquest",0,4
1389768384049451014,1389606414474227715,Nobre_Lucas18,Wed May 05 02:26:18 +0000 2021,"Today I started my journey at #66DaysOfData. On that first day I watched the first video of the event ""Data Immersion"" at the Alura School of Technology. I was already aware of most of the content presented, but I believe I can still learn a lot in the next classes.",0,7
1389759744290787329,168046022,ribhunirek,Wed May 05 01:51:58 +0000 2021,Day 11 of #66DaysOfData - learned about AWS EC2 fundamentals and created an instance on the cloud for a dummy app,0,11
1389737918051278851,929998650,KehalHoussem,Wed May 05 00:25:14 +0000 2021,"This ML cheatsheet by Stanford is amazing!!

https://t.co/CZmpl6oPca

#66daysofdata #MachineLearning",1,4
1389725976737820682,929998650,KehalHoussem,Tue May 04 23:37:47 +0000 2021,"Day 0⃣3⃣:

For today I continued with the Feature Engineering course on @kaggle, In the same time I tried to apply that on the AirQo Low-Cost Air Quality Monitor Calibration Challenge.

#66daysofdata #MachineLearning #DataScience",0,6
1389698165998198786,1266599735881687040,ChinWuChen1,Tue May 04 21:47:16 +0000 2021,D37 #66daysofdata - still wandering (hopefully not lost) in the (sql)zoo. 😂,0,9
1389697058093690880,1179254091521941508,jasonvero,Tue May 04 21:42:52 +0000 2021,"Day 3 - of #66DaysOfData

I learned about input functions and how to store them within variables, as well as what lists are and how to manipulate them using several built-in functions. 

#Python #DataScience",0,10
1389696946869346312,1326132466055323655,Nonyedollars,Tue May 04 21:42:26 +0000 2021,"2/66

Complete the first Google Data Analytics course. I might just start the ""Ask questions to make data driven decisions"" course now.

#66daysofdata",0,4
1389693371569090570,71251893,MirceaMesesan,Tue May 04 21:28:13 +0000 2021,"Day 02 of #66DaysOfData. Looked into when and how to use Statistic tests. Also, read a great article on essential math for Data Science: https://t.co/2HOrVZjO7I",0,7
1389688966060797952,1059200207756423170,Aamna__Suhail01,Tue May 04 21:10:43 +0000 2021,"#66daysofdata 
Day 25  with @KenJee_DS

Read a Book 
Machine Learning Concepts with Python and the Jupyter NB environment 
by NikitaSilaparasetty
Some theory about AI,ML,DS",0,10
1389683572315987968,1649054340,a_escontrela,Tue May 04 20:49:17 +0000 2021,Day 34 of #66daysofdata watched SQL data exploration video of Alex the Analyst and review some basic concepts of visualization in R,0,15
1389677145983754243,1300492664308146176,MarkusM99098101,Tue May 04 20:23:45 +0000 2021,"Day 60 of #66DaysOfData r2: came across the #TidyTuesday data project  for the R ecosystem. I like the concept and it would be a way back into R. I was highly motivated but failed to get R running in RStudio natively on the m1, so I spend my free time trying to get it to run :(",1,12
1389675765478875141,1324652185964204033,meyke9976,Tue May 04 20:18:16 +0000 2021,"Day 116 of #66daysofdata by @KenJee_DS 
A lot of practicing today for the exam... now relaxing with some ""easy"" analysis work.",0,16
1389668600110141441,901324520346091520,Sanskar1531,Tue May 04 19:49:47 +0000 2021,"day 8 of #66daysofdata 
Continued with the NLP course. Learnt loads of stuff today. Mainly covering k fold cross-validation, grid search, ensemble methods (randomForestClassifier and GradeBoosting), explored with hyperparameter settings. https://t.co/aeup6OgzaS",0,7
1389667792547454985,951871594376376320,JackRaifer,Tue May 04 19:46:35 +0000 2021,"I have been swamped with work the past few weeks, meaning my posts and writing have been limited. Nonetheless, I am back in the saddle and here is my latest article on the #RoadToDataScience series.

#DataScience
#66DaysOfData 

https://t.co/2xWYFFLoDR",0,7
1389663570804236292,995452348280573955,Just_Jordan_T,Tue May 04 19:29:48 +0000 2021,"5/4/2021 Day 35: #66DaysOfData - working on lesson 3 from FastAI Deep Learning for Coders with Fastai &amp; PyTorch, going over ""Data Augmentation techniques"" resizing, squishing making sure that data is neutral.https://t.co/385AeyHJDn",0,2
1389662998323613698,2496047438,Vaishakhkp59,Tue May 04 19:27:32 +0000 2021,"#66DaysofData - Day 2 : 

Alteryx + Python Integration - To use Scikit Learning with Alteryx

Project Identified  : Sales, Pipeline and Revenue Forecast using Time Series Forecasting / Any other possible Technique",0,2
1389659615206330368,1243246008303112192,samarthgupta39,Tue May 04 19:14:05 +0000 2021,"day64 of #66daysofdata
Learnt about Defuzzification from Principles of soft computing",0,13
1389653366607949825,324583975,georgekanellos,Tue May 04 18:49:15 +0000 2021,"Days 32-34(R2) of #66daysofdata by @KenJee_DS 

Worked on stacking but I have completely lost faith in it. No matter what I try, combining several models yields test accuracy less than the single best input model 🥲🥲 So it's either revelation or bust for this project 😃😃",0,14
1389649327581134850,1362442599747870721,art9793,Tue May 04 18:33:12 +0000 2021,"D8, D9 #66daysofdata @KenJee_DS 

Completed lists (including and intro to tuples) and loops modules in the Learn #Python 3 course. Found Loop controls (break, continue) and List Comprehension quite interesting.
Course Progress: 42%

#DataScience #DataFam #code #CodeNewbies",3,10
1389645078885437443,1361227694889967616,dataQueen_pend,Tue May 04 18:16:19 +0000 2021,"D. 12 R.2 of #66daysofdata

With @DataCamp 

➡️ Comparison and booleans operations on arrays, dataframes etc.
➡️ Filtering 🐼 dataframes
➡️ Looping over dictionaries, arrays, dataframes (uuuuaaa... Looping over 🐼 gave me a headache) https://t.co/bu6QG8A8rL",0,15
1389641049308553218,1377113586145751042,sustainablersyd,Tue May 04 18:00:19 +0000 2021,"Day 30-34 of #66daysofdata with @KenJee_DS 
- Been a whole lot of the same stuff, SQL, looker, lookML, etc. etc. 

Day 31 had a data science meeting on latent class and trajectory analyses ??? Rip",1,15
1389633946887942145,360668611,daniellabrito26,Tue May 04 17:32:05 +0000 2021,"Day 33 - Worked on Unsupervised learning methods -
🔶 Clustering hierarchical clustering analysis.  Python implementation. Also used  PCA and how it is implemented with linear and logistic regression in combination with RFE and also PCs  variance significance.#66daysofdata #Data",0,7
1389627873644978177,951871594376376320,JackRaifer,Tue May 04 17:07:57 +0000 2021,"And may #Data lead the way.

#MayThe4thBeWithYou 
#DataScience
#66daysofdata https://t.co/tgTVZE9sZP",1,7
1389626131150610432,1310565371389177858,R1SE_823,Tue May 04 17:01:02 +0000 2021,"Day 63 of #66daysofdata
- Create a simple interactive web app with streamlit to track The Stock Exchange of Thailand 
https://t.co/PPVVhnsqZ1",0,4
1389623028565241860,3041718695,suminohh,Tue May 04 16:48:42 +0000 2021,"For day 3 of #66daysofdata, I continued with the UT Austin edX course. 

I'm making my way through week 2. The goal is to get started on week 3 by the end of this week. Let's go!💨",0,8
1389613267220418567,1356609984163889154,jo_grammer,Tue May 04 16:09:55 +0000 2021,"Day 61 of #66daysofdata 

It's May the fourth &amp; the Force is strongly bearing me down under work today, so after if finished answering to all my clients, I Python coded for the #100daysofcode course with the App Brewery @yu_angela you rock

Then listened to Coldplay https://t.co/lEXqcRu3W9",7,12
1389606750584643589,444522096,BristowColin,Tue May 04 15:44:01 +0000 2021,Artificial intelligence yields breakthrough innovation in crop science. #ArtificialIntelligence #AI #DataScience #100DaysOfCode #Python #MachineLearning #BigData #DeepLearning #NLP #IoT #RPA #futureofwork #Serverless #Linux #CuriosityForever #66daysofdata https://t.co/Qna0Jx8zEl,23,5
1389599241945894914,722533518,nelotsak,Tue May 04 15:14:11 +0000 2021,"Went through AWS CLI today, to access AWS services from local via windows cmd / Linux shells:

https://t.co/RYVkqlrhRw

#66daysofdata 
#AWS",0,3
1389535591310643202,2352929006,AkirasGames,Tue May 04 11:01:15 +0000 2021,"Day 18 : Learnt what is Exploratory Data Analysis (EDA) and watched @chongjason914 part 1 EDA video on Titanic Dataset
https://t.co/0D8G2vRktY
#66DaysOfData",0,2
1389525968348352513,444522096,BristowColin,Tue May 04 10:23:01 +0000 2021,3 Steps to Building Waterfall Charts with Interactive Subtotals #ArtificialIntelligence #AI #DataScience #100DaysOfCode #Python #MachineLearning #BigData #DeepLearning #NLP #Robots #IoT #RPA #futureofwork #Serverless #Linux #CuriosityForever #66daysofdata https://t.co/gGyavMxqC2,5,5
1389516632758816769,1276070101196795904,thinam_,Tue May 04 09:45:55 +0000 2021,Neural Style Transfer Algorithms: It is the task of changing the style of an image in one domain to the style of an image in another domain. It manipulates images or videos in order to adopt the appearance of another image.  #Machinelearning #Deeplearning #66daysofdata https://t.co/aL846XF0zF,2,5
1389511725473533955,1352900033608351744,mr_osna,Tue May 04 09:26:25 +0000 2021,Day 2 of #66daysofdata. Completed the Titanic Project and starting with Pandas now,0,2
1389481420259840001,1306505184911208453,mt0rm0,Tue May 04 07:26:00 +0000 2021,"Days 56&amp;57 of my #66daysofdata: No changes. Slowly going through Tableau Desktop Intermediate and the NYU Deep Learning course, when I finish work and I'm not too tired",0,8
1389477829738385410,397272525,shatandv,Tue May 04 07:11:44 +0000 2021,"Day 119 of #66DaysOfData:
- Attended a webinar on connecting business metrics to DS metrics. The topic wasn't explained too well, so I'll need to read up some more about this,
- Learned a bit more about sourcing data for models.",0,10
1389474687630118912,1056932999407788035,daflowjoe,Tue May 04 06:59:15 +0000 2021,@suminohh I didn't know #66daysofdata was a thing - cool!,0,2
1389435544023695362,1267805283511750660,Binal_BP,Tue May 04 04:23:42 +0000 2021,"Day 12: #66DaysOfData

I’ve been waiting to explore the field of data engineering for a while now and I’m finally going to begin this exploration! I have enrolled in the Introduction to Data Engineering course by @coursera! Looking forward to learn about it!",0,11
1389416867291402242,59787963,jamesnan,Tue May 04 03:09:29 +0000 2021,"Day 63 : #66DaysOfData

 Learn ""Debugging Postgres Queries"" @  Dataquest

I was wondering about mysql vs Postgres. the trend can tell something https://t.co/S9xVSGQFeK",0,3
1389385232642674691,2149586883,vperez2000,Tue May 04 01:03:47 +0000 2021,"#66daysofdata #R3 #Day19 by @KenJee_DS
@DataCamp DS track

Statistics Thinking in Python (P.2) has been challenging, there is something about hypothesis testing &amp; p-value that I just (honestly) don't get 🙈😥

I need to work on that!! 🤪🤪🤪
Let's move forward! https://t.co/1VZPqvcvhm",0,12
1389379040331632640,1291243974611668992,pristdata,Tue May 04 00:39:11 +0000 2021,"Day 50 of #66daysofdata:

Just quickly reviewed data structures and database management types.",0,16
1389343100934529024,32453704,anyachocolat,Mon May 03 22:16:22 +0000 2021,"Day 32 of #66DaysOfData:
- I took a long weekend off because my friend was visiting but i managed to read ""A Byte of Python"" a little, to watch a webinar and to review some info from my course",0,12
1389342181010378756,71251893,MirceaMesesan,Mon May 03 22:12:43 +0000 2021,Day 01 of #66DaysOfData. Setting up a jupyter-lab folder for all my experiments. Created a public github repository https://t.co/kgWMYpxvHF. https://t.co/R34bdxyYms,0,2
