tweet_id,user_id,user_name,created_at,full_text,retweets,favorite
1345015010259578880,1308365362598215680,maszanski,Fri Jan 01 14:32:22 +0000 2021,"Day 9 of #66daysofdata 
On the first day of 2021, I just read Python Data Science Handbook https://t.co/tdDJDo0WOd",0,0
1345010985929760768,896716355411611648,martinnyakimov,Fri Jan 01 14:16:22 +0000 2021,"[Day 1 of #66DaysOfData]
Studied and practiced ""Statistics and probability"" - Khan Academy
Started ""Intro to SQL"" - Kaggle",0,0
1345000707984941061,1096479301074063361,Petec0x0,Fri Jan 01 13:35:32 +0000 2021,"Got to know about #66daysofdata today,
so I'll begin my first cycle.
Day 1 of #66daysofdata 
Learning how Pipelines woks in Machine Learning and how to implement it using sklearn from Kaggle. @KenJee_DS",0,0
1344988026154360833,1199473474202406912,SadounMohammad,Fri Jan 01 12:45:08 +0000 2021,"Day 26 of #66daysofdata 
1-1-2021
 Before the end of the first day in 2021, I will share what I learned today I've worked in combinations plot and how to use box plot with point plot and violin with point plot. Through these plots will able to visualise two types of observations. https://t.co/5yvQMVSq4R",0,0
1344981372104949760,1344904404240015360,hereigoagainbyk,Fri Jan 01 12:18:42 +0000 2021,"My first tweet in this account. 
Anw I'll be using this one to start freshly and properly in putting my footprints about my learning progress #TIL, especially in #DataScience, at least for this year. 
Inspired by #66daysofdata 
And finally, I hope I could be consistent 🙏",2,0
1344981007183839232,1099354391423913985,SarbottamM,Fri Jan 01 12:17:15 +0000 2021,"Let's get started with 66 days of data with @KenJee_DS. Join me with the tags.

Happy learning &amp; Happy new year.

#66daysofdata #66daysofHighPerformanceHabit
#66daysofRegularExcercise",0,0
1344964779249717250,2541850398,IbrahimAbdi_ke,Fri Jan 01 11:12:46 +0000 2021,Day 2 of #66daysofdata Data collection. This stage will decide on whether to move forward or back to Business Understanding. I prefer the latter. Data collection is for the period Jan to Dec 2020. Source :Central Bank of Kenya,0,0
1344958268406341638,1295650279883337728,Hrithik35979742,Fri Jan 01 10:46:53 +0000 2021,"Day 5 of @KenJee_DS’s 66 days of studying Data Science. Today I studied Product of elements of 2 matrices using for loop and vectorised implementation in which I found using Python Numpy vectorisation it is quite fast than traditional for loop implementation. 
#66daysofdata",3,1
1344954700706287616,1013052371663015936,_adam_votava,Fri Jan 01 10:32:43 +0000 2021,"Happy new year! 🥳

#KeepingUpWithData — Week 53 reading list!

Articles about predictions, planning and resolutions dominate this week’s list.

Articles from @datanami, @ananthdurai, @KamaruzzMd, @rahulj51, @KenJee_DS &amp; #66DaysOfData

#DataScience #Data
https://t.co/ZJ1RHzUp3C",2,2
1344937082842619905,1329313525974532097,AyubRasool14,Fri Jan 01 09:22:42 +0000 2021,Day 4/66: learned how to use a pipeline for NLP.  #66daysofdata,1,0
1344921229875175424,1253742018825773059,ElijahJ49445503,Fri Jan 01 08:19:43 +0000 2021,"2021 will be big big for me
Goal setting can be funky, so Im really gonna focus on sticking with the path i started in 2020
this involves becoming a better web developer, working on cp problems and dabbling in data science
I will be starting the #66daysofdata too. 
Best of luck",1,2
1344904421059166208,591802749,gsivapavan,Fri Jan 01 07:12:55 +0000 2021,"Power BI Dashboard Using Titanic Dataset⬇️

#100DaysOfCode #DataScience #66daysofdata #MachineLearning https://t.co/gf0OxiZg0y",21,11
1344881715010015232,284384756,Jdwest22,Fri Jan 01 05:42:42 +0000 2021,"Purchased and started listening to some audiobooks on Data Science and Analytics. It's not much, but had to keep the streak alive. #66daysofdata",1,2
1344879577819197440,50340883,aneeljoshee,Fri Jan 01 05:34:12 +0000 2021,"Days 2/3 of #66daysofdata: For day 2, revisited the basics of NLTK to tokenize sentences and clean text data in #Python. For day 3, worked briefly on stemming and lemmatization. More to continue tomorrow.",3,0
1344861226342334464,2212129783,sam_jwalsh,Fri Jan 01 04:21:17 +0000 2021,"#66daysofdata 
Day 44
-Worked on some 2020 run expectancy matrices.
Happy new year!",0,0
1344835722591707136,1230211224337432576,aaronpetryio,Fri Jan 01 02:39:56 +0000 2021,"Day 64 of #66DaysOfData:
- Listened to the ExpectedValue podcast with Mike Petriello 

Happy New Years, everyone!",0,3
1344816198404304896,1282451671889526785,datawhisky,Fri Jan 01 01:22:21 +0000 2021,"#66daysofdata trying to master regex and data cleansing.
As they say 80% of data scientist time is data cleansing.",0,1
1344813053049712643,862344799747264514,m_szecowka,Fri Jan 01 01:09:51 +0000 2021,Day 3. Happy New Year! Read a mini-course on XGBoost at Machine Learning Mastery (I highly recommend this webpage). Time: 11 min #66daysofdata  with @KenJee_DS,0,1
1344791613701238785,935615163457310722,stsewang17,Thu Dec 31 23:44:40 +0000 2020,Day 30 of #66daysofdata: ✓.,0,0
1344784107717406723,1166857292702191616,Ozan57347163,Thu Dec 31 23:14:50 +0000 2020,"Ive prepared my syllabus for #66DaysOfData. After 66 days, imma be the god of linear algebra. Ready to launch on 4th!!!",0,0
1344777639391875075,341612756,JamesGlassey,Thu Dec 31 22:49:08 +0000 2020,"Day 2 of @KenJee_DS's #66daysofdata challenge:

For the housing dataset, I have completed up to the modelling stage in the data science pipeline and created a reference book for different Seaborn charts with details on their limitations, application, and implementation.",1,2
1344760138457079810,1344725717884530689,LiamHuntData,Thu Dec 31 21:39:36 +0000 2020,"For the next couple months, I will be posting daily updates of what I've been working on as part of #66daysofdata. I'm at a tough stage for anybody where I'm transitioning from mostly learning to mostly independent work and these daily updates will show how I traverse this.",0,0
1344739348525297668,442279958,Duncanand,Thu Dec 31 20:16:59 +0000 2020,"https://t.co/OHPqRbf7j3

Making my way through @datajournalism 's top 10 COVID-19 data journalism projects and reaching out to some of their creator's for interviews to speak about their processes #66daysofdata #datajournalism",0,0
1344732827993178113,1133765816648962049,DataNardeep,Thu Dec 31 19:51:04 +0000 2020,"Day 5 of #66daysofdata complete, did a few exercises on lists #Python #DataScience",2,3
1344698845955903491,1333302458362171392,ArunAakriti,Thu Dec 31 17:36:02 +0000 2020,"I got to know about #66daysofdata a little late last time. And now, that it's starting again I can't hold my excitement to get myself started with #66daysofdata . :)

Thank you @KenJee_DS. https://t.co/SAD2rVb1JD",0,4
1344693105115725827,908469290940157955,alamizn,Thu Dec 31 17:13:14 +0000 2020,"Good resource to learn Data Structures (python):

https://t.co/ciFiNPYbRM

#DataScience #66daysofdata",3,5
1344684448063766528,3387251893,AirmanKolberg,Thu Dec 31 16:38:50 +0000 2020,"Day 1 of #66DaysOfData, and I’m attempting to improve on a stock trading app I began developing the other week using some techniques I’ve been learning on YouTube (and through documentation).  1 down, (days_remaining_alive - 1) to go!  🤙🏼",0,0
1344677863321182211,43874625,LudovicCarceles,Thu Dec 31 16:12:40 +0000 2020,"Day 4 of #66daysofdata still on statistics because I love that 😁. Confidence Intervals again today (Z and T scores, and on dependent samples)",0,0
1344669557559078917,288875016,statsmamba,Thu Dec 31 15:39:39 +0000 2020,"#66daysofdata Day 2/66 
Not much time today. Just enough to make some practical examples with Decision Tree I reviewed yesterday. Interesting to note that we sometimes have almost the same results with a full tree, long and time expansive than a very shorter one.",0,0
1344647608082472960,1050363426357174272,HendryLian,Thu Dec 31 14:12:26 +0000 2020,"Day 2 :
Doing Data Analyst Project: Business Decision Research in DQLab Courses, but not finished yet @DQLab_id
With Case Study, I Learn Data Cleansing, Churn by Customer, and Deleting column, then visualize it

URL : https://t.co/FpmckPoAUo

@KenJee_DS
#66daysofdata",0,1
1344629091052310530,1329313525974532097,AyubRasool14,Thu Dec 31 12:58:51 +0000 2020,3/66 days: Deep dived into naive Bayes classifier and brushed up on my stats. #66daysofdata,0,0
1344627558130855936,1342015716535508994,iamsalihmansoor,Thu Dec 31 12:52:46 +0000 2020,"Day 2:

✔ Played with the itertools library in Python to strengthen my understanding of permutations &amp; combinations
✔ Learnt the lambda function

@KenJee_DS #66daysofdata",0,1
1344620063110934531,908469290940157955,alamizn,Thu Dec 31 12:22:59 +0000 2020,"☕𝗗𝗮𝘆 𝟮 of #66daysofdata starts with a good cup of black coffee!

Yesterday, I moved onto Data Structures and Algorithms - covering Binary Search so far.

Also, finally got this book! 🤩! Heard good things about it.

#DataScience https://t.co/cZNLmC9Fj3",0,2
1344619189437284354,591802749,gsivapavan,Thu Dec 31 12:19:31 +0000 2020,"Everybody gangster untill stack overflow says this ""you're the first person to ask this question""

#100DaysOfCode #66daysofdata #DataScience",6,3
1344601222733389826,1295650279883337728,Hrithik35979742,Thu Dec 31 11:08:07 +0000 2020,"Day 4 of 66 days of studying Data Science with @KenJee_DS, Today I studied Mini Batch Gradient Descent, Computation Graphs and Derivatives in Deep Learning from a MOOC. It’s very interesting and great to study. 
#66daysofdata",0,4
1344600681303433217,2541850398,IbrahimAbdi_ke,Thu Dec 31 11:05:58 +0000 2020,Day 1 of #66daysofdata I'll be starting close to home with analysis of the performance of the Kenya Shilling against major currencies. I'll share articles written on the same for context.,0,1
1344587210482470921,2541850398,IbrahimAbdi_ke,Thu Dec 31 10:12:26 +0000 2020,"was going to wait for everyone to start #66daysofdata Jan 4th, but its the last day of 2020, might as well get in. 11 projects. 66 days. Lets go",0,0
1344561487289847808,591802749,gsivapavan,Thu Dec 31 08:30:13 +0000 2020,"Power BI Dashboard
#66daysofdata #dailyproject #100DaysOfCode https://t.co/1RuxVy5vXh",1,2
1344549238412197889,1178713834971729922,UtkarshMathur19,Thu Dec 31 07:41:33 +0000 2020,Hey @KenJee_DS starting tomorrow I'll be participating in my own #66daysofdata challenge. Thanks for the motivation and guidance.,0,7
1344537566591078404,2212129783,sam_jwalsh,Thu Dec 31 06:55:10 +0000 2020,"#66daysofdata 
Day 43
-Tried a gradient boosted model on the PUBG notebook and it did a little worse than the regular random forest.

I want to finish with a pretty strong model",0,0
1344534096299626497,1320782511748927489,NoahHorsleyDS,Thu Dec 31 06:41:23 +0000 2020,"Today I read the first chapter of Storytelling with Data. It reviewed some of the important steps you should take before creating any visuals, like figuring out what story you want to tell.

Day 62 of #66daysofdata 
Days missed: 5",0,1
1344528094237921282,2650577540,gamalsennar,Thu Dec 31 06:17:32 +0000 2020,Very excited to start #66daysofdata. I will start by implementing different regression models on different datasets,0,0
1344525791766351872,2372174185,iashishagr,Thu Dec 31 06:08:23 +0000 2020,"@svpino Hi 👋 I'm a ML engineer who loves discovering insights with data. I like to work on things that matter and help. Right now, I am eyeing to begin my new year with #66DaysofData.",1,2
1344516829000024065,1230211224337432576,aaronpetryio,Thu Dec 31 05:32:46 +0000 2020,"Day 63 of #66DaysOfData:
- Sat in on the @nickwan live-stream! Inspiring stuff. Bummer about the mayo hate.
- Started to develop my plan for the next round of #66DaysOfData starting on 1/4! This time around, I want to set goals and do a better job at holding myself accountable",0,4
1344515588429914112,1308365362598215680,maszanski,Thu Dec 31 05:27:50 +0000 2020,Day 8 of #66daysofdata https://t.co/uUXcfAcmcq,0,0
1344452346529636352,1204857823038976002,guillo_julian,Thu Dec 31 01:16:32 +0000 2020,"#66daysofdata 
Day -4:
A bit of a lazy day today. I reviewed some inference concepts like parameter estimation, confidence intervals and hypothesis testing, but did not work on the set of problems I was planing on doing today. I'll make up for that tomorrow (2am here in Spain)",0,0
1344441674555154438,284384756,Jdwest22,Thu Dec 31 00:34:08 +0000 2020,Receiver is RB/WR/TE.  Likely a lot wrong here. Would love to hear if @benbbaldwin  @LeeSharpeNFL  @reinhurdler @PFF_Moo  or anyone else has done this already....and correctly. Go easy as I've not spent a ton of time with R.  #nflfastR #NFLData #66daysofdata  #noob,0,0
1344439627667554304,1050363426357174272,HendryLian,Thu Dec 31 00:26:00 +0000 2020,"Day 1 :
Finishing Machine Learning with Python in DQLab Courses @DQLab_id
that learn from Data Exploration and Preprocessing, Learn about Data Modelling with Scikit Learn, Supervised and Unsupervised algoritm
and ended by with mini project

@KenJee_DS
#66daysofdata",1,5
1344424705172910080,850932336,Victor_Retamal_,Wed Dec 30 23:26:42 +0000 2020,"3/66 I've started the Stanford course of machine learning 2 weeks ago and today I finished learning the linear regression module. It's time to start a project to try all these concepts

I've always believed project learning was the best way to learn new skills 
#66daysofdata",1,2
1344408338185007104,935615163457310722,stsewang17,Wed Dec 30 22:21:40 +0000 2020,Day 29 of #66daysofdata: ✓.,0,0
1344395457406115843,1133765816648962049,DataNardeep,Wed Dec 30 21:30:29 +0000 2020,"Day 4 of #66daysofdata complete, did some revision on variables and went through the quicksort algorithm, might have time to squeeze in a chapter on hash tables #Python #DataScience",2,1
1344394037474832385,862344799747264514,m_szecowka,Wed Dec 30 21:24:50 +0000 2020,"Day 2. Pretty tired after a whole day in the mountains with my family so more StatQuest with @joshuastarmer. Today meal consisted of Linear regression in R, Multiple regression in R, Linear Models Pt.1.5 and Pt.2. Total: 19 min #66daysofdata with @KenJee_DS",0,2
1344385852319932416,288875016,statsmamba,Wed Dec 30 20:52:19 +0000 2020,"#66DaysOfData Day1/66
First regression algorithm : useful review of Decision Tree theory and hyper parameters. Some very basic examples today for reminders. https://t.co/0VWtUrFekz",0,1
1344375414303686656,341612756,JamesGlassey,Wed Dec 30 20:10:50 +0000 2020,"I will be starting @KenJee_DS's #66daysofdata challenge for the upcoming year.

My first aim is to complete the House Prices - Advanced Regression Techniques dataset on Kaggle with a written report and a youtube video to accompany it.",0,6
1344373892308234247,288875016,statsmamba,Wed Dec 30 20:04:47 +0000 2020,"Start of the #66DaysOfData. Overview / goals: 
1. More deeply understanding of ML algos to know which one to use and how to optimize them. 
2. Review some projects and implement them. 

First topic -&gt; Regression problems with personal projects on basketball data 🏀",0,0
1344346043912052738,19448058,paulapivat,Wed Dec 30 18:14:08 +0000 2020,"Day 36: #66daysofdata

- work through Strings in Python from py4e/FCC: string slicing, concat, search/replace, parsing and extracting https://t.co/r3YqEf0FBZ
- helped a stranger visualize covid data (hopefully I can share soon🤞)",0,1
1344341284010356737,1281890679052857346,ShrutiJ87241031,Wed Dec 30 17:55:13 +0000 2020,"Day 32: #66daysofdata 
- learned some math concepts of positive and negative integer and also factor and rules .
- first time made an resume 💯🤭
- applied for few data science Internship hope for best💯
@KenJee_DS",2,5
1344340514020188160,442279958,Duncanand,Wed Dec 30 17:52:09 +0000 2020,Finding it helpful/necessary today to review the fundamentals in python with @ehmatthes 's book - Python Crash Course #66daysofdata https://t.co/fd5LrZ9G1K,0,4
1344338944272576512,43874625,LudovicCarceles,Wed Dec 30 17:45:55 +0000 2020,Day 3 of #66daysofdata still on statistics and more specifically on confidence intervals,0,2
1344309914659917824,397272525,shatandv,Wed Dec 30 15:50:34 +0000 2020,Excited to join the #66DaysOfData initiative! Thanks to @KenJee_DS for starting this. It’s time to finally build a DS project after putting it off for so long!,0,5
1344292100347727872,1332613548,imkeller_5,Wed Dec 30 14:39:47 +0000 2020,Day 69 of #66daysofdata! Was procastinating a lot and got nothing done on the GMM notebook for school. Therefore continued learning about joining SQL data on Dataquest.,0,2
1344289106919043072,951871594376376320,JackRaifer,Wed Dec 30 14:27:53 +0000 2020,"Almost at the end of the year. What are your Data Science goals for 2021?
#DataScience
#66DaysOfData https://t.co/lTXtaO2SMo",2,1
1344269298940796934,1199473474202406912,SadounMohammad,Wed Dec 30 13:09:10 +0000 2020,"Day 25 of #66daysofdata 
Today I've reflected on what I was in before joining the challenge, what I learn it in 24 days in two or three hours every day, will take me to another side of my journey to #ML and #DL world.
+",0,1
1344253052837105664,908469290940157955,alamizn,Wed Dec 30 12:04:37 +0000 2020,"Day 1 of my #66daysofdata journey

Productivity starts with a clean workspace! https://t.co/A7rG49So5h",0,10
1344219433133195264,1295650279883337728,Hrithik35979742,Wed Dec 30 09:51:01 +0000 2020,"Day 3 of @KenJee_DS’s 66 days of studying Data Science, well Data Science is a huge subject which can’t be studied in 66 but just get a kick start or start from what you are learning right now. I am studying SGD for Deep Learning from a MOOC. #66daysofdata",1,4
1344210419045576704,1262838138948517888,KasimSegun,Wed Dec 30 09:15:12 +0000 2020,"I am so excited to participate in #66daysofdata starting on January 4 with @KenJee_DS! I haven’t really progressed in my Data Science journey this year, hoping this experience would set me back on track 🙂",1,7
1344208330575798272,918396221311668224,nuraandcoffee,Wed Dec 30 09:06:54 +0000 2020,Anyone taking part in #66daysofdata ?,0,1
1344205675769913345,2212129783,sam_jwalsh,Wed Dec 30 08:56:21 +0000 2020,"#66daysofdata 
Day 43
-submitted my PUBG notebook and this time got a mean absolute error of 0.066, much lower than the previous 0.265. was pretty exciting

More work to be done, but I’m excited to jump back into baseball next.",0,3
1344205351659433986,1344191054547980288,tomar26,Wed Dec 30 08:55:04 +0000 2020,I have a bunch of projects and I'm struggling to start with them so I'm following @KenJee_DS suggestion in his #66DaysOfData initiative and using this to track my daily progress and hold myself accountable 🏁,0,2
1344198563492933632,1342015716535508994,iamsalihmansoor,Wed Dec 30 08:28:06 +0000 2020,"Day 1:

✔Completed ""Learn Python - Full Course for Beginners [Tutorial]"" by @freeCodeCamp 
✔Revised OOPs using @CoreyMSchafer 's YouTube tutorials

@KenJee_DS #66daysofdata",0,2
1344194068860051457,1342015716535508994,iamsalihmansoor,Wed Dec 30 08:10:14 +0000 2020,"Starting @KenJee_DS 's #66daysofdata challenge. 

Planning to: 
- refresh my understanding of Python basics using YouTube videos of @freeCodeCamp 
- complete @googledevs  Machine Learning Foundations playlist on YouTube

✌Wish me luck :)",0,3
1344179546354925569,1316454234447990784,data_motivated,Wed Dec 30 07:12:32 +0000 2020,Going to be joining @KenJee_DS in starting the #66daysofdata challenge tomorrow! Look for a tweet and a blog post soon after.,0,5
1344175944714641408,1308365362598215680,maszanski,Wed Dec 30 06:58:13 +0000 2020,Day 7 of #66daysofdata https://t.co/nUb0NqyioE,0,1
1344152469832687618,50340883,aneeljoshee,Wed Dec 30 05:24:56 +0000 2020,"Starting my #66daysofdata with @KenJee_DS a few days early. Very excited to learn and see what's to come. 

Day 1:
Started by revising Exploratory Data Analysis in Python. Used basic Pandas, Matplotlib and Seaborn. 

Documenting daily learnings here: https://t.co/ghbqDkCygS",1,5
1344133536916381697,125396183,bushra_waheed,Wed Dec 30 04:09:42 +0000 2020,"I'm excited to participate in #66daysofdata starting on January 4 with @KenJee_DS!! I'm hoping to post about my progress on my blog!!

 #DataScience #DataScientist",2,3
1344125796458393602,1320782511748927489,NoahHorsleyDS,Wed Dec 30 03:38:57 +0000 2020,"Today I started reading Storytelling with Data by Cole Nussbaumer Knaflic. @storywithdata 

Increasingly, I find myself reading books and articles to learn. It feels good to get away from my desk, unplug, and learn from an expert.

Day 61 of #66daysofdata 
Days missed: 5",0,2
1344106882575835140,1283580831903158272,Angel_Feliz_F,Wed Dec 30 02:23:47 +0000 2020,"Day 2
I learned how to change variables' names and to create summarize data frames with customs functions in R.
#66daysofdata #RStats",1,1
1344106607358083077,1230211224337432576,aaronpetryio,Wed Dec 30 02:22:42 +0000 2020,"Day 62 of #66DaysOfData:
- Started 'Creating a Sports Betting Model 101' on YouTube
- Installed Anaconda and GIT on the new work computer",0,4
1344105338505670656,951871594376376320,JackRaifer,Wed Dec 30 02:17:39 +0000 2020,"Choose your own #DataScience adventure.
#DSHumor
#66DaysOfData https://t.co/E4HCGuWGpo",3,1
1344099385995534337,1329313525974532097,AyubRasool14,Wed Dec 30 01:54:00 +0000 2020,2/66 days: learned about Naive Bayes classifier and build a simple Naive Bayes classifier for spam/ham messages. #66daysofdata,0,1
1344094384149692416,908469290940157955,alamizn,Wed Dec 30 01:34:07 +0000 2020,"Part 2 of the syllabus!

#66daysofdata #DataScience 

Anything I've missed? https://t.co/TD1pehV3bc",2,3
1344093898977763329,908469290940157955,alamizn,Wed Dec 30 01:32:12 +0000 2020,"Also ordered this book!

#66daysofdata #DataScience https://t.co/vowZ9o1Rbt",2,3
1344093586728562690,908469290940157955,alamizn,Wed Dec 30 01:30:57 +0000 2020,"First topic of the night: Big(O) notation!

#66daysofdata",0,1
1344092256563818498,908469290940157955,alamizn,Wed Dec 30 01:25:40 +0000 2020,"As someone with a Maths background and not a CS background, I want to really solidify Data Structures and Algorithms

#66daysofdata",0,3
1344091840690221056,908469290940157955,alamizn,Wed Dec 30 01:24:01 +0000 2020,"Day -1 of #66daysofdata 

Created a rough syllabus of the areas I want to cover

I am going to start off with Data Structures and Algorithms, then swiftly moving onto some Maths revision (Stats, probability etc) https://t.co/ddTYjcmjXp",0,5
1344090924494843904,908469290940157955,alamizn,Wed Dec 30 01:20:23 +0000 2020,"It's 1am in the morning but I'm inspired to start my #66daysofdata journey!

For the next 66 days, I'll be challenging myself to code, revise and learn topics relating to Data Science daily!

🤩🤩🤩",3,13
1344072554936459264,1204857823038976002,guillo_julian,Wed Dec 30 00:07:23 +0000 2020,"#66daysofdata 
Day -5:
Reviewed some notes on Data Mining and EDA: covariance and correlation matrices, multivariant plotting, outlier detection, and treatment of missing values.",0,1
1344063221175472128,45938414,KiInoue,Tue Dec 29 23:30:18 +0000 2020,"Day66 of #66DaysOfData: Calculating the Beta and Capital Asset Pricing Model (CAPM) to evaluate the return on my future investment portfolio. 🐍

Thanks @KenJee_DS for the initiative!  Learned a broad range of topics with hopes of making it in the world of DS/ML in 2021.",0,7
1344055463835553800,1133765816648962049,DataNardeep,Tue Dec 29 22:59:28 +0000 2020,Day 3 of #66daysofdata completed and managed to go through lists and list comprehensions in #Python,2,6
1344052466636058624,1326175104129146883,4_eyed_a_man,Tue Dec 29 22:47:33 +0000 2020,"Day4 of #66daysofdata #100DaysOfCode
Learned about the mathematical intuition behind Linear Regression and Lasso Regression. Would be great if anyone wants to leave some questions in comments :) #Python #ML #Data #DataScience #programming #code",15,12
1344041539459276802,862344799747264514,m_szecowka,Tue Dec 29 22:04:08 +0000 2020,"Day 1. Starting from basics. Watched StatQuest: Linear Models Pt.1 - Linear Regression https://t.co/KARl1mbzoC 
#66daysofdata with @KenJee_DS",0,8
1344023553830580224,1199473474202406912,SadounMohammad,Tue Dec 29 20:52:40 +0000 2020,"Day 24 of #66daysofdata 

Today, I've completed the first phase of plotting in Sydney beaches dataset, and I used different graphs using geom_jitter, geom_quasirandom and geom_beeswarm. I did it show the distribution of bugs level in each site the chart below explain it. https://t.co/rikDmpQojC",0,1
1344004019954409474,1281890679052857346,ShrutiJ87241031,Tue Dec 29 19:35:03 +0000 2020,"Day 31 : #66daysofdata 
-completed widhya mission of data analysis with python
- learned stats topic like log normal distribution.",0,1
1344002733356015617,284384756,Jdwest22,Tue Dec 29 19:29:56 +0000 2020,Just finished my Intro to R with @Codecademy .  Hoping it will help me as I work with #nflfastR for fun.  #66daysofdata,0,2
1343972795831742466,935615163457310722,stsewang17,Tue Dec 29 17:30:58 +0000 2020,Day 28 of #66daysofdata: ✓.,0,1
1343971531701960704,19448058,paulapivat,Tue Dec 29 17:25:57 +0000 2020,"Day 35: #66daysofdata

- Learn basic Python string operation (py4e, fcc)
- Read Ch9 Data Sci from Scratch (""Getting Data"")",0,1
1343971488387354626,1243246008303112192,samarthgupta39,Tue Dec 29 17:25:47 +0000 2020,"Eagerly waiting for #66daysofdata starting from Jan 4, 2021 @KenJee_DS Birthday !!",0,2
1343962955482865664,43874625,LudovicCarceles,Tue Dec 29 16:51:52 +0000 2020,Day 2 of #66daysofdata dedicated to a refresher on inferential statistics. Very excited!!,0,1
1343943562350776327,442279958,Duncanand,Tue Dec 29 15:34:49 +0000 2020,"https://t.co/MHPxj51cFc

I love the interactive data visualizations on this website. I'm learning all about probability theory this week as part of my prep work for a data science bootcamp I plan on taking in the new year at @lighthouse_labs #66daysofdata",0,1
1343938466623741952,951871594376376320,JackRaifer,Tue Dec 29 15:14:34 +0000 2020,"Seems legit.
From @DeepLearningAI_ 
#DataScience 
#66DaysOfData
#DeepLearning https://t.co/ev2QPykitq",1,4
1343936343408304128,2214590456,__peagah,Tue Dec 29 15:06:08 +0000 2020,"Day 47. Taking a look at interpolation methods.

#66DaysOfData @KenJee_DS",0,3
1343902590061473792,1343255841705783298,marzydata,Tue Dec 29 12:52:00 +0000 2020,Really want to start @KenJee_DS #66daysofdata challenge but unsure whether I’ll be able to give it time once I go back to work after the holidays ://,0,3
1343888489390223360,2494666159,sanusi_waris,Tue Dec 29 11:55:58 +0000 2020,Constant learning is a key aspect of building a career in Data Science. As such I will be joining in the #66daysofdata by @KenJee_DS starting on the 4th of January with the aim of developing a great Data Science Habit by learning something new everyday for at least 5 minutes.,1,5
1343886069528489986,1332613548,imkeller_5,Tue Dec 29 11:46:21 +0000 2020,Day 68 of #66daysofdata! Looked a bit at GMMs for an assignment have to continue today.,0,2
1343880401752879111,3108644521,akanshabhatt71,Tue Dec 29 11:23:50 +0000 2020,"Yesterday, saw the video by @KenJee_DS and I am excited to join the #66daysofdata. I'll start this challenge from tomorrow itself in order to generate a habit and try to be more regular in updating my day to day progress. 
All ready for new learnings &amp; challenges.",0,5
1343840705718878210,2212129783,sam_jwalsh,Tue Dec 29 08:46:06 +0000 2020,"#66daysofdata 
Day 42:
-My first PUBG model was a joke. Today I found the mistake in my code and improved it by a lot.
-Kaggle notebooks are having a hard time accepting it though. 
more tomorrow",0,2
1343828349676736512,285723440,geekanvesh,Tue Dec 29 07:57:00 +0000 2020,"Quick #marketing tip for holidays - targeting your product worldwide - have a Christmas in it; targeting for Indians - have New Year in it 😉

https://t.co/dfRWa2WguD #66daysofdata #StillSoMuchToLearn https://t.co/Z6lNuGWW92",0,4
1343814349148700675,285723440,geekanvesh,Tue Dec 29 07:01:22 +0000 2020,"@JackRaifer ""We keep moving forward, opening new doors, and doing new things, because we're curious and curiosity keeps leading us down new paths"" - Walt Disney
Looking forward to next phase of learning and sharing with #66daysofdata",0,2
1343812741803339776,1300541186864590848,trainandtest,Tue Dec 29 06:54:59 +0000 2020,"Check out this Insurance Premium Data on @kaggle 
Good for regression problems and understanding assumptions! 

#66daysofdata #100DaysOfMLCode #MachineLearning #Data #DataScience 

https://t.co/RnL1AXN1Oy",1,1
1343809385743564800,1295650279883337728,Hrithik35979742,Tue Dec 29 06:41:38 +0000 2020,"Day 2 of 66 days of studying Data Science @KenJee_DS’s challenge. So, today I am going to study gradient descent and it’s types for Deep Learning and DASH’s colouring and styling for making the data viz. dashboards more beautiful from MOOC’s and Medium articles.
#66daysofdata",1,2
1343809307490590722,1308365362598215680,maszanski,Tue Dec 29 06:41:20 +0000 2020,"Day 6 of #66daysofdata 
Today I want to return to the Pandas exercises, my knowledge of seaborn &amp; matplotlib is better than a week ago. I have to start 7th part, where visualisation exercises are. In addition, my goal is to find some interesting material about Theory of prob. https://t.co/jibsY0sZax",0,2
1343788246115835904,1329313525974532097,AyubRasool14,Tue Dec 29 05:17:38 +0000 2020,1/66 days: learned about Vectorisation for NLP which allows words to be converted into numbers #66daysofdata,1,2
1343783690279792640,1320782511748927489,NoahHorsleyDS,Tue Dec 29 04:59:32 +0000 2020,"I finished reading Statistics Done Wrong by Alex Reinhart today. I would highly recommend anyone working with data read this book, especially the first 6-8 chapter. Good stuff!

Day 60 of #66daysofdata 
Days missed: 5",0,3
1343767637122289664,1162262663969173510,SazonovaKate8,Tue Dec 29 03:55:45 +0000 2020,I'm excited to participate in #66daysofdata starting on January 4 with @KenJee_DS!,1,15
1343743915560726529,1291114285507186690,jaimedatalatte,Tue Dec 29 02:21:29 +0000 2020,"Last one before starting #66daysofdata. I don't know why i've been afraid of applying machine learning algorithms so far so that will be the main goal in the next round. 

https://t.co/1BJeB2XMZT",1,4
1343736617924612096,3023431117,tibi01993,Tue Dec 29 01:52:29 +0000 2020,"Day1: Support Vector Regression concept understanding.

SVR shows us how much error is acceptable in our model, based on that we can find the best line to fit the data.
#66daysofdata",0,1
1343708974248583168,1204857823038976002,guillo_julian,Tue Dec 29 00:02:39 +0000 2020,"#66daysofdata
Day -6:
Today I read a tutorial and played a little bit with #rmarkdown, which are sort of notebooks that allow you to combine markdown text, R code, latex and images in a single file, and then export them to different formats like HTML, PDF or word",0,2
1343693361622859776,1326175104129146883,4_eyed_a_man,Mon Dec 28 23:00:36 +0000 2020,"Day3 of #66daysofdata #100DaysOfCode
Learned and Practised: Classification Metrics - Confusion Matrix, FPR, FNR, TPR(RECALL), PRECISION, F-Beta Score
Thank you @statquest @Krishnaik06 for solid content on youtube lectures #Python #MachineLearning #DataScience #Data #programming",10,8
1343693139777892353,284384756,Jdwest22,Mon Dec 28 22:59:43 +0000 2020,"Still very new so forgive any mistakes, but thought I'd try my hand.  I'm not trying to prove anything.  It was just fun to do.  The two pics are fairly self explanatory, but I'd be happy to talk about either.  #66DaysofData #nflfastR #noob #BearDown https://t.co/WBGAcH8z9y",0,3
1343686284284473344,862344799747264514,m_szecowka,Mon Dec 28 22:32:29 +0000 2020,My birthday are in 30 min which will also start my #66DaysOfData with @KenJee_DS.,0,4
1343669919557300225,850932336,Victor_Retamal_,Mon Dec 28 21:27:27 +0000 2020,"2/66 I started the @freeCodeCamp course about intermediate python. I'm still getting used to logging module, so tomorrow would be more practice on it.

#66daysofdata

https://t.co/JcKFqVuREZ",1,3
1343663202026938368,1291489501844393984,_dominiquejames,Mon Dec 28 21:00:46 +0000 2020,"I participated in #66daysofdata with @KenJee_DS the first round, and I have to say... it gave me some valuable structure and community while I was sorting out what I want to do for a living. DO IT! You won’t regret it!
#Python #100DaysOfCode #DataScience #Data 

🤙🔥💻 https://t.co/tDTjPYVBMH",5,16
1343662833658159104,1133765816648962049,DataNardeep,Mon Dec 28 20:59:18 +0000 2020,"Day 2 of #66daysofdata completed, loops and class vs instance on #hackerrank's 30 day challenge.
Finished selection sort, recursion and the 'divide and conquer' algorithm in #grokkingalgorithms 
Great video here explaining divide and conquer using #Python https://t.co/he1DK7Xqzr",1,3
1343660722887286793,1163625665683447815,EitherOrOr,Mon Dec 28 20:50:55 +0000 2020,I'm excited to participate in #66daysofdata starting on January 4 with @KenJee_DS! I'm hoping to post about my progress on my Medium at https://t.co/Qr6z8YTesz,1,7
1343622168836378624,984493691187310592,Vijish68859437,Mon Dec 28 18:17:43 +0000 2020,"Cartoon yourself!!

#DeepLearning #66daysofdata #MachineLearning #100DaysofMLCode #100DaysofPython #100Daysofcode #DEVCommunity https://t.co/OY33c3A2Lc",14,13
1343608888210280448,19448058,paulapivat,Mon Dec 28 17:24:56 +0000 2020,"Day 34: #66daysofdata 

- complete iterations Python patterns (py4e, FCC): while, break, none, loop idioms,
- learned to source script in Rstudio console: source(~path)
- learned to run R code in VScode
- tweak yesterday's dataviz to make it readable:
https://t.co/Oe3RVLIi8d",0,2
1343604364615831554,935615163457310722,stsewang17,Mon Dec 28 17:06:58 +0000 2020,Day 27 of #66daysofdata: ✓.,0,2
1343577321836568579,43874625,LudovicCarceles,Mon Dec 28 15:19:30 +0000 2020,"Day One of #66daysofdata , session dedicated to a refresher/crash course on Python.",0,2
1343573871601934338,45938414,KiInoue,Mon Dec 28 15:05:48 +0000 2020,Day65 of #66DaysOfData: practice building a ANN with Tensorflow in @GoogleColab. 🐍,0,2
1343547662801494016,2214590456,__peagah,Mon Dec 28 13:21:39 +0000 2020,"Day 46. Studying continuous distributions.

#66DaysOfData @KenJee_DS",0,4
1343522718138961921,2378414591,FraukePita,Mon Dec 28 11:42:32 +0000 2020,"Mmmm, maybe I would try. Maybe you can. #66daysofdata  https://t.co/HDFjvDnt3u via @YouTube",0,2
1343521117600813056,1199473474202406912,SadounMohammad,Mon Dec 28 11:36:10 +0000 2020,"Day 23 of #66daysofdata 

Today, I've just worked in pivot_wider() and pivot_longer(), I tried it in a small and big data frame, it's more helpful and easy to use than spread() and gather().",0,2
1343484287341891586,2212129783,sam_jwalsh,Mon Dec 28 09:09:49 +0000 2020,"#66daysofdata 
Day 41:
-Worked on my PUBG model more, but it's hard to train with the memory limit in kaggle notebooks.
-I think that my first model overfit, so I'm increasing some of the regularization parameters.",0,2
1343475965331087360,1327577395776299008,jwfaureDS,Mon Dec 28 08:36:45 +0000 2020,"I will be starting the 2nd round of #66daysofdata with @KenJee_DS on January 4th.
Hope to investigate more about the deployment and framework side of the DS pipeline #tensorflow #rShiny #torch",1,6
1343453827240902656,1295650279883337728,Hrithik35979742,Mon Dec 28 07:08:47 +0000 2020,"Yesterday watched the @KenJee_DS's video of learning Data Science for 66 days. So, today I am starting with that challenge, I am studying Deep Learning and DASH for Data Viz. from the MOOC's and some free resources like Videos and Medium Blogs. So let's start. #66daysofdata .",1,5
1343448760089792512,1301025989359788033,AMuktineni,Mon Dec 28 06:48:39 +0000 2020,"Day 19 of #66daysofdata 

Didn't get to work on anything today but I did watch a video by @KenJee_DS about his strategy on how to learn DS &amp; ML in an effective way. 

https://t.co/Ug5EBIwPYT",0,3
1343447106422530048,1308365362598215680,maszanski,Mon Dec 28 06:42:04 +0000 2020,"Day 5 of #66daysofdata 
Today I have more stuff to do! Because I want to clarify some details about ANOVA (third point about it too, but in Russian) https://t.co/48JUC8NkMH",0,2
1343437099471687685,1320782511748927489,NoahHorsleyDS,Mon Dec 28 06:02:19 +0000 2020,"Today I read more about the state of data and analysis integrity in academia and the medical field. It is a big, messy problem.

Day 59 of #66daysofdata 
Days missed: 5",0,3
1343394161857187840,45938414,KiInoue,Mon Dec 28 03:11:41 +0000 2020,Day64 of #66DaysOfData: practice building a CNN with Tensorflow in @GoogleColab.  🐍,0,2
1343342487260299264,1204857823038976002,guillo_julian,Sun Dec 27 23:46:21 +0000 2020,"#66daysofdata
Day -7:
Finished a data manipulation tutorial with the Tidiverse (R package). This package has really nice functions to clean and to plot data, I'm definitely going to start implementing some of them for my MSc tasks (https://t.co/th1zthpJ2w)",0,2
1343303161516331009,1133765816648962049,DataNardeep,Sun Dec 27 21:10:05 +0000 2020,"Going to incorporate this in my #66daysofdata syllabus. Chapter 1 completed, Big0, simple search and binary search covered in an easily digestible format. https://t.co/QVviJz3vZl",0,3
1343298953501171713,951871594376376320,JackRaifer,Sun Dec 27 20:53:22 +0000 2020,"I will be starting the 2nd round of #66daysofdata with @KenJee_DS on January 4th.
My goal will be to create an ML or DL model to predict job success based on position vs. emotional intelligence matching.",0,16
1343298922786287617,1332613548,imkeller_5,Sun Dec 27 20:53:15 +0000 2020,Day 67 of #66daysofdata! Continued with a slower day with the Intermediate SQL course on Dataquest.,0,2
1343294960066445312,1326175104129146883,4_eyed_a_man,Sun Dec 27 20:37:30 +0000 2020,"Day2 - #66daysofdata 
Concepts Learned &amp; Implemented: DecisionTree, Under-fitting,Over-fitting &amp; revised basic ML concepts from @kaggle . #DataScience #Python #ML #Analytics #Statistics #BI.",1,3
1343288985964183553,1335640386111496193,DataSciFun,Sun Dec 27 20:13:46 +0000 2020,Very excited and nervous for thoughts on this idea and approach. All constructive feedback welcomed! Hope to learn more about this topic and data science tools through this project! #66daysofdata,0,2
1343288982889787392,1335640386111496193,DataSciFun,Sun Dec 27 20:13:45 +0000 2020,"Gearing up for #66daysofdata . Quite new to data science, so eager to hear input on my project idea to see if I'm headed in a productive/positive direction: Energy Production and the National Idea. Classification of Russian 2020 news coverage on natural gas, classified by...",1,2
1343285748729061376,935615163457310722,stsewang17,Sun Dec 27 20:00:54 +0000 2020,Day 26 of #66daysofdata: ✓.,0,2
1343251585208610816,1133765816648962049,DataNardeep,Sun Dec 27 17:45:08 +0000 2020,"Day 1 of #66daysofdata revisiting the 
@hackerrank
 30 days of data challenge to get back into the Pythonic way of thinking! 
Will complete it this time, I got up to day 15 a few months back but started from day 0 today!
#DataScience",0,3
1343237778545332224,19448058,paulapivat,Sun Dec 27 16:50:17 +0000 2020,"Day 33: #66daysofdata

- exploratory dataviz in R on the Big Mac index
https://t.co/zMrBtCPlYZ",0,1
1343231399898226688,1281890679052857346,ShrutiJ87241031,Sun Dec 27 16:24:56 +0000 2020,"Day 30 : #66daysofdata 
- learned some statstical concept and Went through some kaggle datasets 💯",0,4
1343225949483986947,1342861998732713984,LindaWa21707936,Sun Dec 27 16:03:16 +0000 2020,"#66daysofdata Kicking off Day 1 with 15min review of Kaggle Python Course Lesson 1.
Gotta keep running to stay in the same place in this world",0,2
1343206030843514881,850932336,Victor_Retamal_,Sun Dec 27 14:44:07 +0000 2020,An intensive revision of calculus with my pal #Julio. A couple concepts left for tomorrow. I always find easier to go through the intensive study sessions with friends #66daysofdata day 1. https://t.co/z8bqRq04AL,1,2
1343190935958507520,2588345408,paulr_rohan,Sun Dec 27 13:44:09 +0000 2020,"My next #blog and #Kaggle Notebook

https://t.co/9wm4h6zGSU

#DataScience #MachineLearning  #100DaysOfMLCode #Python #DataScientist #66daysofdata #Statistics   #programming #ArtificialIntelligence #Data #DataAnalytics #maths #DeepLearning #pythonlearning",2,3
1343172667235586048,1283580831903158272,Angel_Feliz_F,Sun Dec 27 12:31:33 +0000 2020,"Day 1
To learn how to use the functions ""if"" and ""else"" of R to make smarter my charts in Power BI.
#66DaysOfData",0,2
1343170261554610176,1199473474202406912,SadounMohammad,Sun Dec 27 12:21:59 +0000 2020,"Day 22 of #66daysofdata 

Today I decided to start working in Sydney beaches dataset that contains 3,690 observation. I started applying what I learned in R4DS book like cleaning and tidying; tomorrow, I aim to finish the dataset and jump to another topic. https://t.co/Hyo4lm6iZO",0,2
1343154567312265216,1133765816648962049,DataNardeep,Sun Dec 27 11:19:38 +0000 2020,"Day1 of the @KenJee_DS  #66daysofdata challenge, I decided to undertake the challenge to keep momentum in my pursuit of breaking into the #DataScience field as my learning has been very stop/start recently.....just looking for some consistency and using twitter as a journal!",3,10
1343131622510452736,2936164585,PPatil699,Sun Dec 27 09:48:27 +0000 2020,"Just came across the #66DaysOfData challenge by @KenJee_DS sir starting from Jan 4th, I am pretty much excited and can't wait to begin the new year with new learnings and fun challenges✌️✌️",1,12
1343114747114184704,2588345408,paulr_rohan,Sun Dec 27 08:41:24 +0000 2020,"Very nice representation of slice notation in Python in this blog

https://t.co/ELmHNmze38

#DataScience #MachineLearning  #100DaysOfMLCode #Python #DataScientist #66daysofdata #programming  #Data #DataAnalytics #pythonlearning #Python3 https://t.co/AhXZp1f6Yq",5,6
1343107009550241800,2212129783,sam_jwalsh,Sun Dec 27 08:10:39 +0000 2020,"#66daysofdata 
Day 40:
-Wrote a simple function that calculates the standard deviation of a player's launch angle which is an interesting stat that may indicate a player's consistency of contact.",0,2
1343105534505971712,1308365362598215680,maszanski,Sun Dec 27 08:04:47 +0000 2020,Day 4 of #66daysofdata https://t.co/DMn0xXzmLQ,0,3
1343086232599842817,2588345408,paulr_rohan,Sun Dec 27 06:48:05 +0000 2020,"My #blog and #Kaggle Notebook

https://t.co/VfRjotydFo

#DataScience #MachineLearning  #100DaysOfMLCode #Python #DataScientist #66daysofdata #Statistics   #programming #ArtificialIntelligence #Data #DataAnalytics #maths #DeepLearning #pythonlearning",7,4
1343076054060036097,985166034221985795,fazal_ai,Sun Dec 27 06:07:39 +0000 2020,"I can't 😆.....what about you guys Can You?
#Robotics #MachineLearning #100DaysOfMLCode #100DaysOfCode #66daysofdata #GrowWithDSCHIT https://t.co/hvzQ34NeFB",5,5
1343066326579855361,1107668873099137024,dscheritageit1,Sun Dec 27 05:28:59 +0000 2020,"Be honest and tell us in the comments if you are guilty of this. 😂😂😂.

#Tensorflow #MachineLearning #100DaysOfCode #66daysofdata #GrowWithDSCHIT https://t.co/PeKygWxstm",10,14
1343053439446740994,1301025989359788033,AMuktineni,Sun Dec 27 04:37:47 +0000 2020,"Day 18 of #66daysofdata (2.0)

Learned today about 'pandas_profiling' package, which is often used for data analysis purpose. @KenJee_DS",0,11
1343048392474161152,45938414,KiInoue,Sun Dec 27 04:17:44 +0000 2020,Day63 of #66DaysOfData: reading articles on bias and variance trade-offs when choosing parameters for SVM.,0,2
1343034582287986690,1332613548,imkeller_5,Sun Dec 27 03:22:51 +0000 2020,Finished my first iteration of the #66daysofdata. I learned a lot especially about what I still need to learn to really get going in Sport Analytics. I am going to keep it going until starting the 2nd iteration together with @KenJee in the new year. https://t.co/1xub1OYer8,0,2
1343033859173179392,1332613548,imkeller_5,Sun Dec 27 03:19:59 +0000 2020,Day 66 of #66daysofdata! Finished the SQL Fundamentals on Dataquest including the small hands on project. Feel a lot better for my Databases course now. Planning on keeping the count going with the Intermediate SQL part.,0,2
1343030978952904705,16387917,vinit_sansare,Sun Dec 27 03:08:32 +0000 2020,#66daysofdata challenge accepted!!,0,1
1342976847156535299,850932336,Victor_Retamal_,Sat Dec 26 23:33:26 +0000 2020,"Just found  #66daysofdata and I'm definitely joining. Tomorrow will be  my 1/66 day of this challenge! 
Wish me luck",0,1
1342966491910696960,1204857823038976002,guillo_julian,Sat Dec 26 22:52:17 +0000 2020,"#66daysofdata 
Day -8:
Read first chapter of #islr book. So far it looks amazing, it contains some of the main ML algorithms and their implementation in R. I also started with a data manipulation tutorial by @rctatman. I've checked out some of her tutorials and they look great!",0,2
1342966488442015744,1204857823038976002,guillo_julian,Sat Dec 26 22:52:16 +0000 2020,"Just found out about the awesome iniciative #66daysofdata by @KenJee_DS. I'm a biostats student from Spain, and I'm already learning probability and applied stats in R, but I'm really curious about the whole data science and machine learning stuff, so I'll use this initiative ...",5,22
1342942161734656005,935615163457310722,stsewang17,Sat Dec 26 21:15:36 +0000 2020,Day 25 of #66daysofdata: ✓.,0,1
1342927525798801408,1326175104129146883,4_eyed_a_man,Sat Dec 26 20:17:27 +0000 2020,"#66daysofdata, Day-1:
Learned and Practiced:T-Test(1 samp., 2 samp., Paired), Chi-Square Test,ANOVA Test and Measures of Variability.
Thank you @Krishnaik06 for phenomenal teaching &amp; @KenJee_DS  for helping us get into Data Science practice habits.
#Python #DataScience #ML",5,5
1342906687112368128,1159830350102781953,KenJee_DS,Sat Dec 26 18:54:38 +0000 2020,"It is no secret, but I will be starting up the #66DaysOfData challenge again on Jan 4! Watch this video for everything you need to know about getting started with me! https://t.co/WZLVRmT7ut",4,73
1342900981206405120,1281890679052857346,ShrutiJ87241031,Sat Dec 26 18:31:58 +0000 2020,"Day 29 : #66daysofdata
 learned some statstical concept
💯
Watched some youtube video related to Data Science.",1,7
1342870852421861381,19448058,paulapivat,Sat Dec 26 16:32:15 +0000 2020,"Day 32: #66daysofdata

- published learning on Gradient Descent: https://t.co/Hg59jBnvUg
- complete Python Iterations: Loop Idioms and More Patterns (py4e, FCC)",0,1
1342856631864987651,1307327011464122370,NzxTdata,Sat Dec 26 15:35:44 +0000 2020,"from the 1st of January, I will complete the 66 days of data challenge💯 
#66daysofdata",0,1
1342823763059101697,1332613548,imkeller_5,Sat Dec 26 13:25:08 +0000 2020,"Day 65 of #66daysofdata! Continued the SQL Part on Dataquest, Trying to finish the basic part out on the 66th day.",0,2
1342791468709072897,1199473474202406912,SadounMohammad,Sat Dec 26 11:16:48 +0000 2020,"Day 21 of #66daysofdata 

Today I started in statistical thinking for data science, and I started reading in the material that already takes it in the first semester. I want to revise again to cover different aspects, and I began work in a new dataset. https://t.co/C821dpJLjQ",0,1
1342758811862323201,2212129783,sam_jwalsh,Sat Dec 26 09:07:02 +0000 2020,"#66daysofdata
Day 39:
-Revised a function I created a while ago that outputs a batter's SwStr% zone plot with respect to pitcher-handedness and pitch type (fastballs, offspeed, breaking).
-Needs some work, but here are some examples: https://t.co/H6ZReediAE",0,1
1342739458840547328,1308365362598215680,maszanski,Sat Dec 26 07:50:08 +0000 2020,Day 3 of #66daysofdata https://t.co/PF4xMk6mRB,0,3
1342734758682320902,2588345408,paulr_rohan,Sat Dec 26 07:31:27 +0000 2020,"Harvard just released for free their new #MachineLearning  course. 

https://t.co/ksXgV2DPtX

#DataScience #100DaysOfMLCode #Python #DataScientist #66daysofdata #Statistics   #programming #ArtificialIntelligence #Data #DataAnalytics #maths #DeepLearning #pythonlearning",24,13
1342688940306833409,45938414,KiInoue,Sat Dec 26 04:29:23 +0000 2020,Day62 of #66DaysOfData: practice building an ANN with Tensorflow in @GoogleColab. 🐍,0,1
1342613882913910784,1320782511748927489,NoahHorsleyDS,Fri Dec 25 23:31:08 +0000 2020,"Today I read more about a topic I was already quite familiar with: replication in science. Making version control and programming notebooks standard practice could improve reproducibility of analysis.

Day 57 of #66daysofdata 
Days missed: 4",0,5
1342588916105437187,935615163457310722,stsewang17,Fri Dec 25 21:51:56 +0000 2020,Day 24 of #66daysofdata: ✓.,0,1
1342539867964592128,1159830350102781953,KenJee_DS,Fri Dec 25 18:37:02 +0000 2020,@AmazingGrace_D Technically I am with my leaderboard! Will also be doing quite a few with the #66daysofdata starting up again Jan 4!,0,1
1342524692092002304,19448058,paulapivat,Fri Dec 25 17:36:44 +0000 2020,"Day 31: #66daysofdata

- ✍️ jotting some notes down on Gradient Descent; work-in-progress

https://t.co/c8Nz72HSjM",0,2
1342462873281331200,1199473474202406912,SadounMohammad,Fri Dec 25 13:31:05 +0000 2020,"Day 20 of #66daysofdata 

Today I worked on Ch 10 through this chapter I pass to strings with string, through this chapter I understood multi ways that I can use it when I worked in structured and semi-structured data.",0,1
1342389986809671681,2212129783,sam_jwalsh,Fri Dec 25 08:41:27 +0000 2020,"#66daysofdata 
Day 38:
-Got my notebook and predictions to submit to kaggle, but the score wasn't very good. I think my model is underfitting.
-I need to incrementally train it so that I can use larger parameters without running out of memory.
pretty happy I made it to this stage",0,1
1342357205618745344,1308365362598215680,maszanski,Fri Dec 25 06:31:12 +0000 2020,"Day 2 of #66daysofdata 

Data Visualization is perhaps one of the most underrated skills, but it is one of the most important to have. First of all I need it to continue “Pandas exercises: learn by doing”
And here is my statistics course (it is in Russian) https://t.co/JSGt7DrcpY",0,3
1342351841380741120,1320782511748927489,NoahHorsleyDS,Fri Dec 25 06:09:53 +0000 2020,"Today I read about the risk of unconsciously biasing your results through the decisions you make during the analysis process. 

Day 56 of #66daysofdata 
Days missed: 4",0,4
1342304450782887949,35504008,jimfloyddata,Fri Dec 25 03:01:34 +0000 2020,I completed Intro to Time Series Analysis in R! Check out my certificate https://t.co/GIe0eWe9Ok #Coursera Day1 #66DaysofData,0,1
1342284070441656324,1332613548,imkeller_5,Fri Dec 25 01:40:35 +0000 2020,Day 64 of #66daysofdata! Small SQL progress on Dataquest. Not that much because Christmas Eve.,0,1
1342192339259973635,935615163457310722,stsewang17,Thu Dec 24 19:36:05 +0000 2020,Day 23 of #66daysofdata: ✓.,0,1
1342163759427506177,19448058,paulapivat,Thu Dec 24 17:42:31 +0000 2020,"Day 30: #66daysofdata

- working through external resources for Gradient Descent including: https://t.co/u0Umd4oCxA
- 3blue1brown:

https://t.co/pjbnvdG9Nw",0,2
1342143617968705538,979753420398743552,DivijPawar,Thu Dec 24 16:22:29 +0000 2020,"Participating in #66Daysofdata . This should be fun, love an active community",0,6
1342108710617812992,1310565371389177858,R1SE_823,Thu Dec 24 14:03:46 +0000 2020,"Day 41 of #66daysofdata 
- Started reading this book https://t.co/i7w6nVat4I",0,5
