tweet_id,user_id,user_name,created_at,full_text,retweets,favorite
1383530491765149703,1059200207756423170,Aamna__Suhail01,Sat Apr 17 21:19:08 +0000 2021,"After 1 week of election hustle , resuming my data life again
#66daysofdata 
Day 23
@KenJee_DS

@Krishnaik06 Videos of Python and Stats-
Lambda Fxn, Map Fxn, Filter Fxn, List Comp., Advanced String Formtting, Gaussian Distribution, Log Normal Distribution",0,0
1383515772375367682,466528595,Elena_Dyagileva,Sat Apr 17 20:20:39 +0000 2021,"DAY 35 of #66DaysofData:
I haven’t studied for a week 🙈 just practiced Python today at Stepik",0,1
1383510943791935492,59787963,jamesnan,Sat Apr 17 20:01:28 +0000 2021,"Day 47 : #66DaysOfData
I'm Working on Airbnb dataset today.  I got a problem with developer account set up, have to put the twitter project on hold for now.",0,0
1383508223785725958,1243246008303112192,samarthgupta39,Sat Apr 17 19:50:39 +0000 2021,"day55 of #66daysofdata
- Today I learned about Learning Vector Quantisation(LVQ) from principles of soft computing book 
- continued with @datacamp course",0,4
1383494507799355402,1342015716535508994,iamsalihmansoor,Sat Apr 17 18:56:09 +0000 2021,"Day 51

Had a lighter day. Watched Ken Jee's latest video on real data science job application data.

@KenJee_DS #66daysofdata",0,2
1383492470118359048,32453704,anyachocolat,Sat Apr 17 18:48:03 +0000 2021,"Day 19 of #66DaysOfData:
- started the course module about functions, came across 'foo' and 'bar', decided to read about metasyntactic variables and ended up playing Colossal Cave Adventure",0,3
1383491596134453255,1649054340,a_escontrela,Sat Apr 17 18:44:35 +0000 2021,Day 18 of #66daysofdata #100DaysOfMLCode today I started Big data Google cloud specialization. Also I did some tests on the ETL project,0,0
1383488442999263237,1331398329977032707,aloknag_DS,Sat Apr 17 18:32:03 +0000 2021,"Day 26 of #66DaysOfData Round 2 :
Finished the theory part of neural network and deep learning course.  Great course from Andrew Ng!

I will submit the final assignment tomorrow. 

Today's topic was deep neural network ( more than 2 hidden layers). Learned about the following :",0,5
1383484699478089736,1361227694889967616,dataQueen_pend,Sat Apr 17 18:17:10 +0000 2021,"Day 59 of #66daysofdata I've only managed to watch @KenJee_DS latest video (about data scientist Jobs).

But today - day 60 - I was learning about loops!

Resource ➡️ @simplilearn python course

Topics:
✨ While loops
✨ For loops
✨ Nested loops
✨ Control statements https://t.co/IM5swOEtKS",0,8
1383479682587271178,2562318241,NeemaMV,Sat Apr 17 17:57:14 +0000 2021,"Day 51 of #66daysofdata
Day 80 of #100DaysOfCode #DataScience
Had a great session with Integrated AI mentor team.
Day 31 of #100DaysofSQL
Completed docker installation for the course.",6,9
1383478205634416640,731856877139558400,ABYA80,Sat Apr 17 17:51:22 +0000 2021,"R2: #66daysofdata with @KenJee_DS 

Day 31: Done with the basics of web scraping (BeautifulSoup), then practiced by doing some questions from this video by @keithgalli. https://t.co/ewwbh0IUZo",0,10
1383465023230529545,1355938756583321609,Sinnerman____,Sat Apr 17 16:58:59 +0000 2021,"#66daysofdata
Day 28 &amp; 29: Done with the 3/8th course( Prepare Data for Exploration) of Google data analytics professional certificate.",0,0
1383446443935948810,1356609984163889154,jo_grammer,Sat Apr 17 15:45:10 +0000 2021,"Day 48 #66daysofdata 

Continued working on the AI ethics course on Kaggle covering different types of biases in AI
Continued working as well on the #100daysofcode course with the App Brewery on OOP
read this article

https://t.co/DbSUbYLzf6",3,7
1383436809359675392,1322620958327255040,Datavisz,Sat Apr 17 15:06:53 +0000 2021,Day 43 of #66daysofdata: Finished automate the boring stuff with Python course.,0,5
1383392229247488003,397272525,shatandv,Sat Apr 17 12:09:44 +0000 2021,"Day 102 of #66DaysOfData:
- Watched some videos about SVD and PCA. Gilbert Strang and StatQuest are a godsend.",0,7
1383374044683067403,324583975,georgekanellos,Sat Apr 17 10:57:28 +0000 2021,"Days 21-23(R2) of #66daysofdata by @KenJee_DS 

I worked further on the NBA dataset to make predictions on the ppg of an individual player. (Shockingly) it is not very easy 😰",0,7
1383350307367710727,32453704,anyachocolat,Sat Apr 17 09:23:09 +0000 2021,"Day 18 of #66DaysOfData:
- Skillfactory course, finished the basics of Python module",0,6
1383332126779592714,554435225,hmatalonga,Sat Apr 17 08:10:54 +0000 2021,"Day 33 of #66DaysofData. Still on imbalanced classification datasets, a quick tip on model metrics. Accuracy can be misleading. Try different classification metrics like the F-score and Matthews correlation coefficient.

#DataScience",0,2
1383325448629673984,1324652185964204033,meyke9976,Sat Apr 17 07:44:22 +0000 2021,"Day 99 of #66daysofdata by @KenJee_DS 
Continued with setting up Azure cognitive services and running queries to get the sentiment score for the reviews. Also ran cognitive services to extract lists of words in order to be able to create wordclouds.",0,9
1383319288589688837,2352929006,AkirasGames,Sat Apr 17 07:19:53 +0000 2021,"Day 1 : Reviewing Intro to Machine Learning Kaggle's course
#66daysofdata",2,0
1383302315638026243,1294630545490456578,AbdGeeky,Sat Apr 17 06:12:27 +0000 2021,"I just published a new article on How to Get all the Co-ordinates of Hand using Mediapipe Hand Solutions ? 
https://t.co/FxBZN7X4h9 
#66daysofdata #computervision #mediapipe",0,1
1383265272442757127,995452348280573955,Just_Jordan_T,Sat Apr 17 03:45:15 +0000 2021,"Day 24:  #66DaysOfData Finished CH6 'Art Of Statistics', Still working through Descriptive Statistics on Udacity. Also working on Analyzing one categorical variable on Khan Academy. #Python #Programming #DataScience #DataAnalytics",5,0
1383259160427433989,59787963,jamesnan,Sat Apr 17 03:20:58 +0000 2021,"Day 46 : #66DaysOfData
start a new project, ""Analyzing Twitter data""",0,0
1383247783503667207,19448058,paulapivat,Sat Apr 17 02:35:45 +0000 2021,"R3: Day 17: #66daysofdata 

•Quick tangent to document how to consume JSON data format from an Open API in R, packages used include:
• httr
• jsonlite

(python way coming soon)

https://t.co/7u8Fse0iFq",0,2
1383235752973111296,784839510303453185,tthoraldson,Sat Apr 17 01:47:57 +0000 2021,"Days 32&amp;33 of #66daysofdata R2: It’s been light the last few days, mostly reading articles on Medium.",1,2
1383230263283486726,969343076442542081,JaimeAAvendano,Sat Apr 17 01:26:08 +0000 2021,"Day 50 of #66DaysofData-

- Finished the current version of the multi-class classification notebook in Kaggle. 
- Tried out the hyperopt package for tuning parameters. Will definitely use it again.

Code: https://t.co/bBlisiyO5S",0,6
1383197995320147969,870577174184685568,digitalaube,Fri Apr 16 23:17:55 +0000 2021,"Day 1  #66daysofdata  learn Python basics from Kaggle  micro courses, lesson 1 'Hello, Python'.",0,1
1383196040556392457,1377113586145751042,sustainablersyd,Fri Apr 16 23:10:09 +0000 2021,"Day 18 of #66daysofdata with @KenJee_DS 
- almost finished with that SQL and dbt stuff, to be continued on Monday. 
Yesterday was a difficult day in terms of learning and was very flustered but feeling exponentially better and more confident today. Cheers to ups and downs!!",0,12
1383173999706931206,1361968068503744512,rerethefirst,Fri Apr 16 21:42:34 +0000 2021,"Day 3 of #66DaysOfData
• learnt some data pre-pocessing techniques: label encoding and one hot encoding.
• learnt about the sklearn library, and trained a few machine learning models with data for the first time😄",0,9
1383143603346804743,341612756,JamesGlassey,Fri Apr 16 19:41:47 +0000 2021,"Day 7,8 and 8 of @KenJee_DS' #66daysofdata 
- I am still working through the churn model dataset: creating a churn prediction model and data visualisations to show details of the customers, the best locations of operations and other bits and bobs.",0,9
1383142914671443968,2149586883,vperez2000,Fri Apr 16 19:39:03 +0000 2021,"#66daysofdata #R3 #Day7 by @KenJee_DS
@DataCamp DS track

Intermediate #Seaborn ✅ Done 
Moving Forward!!!!

🎉🎉🎉🎉 https://t.co/uFW4hojaRa",0,5
1383140137287225352,1649054340,a_escontrela,Fri Apr 16 19:28:00 +0000 2021,"Day 18 of #66daysofdata #100DaysOfMLCode today I was lazy, time for reading about Random Forest and SVM https://t.co/4hVyAJJnfJ",0,3
1383138068568281090,1243246008303112192,samarthgupta39,Fri Apr 16 19:19:47 +0000 2021,"day54 of #66daysofdata
- Today I learned about kohonen self organizing Feature maps from principles of soft computing book 
- Practiced some leetcode problems",0,11
1383134048327933953,1346312420780752896,Comet_Miller,Fri Apr 16 19:03:49 +0000 2021,"Little follow-up on my #66DaysOfData challenge by @KenJee_DS that I finished a few days ago:

Even though I missed more days than I would've preferred (some days just felt impossible to get it in), I accomplished my statistics, programming, and personal project mini goals by--",0,9
1383125813546127365,1342015716535508994,iamsalihmansoor,Fri Apr 16 18:31:05 +0000 2021,"Day 49 &amp; 50

Continued working on the Enron dataset

@KenJee_DS #66daysofdata",0,11
1383125609891704841,2527930848,joao96santos,Fri Apr 16 18:30:17 +0000 2021,"64 / #66DaysOfData 

@AndrewYNg on Model-Centric to Data-Centric Approach on MLOps
https://t.co/nDt23boOxj",0,5
1383122062902849537,1363855621628465153,korasaju_a,Fri Apr 16 18:16:11 +0000 2021,"Day 35 of #66DaysofData with @KenJee_DS 

Today, I finished doing Data Wrangling using Trifacta on 3 Dataset. Idk why but I find it so satisfying transforming dirty data into a clean one. 

I’m gonna continue my Statistics and SQL for Data Science mastery class tomorrow.",0,13
1383115540730814465,731856877139558400,ABYA80,Fri Apr 16 17:50:16 +0000 2021,"R2: #66daysofdata with @KenJee_DS 

Day 30: Learned find/find_all method and select method in BeautifulSoup.
Watched @Krishnaik06's LinkedIn profile optimization video.",0,16
1383114323095027715,2562318241,NeemaMV,Fri Apr 16 17:45:26 +0000 2021,"Day 50 of #66daysofdata 
Day 79 of #100daysofCode #DataScience #Data
Working on r code integration in knime and a meeting with onshore folks on missing values imputation.
Day 30 of #100daysofSQL
Decided to join Serious SQL by Danny. Completed introduction course.",7,8
1383110977781080067,1331398329977032707,aloknag_DS,Fri Apr 16 17:32:08 +0000 2021,"Day 25 of #66DaysOfData Round 2 :

Studied shallow neural network. Learned to perform forward and backward propagation for computing output and gradients of parameters and created gradient descent for neural network from scratch for cost function optimization.",0,8
1383109233332355074,1300492664308146176,MarkusM99098101,Fri Apr 16 17:25:12 +0000 2021,"Day 44 and 45 of  #66DaysOfData r2.

D 44: wrote about a data project for my website.
D 45: read relatively fast through the 8th chapter of Python Machine Learning which is about sentiment  and topic analysis. Found a few things I can use for my twitter analysis.",0,5
1383100215465492484,1356609984163889154,jo_grammer,Fri Apr 16 16:49:22 +0000 2021,"Day 47 #66daysofdata 

Worked on my ML module assignment &amp; submitted for review on my IBM DS certif KNN Decision Tree SVM Logistic R
Continued working on my #100daysofcode course covering OOP
&amp; a little history on Computer Science w/ this paper I found👇

https://t.co/jlp4uOtSy5",5,14
1383094394581041152,1284445574511636480,Tommy_McLennan,Fri Apr 16 16:26:14 +0000 2021,"D7 - Rd 2 #66DaysofData Researching security aspects of data - including - cryptography algorithms (RSA, ECC etc.), confidentiality, integrity, and availability (CIA), access control modes, HTTPS, SSL, types of attacks.. On holiday from today so I'll be posting less than usual :)",0,15
1383067888592949253,94308247,poetratron,Fri Apr 16 14:40:55 +0000 2021,So I'm gonna start day 1 of #66daysofdata with learning a basic math from a coursera course. I just learned how to read a sigma and finally understand what a standard deviation is lol,0,2
1383045651861180421,1137782574036635649,thedataprof,Fri Apr 16 13:12:33 +0000 2021,"Hi friends, How cool would it be to combine several #machinelearning #classifiers together? In this video I show you how by #stacking #ML models using #scikitlearn 
https://t.co/B94FdTl42R

#datascience #66daysofdata",5,13
1382993722355425289,63557338,egm_photo,Fri Apr 16 09:46:12 +0000 2021,"Day 102 of #66DaysOfData with @KenJee_DS 

More bugs. Impatience. Over complicating. Is the reinforced learning working? Find out here: https://t.co/eztRuzl1W0 https://t.co/5ThnfCuSPa",0,7
1382960237418852355,397272525,shatandv,Fri Apr 16 07:33:09 +0000 2021,"Day 101 of #66DaysOfData:
- Exported a Folium map to PNG. Does anyone know how to save only a partially transparent map overlay to PNG? Asking for a friend.
- Didn't do much else DS-related.",0,12
1382958692920930304,554435225,hmatalonga,Fri Apr 16 07:27:01 +0000 2021,"Day 32 of #66DaysofData. On imbalanced datasets, one thing to try is to even up the class proportions. Two ways to do it are:
- Under-sampling, removing data points of the majority class.
- Over-sampling, adding more data points of the minority class.

#DataScience",0,5
1382904434829582337,1163814073752072192,EthanCDouglas,Fri Apr 16 03:51:25 +0000 2021,"Day 7 or #66DaysOfData. R is flowing more freely, so I'm now diving into Shiny, starting with a YT tutorial series by @thedataprof. Also got a bit closer to automating some scraping for @SigmaStable, and have decided that web scraping is my favorite data problem to solve",0,5
1382899833686663168,1361968068503744512,rerethefirst,Fri Apr 16 03:33:08 +0000 2021,"#66daysofdata day 2.
I learned about exploratory data analysis, also had to relearn some basic statistics!",0,6
1382887027222446081,59787963,jamesnan,Fri Apr 16 02:42:14 +0000 2021,"Day 45 : #66DaysOfData
Watch ken jee's vedio and read articles for planning portfolio project",0,1
1382883009859256320,1137782574036635649,thedataprof,Fri Apr 16 02:26:16 +0000 2021,"Great advice from @JackRaifer on using simple models to start out in analyzing data. My favorite is to start by using simple linear #regression or #randomforest to get that first model out. This first model could help diagnose other areas to look at for improving.
#66daysofdata https://t.co/eiUQLqUxhg",0,13
1382881093137833988,969343076442542081,JaimeAAvendano,Fri Apr 16 02:18:39 +0000 2021,"Day 48-49 of #66DaysofData-

- Started the next course in the Google Analytics series. 
- Working on a Kaggle classification notebook with 10 values in the target class.",0,14
1382880927471255554,1377113586145751042,sustainablersyd,Fri Apr 16 02:18:00 +0000 2021,"Day 15 of #66daysofdata with @KenJee_DS 
- Some segment catch up with the team re: audience set up and criteria from SQL
- Looker DR / dive into documenting user permissions at the org level
- worked on my first SQL query to build out a new Braze field! Tbc tomorrow",0,10
1382880455767293953,1382846393597972481,Achraf81659754,Fri Apr 16 02:16:07 +0000 2021,"using #PrediqtPQT and #LATOKEN. Most liked tweet will get 500K tokens.
#business #analytics #cybersecurity #devops  #datascience #ai #bot #Serverless #womenintech #100DaysOfCode #66DaysOfData #DataScience #iot #QaRt #Phemex #NFT https://t.co/ezBnjTr2YO",11,7
1382870804556259329,1329313525974532097,AyubRasool14,Fri Apr 16 01:37:46 +0000 2021,Day 18/66: EDA on stroke kaggle data      Day19/66: managed to go thru 2 Python functions: transform and group by. #66daysofdata,0,9
1382865660808601600,1266599735881687040,ChinWuChen1,Fri Apr 16 01:17:20 +0000 2021,"D26 #66daysofdata 
- looking into tools and articles on how to create a chatbot...🤔",0,7
1382864344011087873,1137782574036635649,thedataprof,Fri Apr 16 01:12:06 +0000 2021,"Nice share by @_qu4nt on project ideas for #Python, #Java, #Javascript and #Flutter. The great thing is that the ideas are categorized according to difficulty level.
#datascience #66daysofdata https://t.co/UpK5NbGBZz",8,9
1382813614709493761,1354069663223746560,termsposter,Thu Apr 15 21:50:31 +0000 2021,"Day &lt;05-06&gt; of #66DaysOfData:
- Worked through most of first exercise on functions, data types, control flow, lambda expressions, map function, filter function, methods etc.
- Tried tinkering a bit with them on the side",0,7
1382813339462553609,1369643950395564032,AsgharMarvi,Thu Apr 15 21:49:26 +0000 2021,"Day 8 of my #66daysofdata challenge. Learned about making components to structure workflows in KNIME. Components in visual programming context are like calling a library function and not worrying about what is under the hood.

#KNIME #ML #DataScience",1,7
1382812325560848387,1369643950395564032,AsgharMarvi,Thu Apr 15 21:45:24 +0000 2021,"Day 7 of my #66daysofdata challenge. Learned and implemented TF-IDF measure. Implemented a tag cloud using TF-IDF measure in KNIME.

#KNIME #ML #DataScience https://t.co/9FahWkbeD9",2,2
1382812106458824707,1649054340,a_escontrela,Thu Apr 15 21:44:32 +0000 2021,Day 17 of #66daysofdata #100DaysOfMLCode today was about APIs and python wrappers for Extract component of ETL. I didn't make a huge progress though,0,12
1382807213534744576,1324652185964204033,meyke9976,Thu Apr 15 21:25:05 +0000 2021,"Day 98 of #66daysofdata by @KenJee_DS 
Worked in Power Query to get the sentiment analysis via Azure cognitive services working. will continue tomorrow, hopefully with some visualizations!",0,17
1382796517820362753,822280007502295041,_paulo_lopez_,Thu Apr 15 20:42:35 +0000 2021,"#100DaysOfMLCode #100DaysOfCode #66daysofdata #Python  On day 2⃣0⃣

🔹Tried Python implementations of the Boruta R package feature selection method.

and put it on a table:

https://t.co/8fcNmLnqAE https://t.co/P2NApAtbxB",4,8
1382795024241455107,32453704,anyachocolat,Thu Apr 15 20:36:39 +0000 2021,"Day 17 of #66DaysOfData:
- a bit more progress with the course",0,16
1382779345714958338,1361227694889967616,dataQueen_pend,Thu Apr 15 19:34:21 +0000 2021,"Day 58 of #66daysofdata I devoted to gather energy for a new working week. 

But today - day 59 of #66daysofdata - I've done:
➡️ A review of all data types I was working on recently
➡️ If else statements!

+Proper syntax +Flow +Examples
✨If ✨If,else ✨Nested If ✨If,elif",0,17
1382765402602676224,406512519,rohan_kumawat,Thu Apr 15 18:38:57 +0000 2021,"Day 33 to 38 of #66daysofdata and #100DaysofCode 
I worked on the Competition. My exam suddenly came and I shifted my focus on them too. 
Studied my subjects which are also related to Data Science: Data Warehousing and Data Mining, ANN, AI, etc.",5,6
1382762973920260096,1331398329977032707,aloknag_DS,Thu Apr 15 18:29:18 +0000 2021,"Days 22-24 of #66DaysOfData Round 2 :

Forgot to post updates for past two days. So, including those as well. 

studied linear models :
- ordinary least squares regression
- ridge regression
- lasso regression
- Logistic regression (classification)",0,4
1382758983191121922,554435225,hmatalonga,Thu Apr 15 18:13:26 +0000 2021,"Day 31 of #66DaysofData. After a long hiatus, I am continuing the journey. I have started to work a lot with imbalanced datasets. Here is a good list of examples of datasets for imbalanced classification.

#DataScience 

https://t.co/f1O6URlJLq",1,3
1382754435596746754,1243246008303112192,samarthgupta39,Thu Apr 15 17:55:22 +0000 2021,"day53 of #66daysofdata
Today I learned about TPOT in python from 
https://t.co/d96H6YQkMn
Practiced some leetcode problems(python)",0,3
1382752538684887041,1281890679052857346,ShrutiJ87241031,Thu Apr 15 17:47:50 +0000 2021,"Day 40 :R2 #66daysofdata 
Learned exception handling in python. @KenJee_DS",0,13
1382746212768436224,1381863515170893824,IChandmoni,Thu Apr 15 17:22:41 +0000 2021,"#66daysofdata 
Day 3:
Today I spent only 30 minutes learning python, I checked the #codewithharry channel on youtube and start learning python sequentially, so I just picked his video to learn python.
Will continue watching his tutorial.
#python #DataScience",2,9
1382746108175085568,731856877139558400,ABYA80,Thu Apr 15 17:22:17 +0000 2021,"R2: #66daysofdata with @KenJee_DS 

Day 29: Brushing up some concepts in inferential statistics from @khanacademy. Watching this video on web scrapping. https://t.co/9sGeZVA5Kk",0,15
1382733639746691077,1322620958327255040,Datavisz,Thu Apr 15 16:32:44 +0000 2021,Day 42 of #66daysofdata: Wrote a small script to merge all excel files in pandas.,0,10
1382722440871047175,1356609984163889154,jo_grammer,Thu Apr 15 15:48:14 +0000 2021,"Day 46 of #66daysofdata 

Practiced SQL querying on w3schools
Continued working on the #100daysofcode course with the App Brewery 
Spent some time on GitHub reading code, and finished setting up my profile (time to add projects to it now)🤯
article read:

https://t.co/JztUe7w8Qm",4,12
1382713601971015682,1363855621628465153,korasaju_a,Thu Apr 15 15:13:06 +0000 2021,"Day 34 of #66DaysofData with @KenJee_DS 

Today, I:
1 Attended an Online Event at Asian Institute of Management on How Physicists in 🇵🇭 transitioned to Data Science
2 Read an article in TDS titled The critical, but often overlooked, skills in Data Science and Analytics.",0,18
1382710558827302914,1355938756583321609,Sinnerman____,Thu Apr 15 15:01:01 +0000 2021,"#66daysofdata
Day 27: Completed the 2nd course(Ask questions, basics of spreadsheet) of Google data analytics professional certificate.",0,9
1382694953105641489,1251238632712699911,sev_fat,Thu Apr 15 13:59:00 +0000 2021,Day 32 of #66DaysOfData. I started to enjoy about data manipulation with pandas 🤞,0,12
1382669406552080389,1369643950395564032,AsgharMarvi,Thu Apr 15 12:17:29 +0000 2021,"Day 6 of my #66daysofdata challenge. Learned about Term co-occurrences in corpus and its importance in textual analysis.

#KNIME #ML #DataScience",3,9
1382669051479068674,1369643950395564032,AsgharMarvi,Thu Apr 15 12:16:05 +0000 2021,"Day 5 of my #66daysofdata challenge. I overcame limitation of repeated hits on Boiler Pipe API. used a ""Wait.."" node in KNIME Analytics platform to halt each iteration in a loop for 10 seconds and allow time to recover from last API call.

#KNIME #ML #DataScience https://t.co/AQezAEbiic",1,2
1382618545478008834,1137782574036635649,thedataprof,Thu Apr 15 08:55:23 +0000 2021,"Hi friends, Want to build interactive web apps to deploy your ML model or dashboard? In this video, I provide my thoughts on some of the #web frameworks in #Python and #R which includes #PyWebIO, @streamlit  and #RShiny.
https://t.co/u1TQgtHw6v

#66daysofdata #datascience #data",4,10
1382598930656071681,63557338,egm_photo,Thu Apr 15 07:37:27 +0000 2021,"Day 101 of #66DaysOfData with @KenJee_DS 

Taking a long walk helps clear the mind for error resolution. Details here: https://t.co/6ZaIcJ4GfY https://t.co/XtZk0ONaqx",0,13
1382595474440409090,19448058,paulapivat,Thu Apr 15 07:23:43 +0000 2021,"R3: Day 16: #66daysofdata

• Refactor code to decompose functions in arithmetic_formatter.
• Instead of cramming everything into one function, I separate format checking from format arranging:

• How it started      -&gt;         How it's going
• Still need to do arrangement https://t.co/aGRZ4Kf9HX",0,3
1382593039470710788,1137782574036635649,thedataprof,Thu Apr 15 07:14:02 +0000 2021,"Hi friends, here's yet another great article by Jeff Hale (@discdiver) on the Tech stacks of **Data Engineers**, published in @TDataScience 

https://t.co/LWBOW9RpUM

#dataengineers #dataengineers #dataengineering #bigdata #data #66daysofdata https://t.co/XGfNvyeTmM",1,7
1382592595054923778,1137782574036635649,thedataprof,Thu Apr 15 07:12:16 +0000 2021,"Hi friends, here's another great article by Jeff Hale (@discdiver) on the Tech stacks of **Data Scientists**, published in @TDataScience (article published in late 2019)

https://t.co/m7vYtSNQRm

#datascientist #datascientists #data #bigdata #66daysofdata https://t.co/Fdw9caLTX6",1,7
1382592055038283777,1137782574036635649,thedataprof,Thu Apr 15 07:10:07 +0000 2021,"Hi friends, here's a great article by Jeff Hale (@discdiver) on the Tech stacks of Data Analysts, published in @TDataScience 

https://t.co/DEypFTqEaD

#dataanalyst #dataanalysts #data #bigdata #66daysofdata https://t.co/tFQJXCUv6C",0,9
1382584100859559939,397272525,shatandv,Thu Apr 15 06:38:31 +0000 2021,"Day 100 of #66DaysOfData:
- Reviewed the KNN, K-Means, and PCA algorithms (still trying to understand the math behind PCA),
- Modified a KNN algorithm to weigh objects by distance,
- Yay, hundred.",0,17
1382524773427769346,784839510303453185,tthoraldson,Thu Apr 15 02:42:46 +0000 2021,"Day 31 of #66daysofdata R2: More @numerai fun! Digging into the compute docs, looking to automate my submission process starting this weekend.",1,22
1382518864970346500,1346312420780752896,Comet_Miller,Thu Apr 15 02:19:18 +0000 2021,"Day 66 of #66DaysOfData (though delayed)

Statistics:
Got to page 203 in ISL

Programming:
Finished watching TidyX #25

Personal Project:
Finished the Bayesian analysis on scoring in the AUDL",0,11
1382506597088382980,1301025989359788033,AMuktineni,Thu Apr 15 01:30:33 +0000 2021,"Thank You @KenJee_DS &amp; #66daysofdata community for being there to share &amp; learn new things happening in the world of data everyday. While my journey in Round2 ends here, I will continue to learn from &amp; lookout for other's journey in data. However, my Round3 will begin soon 😀",0,6
1382506594592784388,1301025989359788033,AMuktineni,Thu Apr 15 01:30:32 +0000 2021,"Days 63-66 of #66daysofdata Round2! 

Completed reading 'The Art Of Statistics' book. Discusses the evolution of statistics from the last 3 centuries, war of statisticians, best and worst of statistics, some learnings and unlearnings, how to/not to perform statistics @KenJee_DS",0,15
1382503522571329536,1377113586145751042,sustainablersyd,Thu Apr 15 01:18:20 +0000 2021,"Day 16 of #66daysofdata with @KenJee_DS 

- Some re-naming nomenclature for segment audiences in SQL queries
- Git commands, github and accessing virtual environment
- dbt materialization types
Not even really sure how to use dbt yet but it looks very promising",0,14
1382503396385517574,1316454234447990784,data_motivated,Thu Apr 15 01:17:50 +0000 2021,"Day 7: I’ve discovered I’m terrible at tweeting. I started watching StatQuest on YouTube! I also have been working on improving my coding practices (commenting, docstrings, README, etc.). #66daysofdata #DataScience",2,8
1382502659735883776,59787963,jamesnan,Thu Apr 15 01:14:54 +0000 2021,"Day 44 : #66DaysOfData
Finished ""Guided Project: Creating An Efficient Data Analysis Workflow in R"" @ Dataquest. Enough  R for me . Next few weeks , I will work on 3-4 python pet projects for my  portfolio, and spend some time on Power BI",0,3
1382499150646894592,2149586883,vperez2000,Thu Apr 15 01:00:57 +0000 2021,"#66daysofdata #R3 #Day6 by @KenJee_DS
@DataCamp DS track

Halfway on Intermediate Data Visualization with #Seaborn
&amp;
I miss watch Ken's videos, so I continued with the order on Round 2 😅➡️ 4 types of sports analytics projects!

https://t.co/LqNWgaUI8G",0,5
1382454414724718592,1282311789464760321,HeqiqetEhmedova,Wed Apr 14 22:03:11 +0000 2021,"Day 7 of #100DaysOfCode; #66daysofdata

  ✔️just written my very first Data Sciencey function in @DataCamp 
  ✔️ finished first miniproject at @worldquantu 
      ➖ still have difficulty understanding and solving the ip_ipynb project :(",14,15
1382447404562182150,1361968068503744512,rerethefirst,Wed Apr 14 21:35:20 +0000 2021,"#66DaysofData 
Day 1 
•learnt about the seaborn  library and made some cool visualisations with it.
•completed the #AIWednesdays machine learning cohort with @DataScienceNIG . Now moving on to the hackathon🤩",1,14
1382441089680822273,1266599735881687040,ChinWuChen1,Wed Apr 14 21:10:14 +0000 2021,"D25 #66daysofdata 
- watched a video by data scientist/youtuber Tina Huang on a framework to learn data science effectively: Learn just enough -&gt; Do a project -&gt; Iterate -&gt; Accountability. The emphasis is on DO!",0,14
1382440537240834050,1649054340,a_escontrela,Wed Apr 14 21:08:03 +0000 2021,Day 16 of #66daysofdata #100DaysOfMLCode #100daysofcode today was back to basics. I read about big O notation and some basics algorithms. This is a great resource for newbies https://t.co/KfogzklUMS,10,14
1382436774853505027,822280007502295041,_paulo_lopez_,Wed Apr 14 20:53:06 +0000 2021,"#100DaysOfMLCode #100DaysOfCode #66daysofdata #Python  On day 1⃣9⃣

🔹Read a research paper on API design for machine learning software from the scikit-learn project.   
🔹I can't thank enough to the creators of how well this API was designed.

https://t.co/YbtAytmyY7",6,12
1382422140172009480,1300492664308146176,MarkusM99098101,Wed Apr 14 19:54:57 +0000 2021,"D 43 of  #66DaysOfData r2:
finished with ch 6 of Python Machine Learning and did some assignments for the algorithms and data structures class.",0,11
1382411888798048264,1281890679052857346,ShrutiJ87241031,Wed Apr 14 19:14:12 +0000 2021,"Day 39 : R2 #66daysofdata 
learned python concepts of inheritance and also worked on few articles and applied for internship.💯🙌",0,15
1382411569292804100,1284445574511636480,Tommy_McLennan,Wed Apr 14 19:12:56 +0000 2021,Day 6 - Round 2 #66DaysofData continued working on the wine quality data set on @knime. Looked at some research papers on using machine learning to predict NBA and EPL results. Continued the @kaggle course on feature engineering. Researched at dealing with imbalanced classes.,2,23
1382411395292041218,1243246008303112192,samarthgupta39,Wed Apr 14 19:12:15 +0000 2021,"day52 of #66daysofdata
Today I continued with @datacamp course
Learned about different types of Validations in Machine Learning (Cross Validation) https://t.co/w3Tr7WbQz9 via @contactsunny",0,11
1382410137793609731,32453704,anyachocolat,Wed Apr 14 19:07:15 +0000 2021,"Day 17 of #66DaysOfData:
- continued with my course cause I have a deadline in a week",0,16
1382403798493143043,2562318241,NeemaMV,Wed Apr 14 18:42:04 +0000 2021,"Day 49 of #66daysofdata #DataScience 
Day 78 of #100DaysOfCode 
Completed knime workflow with dynamic file upload. Saw witch on python list, dict, sets, tuples
Day 29 of #100DaysofSQL
Read an Eric Weber post on updated SQL skills.",7,14
1382378611475419138,1356609984163889154,jo_grammer,Wed Apr 14 17:01:58 +0000 2021,"Day 45 of #66daysofdata 

Continued working on my #100daysofcode course with the App Brewery (finally switched coding from Replt to PyCharm),
Started the intro to AI ethics course on Kaggle

- And listened to this Making Data Simple episode 👇

https://t.co/jcHGW5bcMO",3,15
1382369903798288385,1256684539801452551,elianemitchll,Wed Apr 14 16:27:22 +0000 2021,"#66daysofdata: went to bed with code working... woke up and now it's not anymore. why R, why",0,15
1382367947230904321,1381863515170893824,IChandmoni,Wed Apr 14 16:19:36 +0000 2021,"#66daysofdata
Day 2:
Today I have learned a python library, matplotlib, It's a amazing library to do scatter plot, graph chart, and also learned about Histogram in Python.
I used #datacamp and #kaggle for learning these.
Btw Happy Ramadan. &lt;3 https://t.co/HDqtoNiJlp",1,7
1382358498885971969,1377113586145751042,sustainablersyd,Wed Apr 14 15:42:03 +0000 2021,"Day 15 (yesterday) of #66daysofdata with @KenJee_DS :
- my first data request! SQL, Looker
- little bit of dbt 
Not much but it’s honest work 😋",0,13
1382357223502794753,19448058,paulapivat,Wed Apr 14 15:36:59 +0000 2021,"R3: Day 15: #66daysofdata 

• joined FCC discord and forum, browsing around Python sub-channels to see how others are approaching arithmetic_formatter.
• There are 424 questions for this project 🤯

I'm in good company. Much to read through.",0,5
1382355332618326026,1363855621628465153,korasaju_a,Wed Apr 14 15:29:28 +0000 2021,"Day 33 of #66DaysofData with @KenJee_DS 

Today, I worked on a Real Estate Dataset I’ll be presenting to my Company as a part of our Learning Session on Statistics for Business Analysis and Analytics (Below is the slide on the Tech Stack I used)

I’m really excited about this. https://t.co/SsEQVABfKN",0,15
1382336718498533382,1355938756583321609,Sinnerman____,Wed Apr 14 14:15:30 +0000 2021,"#66daysofdata
Day 26: Done with the first course.(Foundations: Data, 
data, everywhere)",0,8
1382305164745445384,1108597836755755009,maisdev,Wed Apr 14 12:10:07 +0000 2021,So it was day 102 of #66daysofdata  😂,0,1
1382275807171600387,371318079,gugugono,Wed Apr 14 10:13:28 +0000 2021,"Day 4: I completed course 1 week 4 and started week 5 of the data analyst professional cert, did a bit of spreadsheets and SQL. Looking forward to course 2. #66daysofdata",0,8
1382262923284873220,1361968068503744512,rerethefirst,Wed Apr 14 09:22:16 +0000 2021,"So, my #66daysofdata officially begins today!
😀",0,4
1382247997908656130,1108597836755755009,maisdev,Wed Apr 14 08:22:58 +0000 2021,"Finished #blockchain tasks as well, after #machinelearning tasks, planned for April. Taking a break (planned again)... during this time will reconfigure my Linux pc, increase filesystem size, probably crash it first 😂 #66daysofdata #python",1,4
1382230684664758275,397272525,shatandv,Wed Apr 14 07:14:10 +0000 2021,"Day 99 of #66DaysOfData:
- Learned about understanding the bias and variance of a model when train and validation data have mismatched distributions,
- Tried to make a Folium heatmap but shade areas instead of points. Wonder if a Choropleth and a Heatmap can be ""combined"".",0,16
1382226614788980736,63557338,egm_photo,Wed Apr 14 06:58:00 +0000 2021,"Day 100 of #66DaysOfData with @KenJee_DS 

One. Hundred. Days. How did I mark it? Check here for the answer: https://t.co/DaGd8zGQ1p https://t.co/uwHut88BPQ",2,14
1382160798584242176,1163814073752072192,EthanCDouglas,Wed Apr 14 02:36:28 +0000 2021,"Day 6 of #66DaysOfData. Created a tutorial to do some EDA in python, scraped some more twitter data (using Rtweet) for a project. Switching back and forth between Python and R was easier than I thought, though I worry as I get more comfortable in R I'll mix them up more",0,6
1382158776170647552,784839510303453185,tthoraldson,Wed Apr 14 02:28:26 +0000 2021,"Day 30 of #66daysofdata R2: Started going through the 2021 Full Stack Deep Learning course. I'm looking to complete everything, including the labs",0,13
1382154004407418888,969343076442542081,JaimeAAvendano,Wed Apr 14 02:09:28 +0000 2021,"Day 47 of #66DaysofData-

- TidyTuesday again. I tackled the controversial racing bar chart.
- Also started reading the next lesson of #fastai.",0,5
1382095051241754628,1282311789464760321,HeqiqetEhmedova,Tue Apr 13 22:15:12 +0000 2021,"Day 6 of #100DaysofCode ; #66daysofdata
  ✔️Did a few sections of #Python and #SQL  courses
  ✔️and few coding practice in #hackerrank",4,19
1382088137141329926,1649054340,a_escontrela,Tue Apr 13 21:47:44 +0000 2021,"Day 15 of #66daysofdata #100DaysOfCode #100DaysOfMLCode today I watched some tutorials about web scraping using Scrappy and beautifulSoup, but I didn't have time to do tests, to be continued tomorrow",5,18
1382088038436732941,719157417443987457,Mayibongwe_MS,Tue Apr 13 21:47:20 +0000 2021,"Day 43 of #66daysofdata 

Started reading on the scikit-learn ensemble methods. Looks to be a very steep learning curve..😬or is it??😉",1,9
1382079487337201665,32453704,anyachocolat,Tue Apr 13 21:13:22 +0000 2021,"Day 16 of #66DaysOfData:
- course module about conditions",0,12
1382062923338575874,1354069663223746560,termsposter,Tue Apr 13 20:07:33 +0000 2021,"Day &lt;4&gt; of #66DaysOfData:
- Did not get to do core coursework, had to help sister with math homework. Refreshed some calculus and linear algebra for economics optimization problems",0,8
1382061587788222465,1354069663223746560,termsposter,Tue Apr 13 20:02:14 +0000 2021,"Day &lt;2 - 3&gt; of #66DaysOfData:
- Practiced lessons on https://t.co/IH0yGmW2Dx till dictionaries 
- Scoped more content",0,5
1382050160340049925,1324652185964204033,meyke9976,Tue Apr 13 19:16:50 +0000 2021,"Day 96 of #66daysofdata by @KenJee_DS 
Looked at a dataset containing customer reviews of a gym. The goal is to use Azure cognitive services to perform sentiment analysis. Curious to see how it works and what the results will be like.",0,16
1382043728844574721,324583975,georgekanellos,Tue Apr 13 18:51:16 +0000 2021,"Days 19&amp;20(R2) of #66daysofdata by @KenJee_DS

PCA and K-Means complete!🤠✌️ Made some visualisations of the dataset: https://t.co/OmNLq0FpMp",0,13
1382038956355710979,1243246008303112192,samarthgupta39,Tue Apr 13 18:32:18 +0000 2021,"day51 of #66daysofdata
Today I continued with @datacamp course
Learned about Bidirectional Associative memory network
Continued reading some research paper on Intrusion detection in cloud environment.",0,10
1382028861588783107,1300492664308146176,MarkusM99098101,Tue Apr 13 17:52:12 +0000 2021,"D 42 of  #66DaysOfData r2:
a few days ago I showed the result of a local app where a user could input its twitter handle and a word cloud based on their tweets was created

Today I used @streamlit share to make an app everyone can use to create their own #66DaysOfData word cloud",0,15
1382028561083617281,371318079,gugugono,Tue Apr 13 17:51:00 +0000 2021,"So I totally fell off #66daysofdata but I’m back AGAIN, and this time I commit to completing it. Days 1-3 I completed course 1 week 1-3 of the google data analytics professional cert 💪🏾.",0,5
1382024156946964480,731856877139558400,ABYA80,Tue Apr 13 17:33:30 +0000 2021,"R2: #66daysofdata with @KenJee_DS 

Day 28:Today I started learning about web scrapping, Did some pandas practice questions, and some Data visualisation practice using Seaborn.",0,23
1382021763295551490,1356609984163889154,jo_grammer,Tue Apr 13 17:23:59 +0000 2021,"Day 44 #66daysofdata

Took where I left on #100daysofcode course w/ the App Brewery, finished the Digital Transformation course as part of my Innovation Management program diploma w/ the IBMI, covered Big Data, Cloud,IoT,Cyber Security, AI
Blockchain 
https://t.co/WQMEv3hJYf",4,15
1382015534351351812,1281890679052857346,ShrutiJ87241031,Tue Apr 13 16:59:14 +0000 2021,"Day 38 :  R2 #66daysofdata 
Pretty chill day but had amazing time watching THE RAVIT SHOW  @RavitJain About  Importance of Storytelling in data .🙌💯",0,15
1382004815283257347,1284445574511636480,Tommy_McLennan,Tue Apr 13 16:16:39 +0000 2021,Day 5 - Round 2 #66DaysofData watched @KenJee_DS's video 'Why You Probably Won't Become a Data Scientist' - loved the blooper/out take at the end😂 I've decided to keep my #66DaysofData journey to 'midweek days only' as weekends are going to get pretty busy very soon :),0,23
1381997258665684996,1363855621628465153,korasaju_a,Tue Apr 13 15:46:37 +0000 2021,"Day 32 of #66DaysofData with @KenJee_DS 

1 Studied SQL today — Learned the CREATE/ALTER/DROP query and Constraints.
2 Recalibrated my Data Science Weekly Study Schedule — I’ll focus on learning SQL and Statistics/Probability/Math for Data Science this month",0,7
1381992827744321539,2149586883,vperez2000,Tue Apr 13 15:29:00 +0000 2021,"#66daysofdata #R3 #Day5 by @KenJee_DS
@DataCamp DS track

Finally!✅ Done with Introduction to Data Visualization with #Seaborn 🎉🎉🎉 https://t.co/yxMvcQfhlN",0,8
1381991876933398529,1377113586145751042,sustainablersyd,Tue Apr 13 15:25:14 +0000 2021,@sandcurves @KenJee_DS YES! This whole #66daysofdata thing is actually been super helpful because it’s been forcing me to review what I learnt at the end of each day and I’ve been keeping it in a notion table so I can see my progression easily. Shoutout to @KenJee_DS for this 😉,0,6
1381991424871305218,1361227694889967616,dataQueen_pend,Tue Apr 13 15:23:26 +0000 2021,Day 56 of #66daysofdata is a rest day for me. And the 57 day? Planned rest also! 🙌,0,11
1381990922951532555,1361227694889967616,dataQueen_pend,Tue Apr 13 15:21:26 +0000 2021,"Day 55 of #66daysofdata was the day of...
✨ Sets and...
✨ Dictionaries!

Resources:
➡️ @simplilearn Python course
➡️ @SoloLearn Python course

Topics:
💫 Creating 💫 nesting 💫 adding elements 💫 accesing elements 💫 operations 💫 built-in functions",0,7
1381970506920853504,209191879,bhatnagarkush,Tue Apr 13 14:00:19 +0000 2021,"Day 70/R2 of #66daysofdata : Learned about @awscloud  Data Lake and it's implementation for Data Engineering pipelines
#MachineLearning",0,2
1381957600640663553,1207501893582442496,HeliBaez11,Tue Apr 13 13:09:02 +0000 2021,"What will your answer be?👨🏽‍💻

▫️ Nothing will be printed
▫️B only
▫️A and B
▫️A only

#Python #DataScientists #66daysofdata https://t.co/S3IomtgXLx",1,3
1381941586104176641,1381863515170893824,IChandmoni,Tue Apr 13 12:05:24 +0000 2021,"#66daysofdata
Day 1
I have started learning data science from today. So I am trying to complete python's basics first, I complete this Introduction to Python course from #Datacamp. Course duration 4 hours.
I Hope, will discover many more objects of Data Science.
 *_* https://t.co/Zy0ZFMAGrR",1,4
1381939278922592266,59787963,jamesnan,Tue Apr 13 11:56:13 +0000 2021,"Day 42/43 : #66DaysOfData
Working on ""Guided Project: Creating An Efficient Data Analysis Workflow in R"" @ Dataquest",0,3
1381912435049689094,1329313525974532097,AyubRasool14,Tue Apr 13 10:09:33 +0000 2021,Day 16/66: started on the Google analytics course. Day 17/66: continued my EDA and recapped on using of loc and iloc. #66daysofdata,0,15
1381910019008909316,19448058,paulapivat,Tue Apr 13 09:59:57 +0000 2021,"R3: Day 14: #66daysofdata 

• still on arithmetic_formatter, 
• stuck on printing horizontally
• experimenting with different approaches

• Will ask around on FCC discord soon 🤔 https://t.co/c9lOpjDZdl",0,4
1381845358435831810,397272525,shatandv,Tue Apr 13 05:43:01 +0000 2021,"Day 98 of #66DaysOfData:
- Worked a lot on the 2 projects I have for work,
- Learned more about Folium, Leaflet.js,
- Learned a little about Gaussian blur for images.",0,16
1381809991699554309,1377113586145751042,sustainablersyd,Tue Apr 13 03:22:29 +0000 2021,"Day 14 of #66daysofdata with @KenJee_DS 

- Setting up dev environment
- accessing SSH (literally took all day)
- dbt tutorial
- more SQL practice",0,12
1381809586710056962,1163814073752072192,EthanCDouglas,Tue Apr 13 03:20:52 +0000 2021,"Day 5 of #66DaysOfData. Playing around with Rtweet, here's a very clean and tidy look at some of the most followed accounts by Chiefs media folk 

(Like I said yesterday, this is a journey) https://t.co/qmjuKmGHUK",0,2
1381797893938499587,2149586883,vperez2000,Tue Apr 13 02:34:25 +0000 2021,"#66daysofdata #R3 #Day4 by @KenJee_DS

No DataCamp studies these last days, busy days, states &amp; a lot going on!
But I applied my knowledge in my first scrape project to understand what happened this weekend, about scores, teams, ages &amp; numbers towards regionals!
⬇️ I'm so proud! https://t.co/f08qCvCsmp",0,12
1381788813576519683,969343076442542081,JaimeAAvendano,Tue Apr 13 01:58:20 +0000 2021,"Day 46 of #66DaysofData-

Did some more work with Naive Bayes, including going through the different classifiers available in scikit-learn.",0,11
1381770951222820871,784839510303453185,tthoraldson,Tue Apr 13 00:47:21 +0000 2021,Day 29 of #66daysofdata R2: Dug further into the weights and biases docs. I'm hoping to use more of their features in my model training process.,0,5
1381721079530487810,822280007502295041,_paulo_lopez_,Mon Apr 12 21:29:11 +0000 2021,"#100DaysOfMLCode #100DaysOfCode #66daysofdata #Python  On day 1⃣8⃣

🔹 Created the most basic sklearn pipeline for and xgboost classifier. 😃 https://t.co/cqXZ7Xycx9",10,12
1381710580428517376,32453704,anyachocolat,Mon Apr 12 20:47:27 +0000 2021,"Day 15 of #66DaysOfData:
- Skillfactory course about logical operations
- ""A Byte of Python"" book about logical and physical lines https://t.co/VyrM8meviR",0,14
1381699043345137664,1649054340,a_escontrela,Mon Apr 12 20:01:37 +0000 2021,After few days of break due to personal issues I come back to #66daysofdata  Today I did a brainstorming to figure out which is the next mini project to do it. I decided to go with an ETL project and found this great tutorial https://t.co/aWbMRtEHAo,0,3
1381693941272215556,1282311789464760321,HeqiqetEhmedova,Mon Apr 12 19:41:20 +0000 2021,"Day 5 of #100DaysOfCode ; #66daysofdata 

✔️started data science training course at @worldquantu 
✔️finished the first unit lectures and exercises. 

look forward to Office Hours🚀",8,14
1381691745453359104,341612756,JamesGlassey,Mon Apr 12 19:32:37 +0000 2021,"Day 4,5 and 6 of #66daysofdata 
- I have been working through a churn model prediction.
- Went through my notes on concepts related to Data Science, putting them into an Anki flashcard format for better understanding. 
- Started the @openminedorg Private AI course",0,6
1381689831848349697,1300492664308146176,MarkusM99098101,Mon Apr 12 19:25:01 +0000 2021,"Day 41 of  #66DaysOfData r2:
today the lectures for the 2nd semester have started. So for the remaining days in this challenge I won't be able to as much as before, but I will make sure to learn something DS related everyday. Read more in Python Machine Learning ch6:  1/2",0,13
1381688988596105216,63557338,egm_photo,Mon Apr 12 19:21:40 +0000 2021,"Day 99 of #66DaysOfData with @KenJee_DS 

Lots of watching today. DE portfolios. DS buy-ins. @NVIDIAGTC keynote.

Also starting on NLP.

Details here: https://t.co/fgXsDlF7q4",0,8
1381688118286368769,1324652185964204033,meyke9976,Mon Apr 12 19:18:12 +0000 2021,"Day 95 of #66daysofdata by @KenJee_DS 
I kept working on my tweets dataset. Still just trying stuff out to see where it will lead me. But booking some nice results... until chrome hit its limits. Now running notebook in visual studio code. That is new! https://t.co/XNQSLr0I6P",0,22
1381684681159012353,1243246008303112192,samarthgupta39,Mon Apr 12 19:04:33 +0000 2021,"day49-50 of #66daysofdata
Continued with @datacamp course
Practiced some SQL questions from leetcode
Read some research papers on Intrusion detection in cloud environment",0,16
1381674654146949126,1342015716535508994,iamsalihmansoor,Mon Apr 12 18:24:42 +0000 2021,"Day 44 &amp; 45

Explored the Enron dataset. Also read more about the Enron scandal to prepare for the analysis.

@KenJee_DS #66daysofdata",0,10
1381666436205006849,1322620958327255040,Datavisz,Mon Apr 12 17:52:03 +0000 2021,"Day 41 of #66daysofdata :
Reread sampling methods from ISLR.",0,9
1381663400695111692,397272525,shatandv,Mon Apr 12 17:39:59 +0000 2021,"Day 97 of #66DaysOfData:
- Finished reading the Introduction to Circuits paper - it's great. Feels like one of first fundamental papers for NN interpretability. Definitely recommend reading it - https://t.co/riDSZGLDFN,
- Took it a bit easier today and didn't do anything else.",0,10
1381660739941752836,2562318241,NeemaMV,Mon Apr 12 17:29:25 +0000 2021,"Day 48 of #66daysofdata
Day 77 of #100daysofcoding 
Worked on other knime workflow to multiple file upload.
Day 28 of #100daysofSQL
Worked on a SQL query for data prep. Learned a Eric Weber post on SQL learning",0,16
1381650724816293891,719157417443987457,Mayibongwe_MS,Mon Apr 12 16:49:37 +0000 2021,"Day 41 - 43 of #66daysofdata 

Completed some python courses on Pluralsight and LinkedIn Learning. I got to learn some neat tricks to clean and filter data.",0,7
1381641328447082497,1284445574511636480,Tommy_McLennan,Mon Apr 12 16:12:17 +0000 2021,Day 4 - Round 2 #66DaysofData Continued with the 'Feature Engineering' course on @Kaggle and read some more of 'The Art of Statistics' book.,0,25
1381637365404291072,1331398329977032707,aloknag_DS,Mon Apr 12 15:56:32 +0000 2021,"Day 21 of #66DaysOfData Round 2 :

Submitted solutions to assignment based on k-nearest neighbours classifiers on breast cancer data.

In logistic regression model with neural networks, learned about gradient descent calculation for one instance and then for the whole dataset.",1,9
1381634701983502337,1363855621628465153,korasaju_a,Mon Apr 12 15:45:57 +0000 2021,"Day 31 of #66DaysofData with @KenJee_DS 

I studied SQL today — was about to start the query lecture proper but I encountered an error upon installing MySQL. Anyway can please help me? 

Followed the lecture on installation but it says no connection established idk why 🤦🏻‍♂️ https://t.co/tdX0K8Cg0Q",0,8
1381624497468497925,1356609984163889154,jo_grammer,Mon Apr 12 15:05:24 +0000 2021,"Day 43 of #66daysofdata 

Slowly diving back: 

Finished Cloud essentials course on IBM Lab, badge in the bag 😏👨🏽‍🎓 
read this : 
https://t.co/XibqolyvNj",0,6
1381624178931949569,1355938756583321609,Sinnerman____,Mon Apr 12 15:04:08 +0000 2021,"#66daysofdata
Day 24: Started with Google data analytics professional certificate course on coursera",0,3
1381525464527691778,19448058,paulapivat,Mon Apr 12 08:31:52 +0000 2021,"R3: Day 13: #66daysofdata

• continue on arithmetic_formatter, getting a bit closer
• simplify code
• add print f-string to help with formatting

Need to figure out:
• printing horizontally https://t.co/PdbpyOuTG3",0,3
1381520449876680704,1369643950395564032,AsgharMarvi,Mon Apr 12 08:11:57 +0000 2021,"Day 4 of my #66daysofdata challenge. I scrapped data from the URLs extracted earlier using Boiler Pipe API in to KNIME

#KNIME #ML #DataScience",1,1
1381517831762800641,1345374681008926723,DataLiteracy66,Mon Apr 12 08:01:33 +0000 2021,"Hi #66daysofdata &amp; #100DaysOfCode communities! My partner and I @DataKwery want to surface more free data learning resources. 

Content like https://t.co/0TTVSyF2ES by @juliasilge and @drob is something I often return to as an NLP starting point.

What about you? Please share!",4,3
1381513745248190469,1369643950395564032,AsgharMarvi,Mon Apr 12 07:45:18 +0000 2021,"Day 3 of my #66daysofdata challenge. Implemented workflow to extract all web URLs existing in a tweet using KNIME Analytics Platform.

#KNIME #Twitter #ML #DataScience",2,6
1381512907364691968,1369643950395564032,AsgharMarvi,Mon Apr 12 07:41:59 +0000 2021,"Day 2 of #66daysofdata challenge. I implemented reading tweets using various twitter search results by applying filters as described on developer console. 

#Twitter #KNIME #ML #DataScience",1,4
1381460330467971076,1377113586145751042,sustainablersyd,Mon Apr 12 04:13:03 +0000 2021,"days 12 and 13 of #66daysofdata with @KenJee_DS :

Nothing but Ken's Nearest Neighbour podcast episodes. Great listens on less data focused days.

Some intro vids on SSH",0,13
1381458273488957440,1163814073752072192,EthanCDouglas,Mon Apr 12 04:04:53 +0000 2021,"Day 4 (Saturdays are for the Beach) of #66DaysOfData. Messed around with facet_grid(), slowly getting more comfortable with the ggplot syntax. Forced myself to make a plot for work in R instead of python.

(please mute this thread if you're not here for my R journey updates)",0,9
1381440832226553860,209191879,bhatnagarkush,Mon Apr 12 02:55:34 +0000 2021,"Day 69/R2 #66daysofData : Learned about
@awscloud
different Data Stores , Glue, Data Migration Service, Step functions, Batch and how these #AWS services are contributing in Data Engineering Pipelines
#MachineLearning  #DataEngineering",4,6
1381435931324936195,1137782574036635649,thedataprof,Mon Apr 12 02:36:06 +0000 2021,"Found a gem article, ""How To Provide Value As A Data Scientist"" by Richmond Alake (@richmondalake) in @TDataScience https://t.co/qTT7eu3lLN

#datascientist #datascience #66daysofdata",3,8
1381398435916623878,784839510303453185,tthoraldson,Mon Apr 12 00:07:06 +0000 2021,Day 27&amp;28 of #66daysofdata R2: Worked on my @numerai submissions for round 259. https://t.co/DASzKFVvju,1,19
1381371625464074246,969343076442542081,JaimeAAvendano,Sun Apr 11 22:20:34 +0000 2021,"Day 44-45 of #66DaysofData-

Worked through some KNN and Naive Bayes classification notebooks.",0,15
1381369278394470409,995452348280573955,Just_Jordan_T,Sun Apr 11 22:11:15 +0000 2021,"Day 22: #66DaysOfData Working CH6 'Art Of Statistics' , going over `Descriptive Statistics` on Udacity. `mean` , `median` and `mode`  #DataScience #DataAnalytics #Python",1,3
1381358044639080453,59787963,jamesnan,Sun Apr 11 21:26:36 +0000 2021,"Day 41 : #66DaysOfData

Finished ken Jee's vedio ""Data Science Project From Scratch""
It seems to me that the web scrapping code is not working any more.",0,3
1381343032751046658,32453704,anyachocolat,Sun Apr 11 20:26:57 +0000 2021,"Day 14 of #66DaysOfData:
- Skillfactory course
- #LH2L course
- Learned about bytewise operations
- Read about different string formatting practices. Do you prefer to use %, str.format, f'str' or template?",0,17
1381338886241157124,1282311789464760321,HeqiqetEhmedova,Sun Apr 11 20:10:29 +0000 2021,"Day 4 of #100DaysOfCode ; #66daysofdata 
   ✔️Did a few sections of courses
   ✔️Reading : ‘Getting Started with Data Science’
   ✔️and few coding practice in #hackerrank",10,16
1381336589641646083,1300492664308146176,MarkusM99098101,Sun Apr 11 20:01:21 +0000 2021,"Day 40 of  #66DaysOfData r2:

read the first section of ch 6 in Python Machine Learning (streamlining workflows with pipelines and k-fold cross-validation to assess model performance). The rest of the day I worked on my portfolio website, which is quiet time consuming.",0,16
1381326847527550983,324583975,georgekanellos,Sun Apr 11 19:22:38 +0000 2021,"Days 16-18(R2) of #66daysofdata by @KenJee_DS

Found the next project! I started working with a kaggle dataset about NBA data! Step 1, basic EDA: PCA for dim reduction and KMeans for clustering 🤩🛫",0,19
1381306986067750918,731856877139558400,ABYA80,Sun Apr 11 18:03:43 +0000 2021,"R2: #66daysofdata with @KenJee_DS 

Day 27: Had fun today building a basic Pong game using #Python turtle module. Still having trouble adding the sound when it hits the border or paddle.

*I think @neuralink's 🐒 plays better than me 😂 https://t.co/AcvvDQuTAT",1,36
1381304310680543232,1331398329977032707,aloknag_DS,Sun Apr 11 17:53:05 +0000 2021,"Day 20 of #66DaysOfData Round 2 :

*More of K-Nearest Neighbours. 
- KNN Classifier and Regressor estimators from sklearn
- methods associated i.e. score, predict, predict_proba from documentation. 
- effect of hyperparameter tuning in underfitting and overfitting of KNN.",0,15
1381300897590829056,1059200207756423170,Aamna__Suhail01,Sun Apr 11 17:39:31 +0000 2021,"#66daysofdata 
Day 22
@KenJee_DS

@coursera 
Introduction to Data Science 
Week 2
Intro to Pandas, Series Datastructure and Quering a Series",0,12
1381268515638763525,1363855621628465153,korasaju_a,Sun Apr 11 15:30:51 +0000 2021,"Day 30 of #66DaysofData with @KenJee_DS 

Today, I:
1 Finished all the lectures on Inferential Statistics (Fundamentals + Confidence Intervals + Hypothesis Testing)
2 Watched Ken Jee’s vid on “Why You Probably Won’t Become a Data Scientist” — #grit, I’ll continue to transcend.",0,10
1381264213012668416,1322620958327255040,Datavisz,Sun Apr 11 15:13:45 +0000 2021,Day 40 of #66daysofdata : Spent some time on kaggle TPS. Got introduced to ensemble techniques in a kaggler notebook. Need to spend some time getting a grasp of these.,0,12
1381230743590903810,1137782574036635649,thedataprof,Sun Apr 11 13:00:45 +0000 2021,"Hi friends, the fourth episode of the #free #Rtutorial on the @thedataprof @YouTube channel is released and its on creating variables and lists in #R
https://t.co/kTCp2rKMf5
#66daysofdata",0,9
1381221576910106624,1007227234229161984,thedatacrack,Sun Apr 11 12:24:20 +0000 2021,"What problem will my blood sugar tracker help address?

Putting into action the Who-What-Where-Why technique, I frame my problem statement.

https://t.co/oJDI5Q7W98

Looking forward to including the project now as a part of my #66daysofdata journey!",0,1
1381166209819938816,397272525,shatandv,Sun Apr 11 08:44:19 +0000 2021,"Day 96 of #66DaysOfData:
- Learned general info about different ETL tools in Python,
- Learned about the lazypredict library - convenient,
- Worked on a scraper a little bit.",0,14
1381134085351964673,1324652185964204033,meyke9976,Sun Apr 11 06:36:40 +0000 2021,"Day 94 of #66daysofdata by @KenJee_DS 
I watched ""Coded Bias""  yesterday. An easy-to-watch intro on the bias of algorithms. 
Also continued working on the disaster tweets. 
https://t.co/g419Fi6Jcb",0,16
1381063282467897349,1266599735881687040,ChinWuChen1,Sun Apr 11 01:55:20 +0000 2021,"D24 #66daysofdata 
- continued on Hands-on ML chapter 3, being less confused about confusion matrix now 🤣 plus understanding precision/recall 💪",0,12
1381058485501091842,209191879,bhatnagarkush,Sun Apr 11 01:36:16 +0000 2021,"Day 68/R2 #66daysofData : Understanding @awscloud Kinesis Family and it's role in Data Engineering
#MachineLearning #AWS",3,2
1381042190688772096,232069724,rahul40patel,Sun Apr 11 00:31:31 +0000 2021,"Day 19 of #66DaysOfData

4th week of the SQL for Data Science course.

- final quiz and coding challenge.

I'm about to complete this first course with only an assignment left to complete.

@KenJee_DS",1,12
1381038393560272898,1377113586145751042,sustainablersyd,Sun Apr 11 00:16:26 +0000 2021,"Day 11 (yesterday) of #66daysofdata with @KenJee_DS :
Not as data focused but lots of dev things
- terminal stuff, setting up SSH
- SQL work in our database 
A lot of things learnt that day 😅",0,15
1381029502730567680,1291243974611668992,pristdata,Sat Apr 10 23:41:06 +0000 2021,"Day 41 &amp; 42 of #66daysofdata:

- Completed a notebook about 'Data driven food quality analysis' (available at https://t.co/e8ybbuj79K).
- Read articles about the same topic, really excited about innovations that DS and ML are bringing into food science and food sensory analysis. https://t.co/3Z0ghSqSW7",0,15
1381015099385786373,1208077315747528704,SiphuLangeni,Sat Apr 10 22:43:52 +0000 2021,"Day 100: Merge conflicts are inevitable. Don’t panic! When different changes are made to same line of code, #Git can’t resolve automatically.Make appropriate changes, stage and commit.

#100DaysOfCode #66DaysOfData #DataScience #VersionControl #MamaIMadeIt #KeepCoding #BWIAI",12,12
1381013565222621184,1282311789464760321,HeqiqetEhmedova,Sat Apr 10 22:37:46 +0000 2021,"Day 2&amp;3 of #100DaysOfCode ; #66daysofdata 

✔️Learned more about Object Oriented Programming
✔️Did a bit of my @DataCamp course",6,6
1381005050298908673,63557338,egm_photo,Sat Apr 10 22:03:56 +0000 2021,"Day 97 of #66DaysOfData with @KenJee_DS 

Done with chapter 5 of CNA. And with that, part 1. On to part 2. Details here: https://t.co/7E51kAGJof https://t.co/5izi3YO3AR",0,9
1380978126465990657,32453704,anyachocolat,Sat Apr 10 20:16:57 +0000 2021,"Day 13 of #66DaysOfData:
- Struggled with the division of negative numbers 
- Struggled with calculating prime divisors
- Learned about the Brainfuck programming language https://t.co/eFtZOQ4SjY",0,9
1380974518131392517,1342015716535508994,iamsalihmansoor,Sat Apr 10 20:02:37 +0000 2021,"Day 42

Revised concepts learnt till now. Also planned out the learning objectives for the upcoming weeks. 

@KenJee_DS #66daysofdata",0,12
1380972413207334913,1300492664308146176,MarkusM99098101,Sat Apr 10 19:54:15 +0000 2021,"Day 39 of  #66DaysOfData r2:
got back to the twitter hashtag analysis and created a   local app where users can get a word cloud created from the tweets that they send during this challenge.
Here an example based on the tweets from @KenJee_DS https://t.co/vCLKxY6l6j",0,15
1380961664627994625,1354069663223746560,termsposter,Sat Apr 10 19:11:32 +0000 2021,"Day 01 of #66DaysOfData:
- Reviewed basics, loops, functions
- Learned about list comprehension, lambda expressions, map function, filter functions, methods",0,4
1380957408500064261,1361227694889967616,dataQueen_pend,Sat Apr 10 18:54:37 +0000 2021,"Day 52, 53 and 54 of #66daysofdata were days for me of continous learning and reviewing of Python's tuples and strings.

Resources used:
➡️ @simplilearn python course
➡️ @SoloLearn python course

✨ Tuples
✨ Strings

 +creating +operations +methods +nesting + built_in functions",1,13
1380952813342105602,1331398329977032707,aloknag_DS,Sat Apr 10 18:36:22 +0000 2021,"Day 19 of #66DaysOfData Round 2:

watched a video lecture on introduction of supervised learning. The lecture explained classification and regression problems.

Terms explained :
- training model
- features and labels
- train-test splits 
- underfitting and overfitting",0,12
1380943296080400386,1380929895283392513,AnjanaMaddi,Sat Apr 10 17:58:33 +0000 2021,"Today have started my #DataScience  journey, I believe #ProjectBasedLearning is the most effective way to learn anything, so I took a project (https://t.co/mpMR9Jdhnk) to work on and I will be learning on the go. #day1 of the #66DaysofData. Data Analysis, Data transformation.",1,0
1380937208299855872,1281890679052857346,ShrutiJ87241031,Sat Apr 10 17:34:21 +0000 2021,"Day 38 : 2R #66daysofdata
Had induction class of @iNeuronAi  Machine Learning and deep learning master course and it was amazing .
Looking forward for more💯🙌",1,19
1380936944096473092,1363855621628465153,korasaju_a,Sat Apr 10 17:33:18 +0000 2021,"Day 29 of #66DaysofData with @KenJee_DS 

Passed the second part of the exam then received my Data Wrangling Certificate from Trifacta today! Ending it with a 94% final rating.

I’ll probably take the deputy level certification next month, I’ll focus on studying SQL first 🙇🏻‍♂️",0,15
1380907652650131462,1322620958327255040,Datavisz,Sat Apr 10 15:36:55 +0000 2021,Day 39 of #66daysofdata: Spent some time on kaggle-TPS. Watched @KenJee_DS video on why you probably won't become a data scientist. A bit overwhelmed today.,0,14
1380905132276154369,1329313525974532097,AyubRasool14,Sat Apr 10 15:26:54 +0000 2021,Day 15/66: continuing my kaggle EDA on stroke dataset. Using plotly for my EDA. #66daysofdata,0,12
1380904944018944003,1329313525974532097,AyubRasool14,Sat Apr 10 15:26:09 +0000 2021,Day 13/66: had a rest day.                  Day 14/66: went back to Look thru my Python for data science course from udemy and redid 911 call dataset EDA. Trying to think of crucial qns to understand the dataset #66daysofdata,2,8
1380901395075895299,1306505184911208453,mt0rm0,Sat Apr 10 15:12:03 +0000 2021,"Days 48&amp;49 of #66daysofdata: Not really too many changes. Finished @tableau Fundamentals and started Desktop II: Intermediate, worked on Kaggle Microcourses and kept cleaning the big dataset (I have the feeling it's going to take a while...)",0,13
1380897331143266306,19448058,paulapivat,Sat Apr 10 14:55:54 +0000 2021,"R3: Day 12: #66daysofdata

• working on arithmetic_formatter, in progress...
• reformatting sounds more straight forward than it actually is 😬 https://t.co/bCSuHcOzpc",0,2
1380868641231663107,59787963,jamesnan,Sat Apr 10 13:01:54 +0000 2021,"Day 39/40 : #66DaysOfData

Watching ken Jee's vedio ""Data Science Project From Scratch""",0,5
1380822300359061504,397272525,shatandv,Sat Apr 10 09:57:45 +0000 2021,"Day 95 of #66DaysOfData:
- Wrote a gradient boost algorithm from scratch,
- Improved the Folium map with several overlays,
- Made a 3D surface plot in Matplotlib - if only I could spin it around...,
- Learned about Data Kanban, Minimum Viable Data, and AI feature prioritization.",0,16
1380817493174972417,341612756,JamesGlassey,Sat Apr 10 09:38:39 +0000 2021,"Day 3 of @KenJee_DS' #66daysofdata 
- Currently writing up the documentation for a Data Analysis project I did some time ago. If you are interested, especially with football and Arsenal Fc, here is the visualisation https://t.co/bMvOdBoAne
#DataVisualization #data #dataviz",0,3
1380816998607638530,1137782574036635649,thedataprof,Sat Apr 10 09:36:41 +0000 2021,"Hi friends, @JCharisTech  has released an awesome text cleaning app using @Streamlit in #Python, check it out! He also has an awesome YouTube channel (https://t.co/qz9RjNExsy)
#66daysofdata https://t.co/RfEFtFKLab",2,16
1380781865070628865,1324652185964204033,meyke9976,Sat Apr 10 07:17:04 +0000 2021,"Day 93 of #66daysofdata by @KenJee_DS 
I continued working on my tweets dataset. I have a hard time defining a strategy. I'm now trying to see if I can figure out the 'perspective'  in which a tweet is written as well as the tense. No idea whether this will pay off, will see 😅",0,19
1380764158476513284,1316454234447990784,data_motivated,Sat Apr 10 06:06:43 +0000 2021,Day 3: Wasn’t able to get a lot done today. I did read an article about slack communities to join for data science and another about deploying ML models. #66daysofdata #MachineLearning,1,7
1380730410275991553,1283489158258819072,hhotkey,Sat Apr 10 03:52:37 +0000 2021,"Day 2️⃣4️⃣ of #66daysofdata #100DaysOfCode 
...Gradient Descent is attributed to Cauchy, who first suggested it in 1847.Hadamard independently proposed a similar method in 1907.Its convergence properties for non-linear optimization problems were first studied by HaskelCurry in 1944 https://t.co/BbOaDwSR4o",8,12
1380725236178460675,1283489158258819072,hhotkey,Sat Apr 10 03:32:03 +0000 2021,"Day 2️⃣3️⃣ of #66daysofdata #100DaysOfCode 

Gradient Descent is a first-order iterative optimization algorithm for finding a local minimum of a differentiable function.The idea is to take repeated steps in the opposite direction of the gradient of the function at the current point https://t.co/BdBSi9kSAM",7,11
1380714643224731655,784839510303453185,tthoraldson,Sat Apr 10 02:49:58 +0000 2021,Day 26 of #66daysofdata R2: looked into some JavaScript #dataviz libraries like #plotly and #d3.,0,14
1380714356321607682,95620001,FirstKraken,Sat Apr 10 02:48:49 +0000 2021,26/66 #66daysofdata - Today is like eating your vegetables. I made comments and updated a Readme file. I hate it but will begrudgingly admit it's important.,0,9
1380698757067603971,969343076442542081,JaimeAAvendano,Sat Apr 10 01:46:50 +0000 2021,"Day 43 of #66DaysofData-

After a long work day, I didn't have too much energy to study. So decided to just go exploring through different datasets on Kaggle to see what catches my eye.",0,9
1380682317769764864,1163814073752072192,EthanCDouglas,Sat Apr 10 00:41:31 +0000 2021,Day 3 of #66DaysOfData. Got one of these bad boys 10 minutes in and called it a day #ItsTheWeekend https://t.co/uHelnTK6ok,2,10
1380676381760184322,63557338,egm_photo,Sat Apr 10 00:17:55 +0000 2021,"Day 96 of #66DaysOfData with @KenJee_DS 

Wiki scraping. Newsletter plans. Mastery. Office Hours. For details, check here: https://t.co/ZGik5V3Vct https://t.co/AQHj3Gju8C",0,9
1380655024578117633,2527930848,joao96santos,Fri Apr 09 22:53:03 +0000 2021,"63 / #66DaysOfData

How does BlockChain work by @3blue1brown
https://t.co/CZWlzLRJ8N",0,7
