tweet_id,user_id,user_name,created_at,full_text,retweets,favorite
1327130300779008000,1291114285507186690,jaimedatalatte,Fri Nov 13 06:04:55 +0000 2020,"If Colombia wins today against Uruguay, i’m starting the second round of #66DaysofData right away

#VamosColombia 🇨🇴 https://t.co/SDVsHIvTAQ",0,1
1327113870373253120,2771098682,pigglymichele,Fri Nov 13 04:59:37 +0000 2020,"✅ DAY 23 of #66daysofdata  

I watched the quick review video of unit 1 and started to learn how to group data in unit 2",0,0
1327104724990980097,45938414,KiInoue,Fri Nov 13 04:23:17 +0000 2020,Day26 of #66DaysOfData: got my first SQL badge on @hackerrank.  Stuck on a sub-query question...am I losing my skills? Current rank: 429435...hope to be in top 100000 by the end of the weekend.,0,0
1327099888748933125,735315096679919617,bjcmit1,Fri Nov 13 04:04:04 +0000 2020,"Day 73 of #66DaysOfData Finished reading Chapter 10 of ""The DevOps Handbook"" with an eye towards MLOps. 
@KenJee_DS",0,1
1327088994597937153,1320782511748927489,NoahHorsleyDS,Fri Nov 13 03:20:47 +0000 2020,"I worked on an assessment for a potential employer today.  It's very fun to dive into an unknown dataset and see what you can do!

Day 16 of #66daysofdata",0,0
1327075492487426050,1332613548,imkeller_5,Fri Nov 13 02:27:07 +0000 2020,"Day 24 of #66daysofData! Read the paper ""Beyond Expected Goals"" by William Spearman. And started playing around with implementing a pitch control with the #fot code. Just got too tired to continue.",0,0
1327052063591657472,1214740859628818432,SripathiMohana1,Fri Nov 13 00:54:02 +0000 2020,"Day 45 : Completed Datacamp's Advanced Deep Learning with 
Keras. #100daysofmlcode #100daysofcode #machinelearning #datascience #datacamp #66daysofdata https://t.co/m88Y3HkoI9",10,7
1327046448131813378,1017584707,liamskop1,Fri Nov 13 00:31:43 +0000 2020,"Day 10 of #66DaysOfData:
Late one today as I officially publish visualisations made in #Tableau for the first time. I wrote some thought alongside my dashboards in this article.
https://t.co/GMd3mI3JGZ

#football #dataviz #Analytics",0,2
1327026948657340417,902224831319609345,5aDescida,Thu Nov 12 23:14:14 +0000 2020,"Day 12 of my #66DaysOfData

Yeah, I couldn’t fix the problem. It’s something on the gganimate package.
Tomorrow I’ll try other render, and then maybe recreate my entire function.
Those bad days when nothing works out... #rstats",2,0
1327019462432878593,22637324,pratiksha__,Thu Nov 12 22:44:29 +0000 2020,"Day 25 of #66DaysOfData
Today on Udemy I started on cluster analysis.
Learnt about the difference between classification and clustering, market and image segmentation, and euclidean distance.",0,0
1327005318342176774,2527930848,joao96santos,Thu Nov 12 21:48:17 +0000 2020,"42 / #66DaysOfData
Completed the Introduction to SQL Server by @DataCamp 

• [Section 3/4] Joinning Tables: INNER, LEFT, RIGHT JOIN and UNION
• [Section 4/4] You've Got the Power (CRUD Operations): CREATE, INSERT, UPDATE and DELETE

https://t.co/B34WoTwgEk",0,1
1327004926191554563,3207971,koder,Thu Nov 12 21:46:43 +0000 2020,"Day 28-29 #100DaysOfCode 

Working on Complete #python 3 bootcamp course.

What I like to do sometimes is go back to basics and repeat lessons I already know. I change myself daily so my views are different in every repetition. 

#DataScience #programming #66daysofdata https://t.co/oYJ5DBFOPA",10,7
1326990996123619331,1318596362703962119,dataleftovers,Thu Nov 12 20:51:22 +0000 2020,"Day 4 of #66daysofdata:

I haven't felt motivated today but I will form the habit in these 66 days. 

I'm going to study some statistics, specifically the Monte Carlo simulation. Going to study Monte Carlo Simulation after it was suggested in this livestream. https://t.co/gY1HDmiPcI",0,5
1326965049307619328,1270361837956141056,Mohammed_Azeem_,Thu Nov 12 19:08:16 +0000 2020,"⚡️ “#66daysofdata”
I am quite satisfied to share my moments of this entire 66 days of the journey in learning about data science/ machine learning related field. Would call it a wrap to the #66DaysOfData but, not to the spirit &amp; habits developed so far. 
https://t.co/ZNnhFRw0MT",0,1
1326948706281795595,1302704071837704197,KOrfanakis,Thu Nov 12 18:03:19 +0000 2020,"Days 59-63 of #66daysofdata 
I published my EDA for the 'Housing Prices' competition on #kaggle 🏘️💰📊. You can have a look here:
https://t.co/aMywdG27yc
(another kernel on ML for the same dataset will be out soon!)
#eda #DataScience",0,18
1326941427582992385,1270361837956141056,Mohammed_Azeem_,Thu Nov 12 17:34:24 +0000 2020,"Day 66 of #66DaysOfData with @KenJee_DS
Really thank all for the support &amp; motivation &amp; especially @KenJee_DS. Look forward to more interesting work. 
-Continuing with learning SQL
-Attended the AI Accelerator festival on Computer Vision
-Read about SMOTE: https://t.co/buHP7v54h1",0,6
1326916451761090561,1313632170007642112,olivevaw,Thu Nov 12 15:55:09 +0000 2020,"D9 of #66daysofdata. Nothing much today but Boolean Operators, finding out this AND that OR that and NOT this is the name of the game",0,1
1326896764453007363,1319794636915761152,kenwongkaien,Thu Nov 12 14:36:55 +0000 2020,"Day 19 of #66daysofdata:
I completed week 3 of ""Intro to Trading, ML &amp; GCP"" course. Keep it up!

#MachineLearning #AlgoTrading #GCP",0,5
1326832906606575616,285723440,geekanvesh,Thu Nov 12 10:23:10 +0000 2020,"Day 61 of #66daysofdata 
Insightful details by @KikiLeutner on How AI makes decision about us

https://t.co/58ccI9Uy4z",0,3
1326806325993508864,19448058,paulapivat,Thu Nov 12 08:37:33 +0000 2020,"Just reflected on #66daysofdata 

https://t.co/wB3TVQoa91

🙏 @KenJee_DS for starting
👏 to all who followed and made progress on ur own data journey thanks u! @KOrfanakis @_paulo_lopez_ @jaimedatalatte @shivamnegi404 @rampand25356222 @GeorgeKamp5 @dumitruxx @reakal2 @JackRaifer",0,12
1326774364159827970,134117592,SouzaMarvin,Thu Nov 12 06:30:33 +0000 2020,"Day 53 of #66daysofdata 

Continue with Chp 3 of HandsOnML

Also watched https://t.co/8Vw2xf6BpC 

special thanks to @gregorymbell for posting this. Found this very useful.",0,1
1326751330329907203,2771098682,pigglymichele,Thu Nov 12 04:59:01 +0000 2020,"✅ DAY 22 of #66daysofdata 

✨ I finished unit 1 of tableau today which was about creating the data extract.",0,1
1326749410940760064,1303725429132464128,rampand25356222,Thu Nov 12 04:51:24 +0000 2020,"Day 53,54 of #66daysofdata. Watching Andrew Ng's deep learning videos about different type of gradient descents such as RmsProp, Momentum, Mini-batch.",0,8
1326738092955299843,735315096679919617,bjcmit1,Thu Nov 12 04:06:25 +0000 2020,"Day 72 of #66DaysOfData Spent 5 minutes reading Chapter 10 of ""The DevOps Handbook"" with an eye towards MLOps. @KenJee_DS",0,3
1326737481471946752,45938414,KiInoue,Thu Nov 12 04:03:59 +0000 2020,"Day25 of #66DaysOfData: intro to pyspark using @databricks Community Edition. Any tutorials that are considered ""must watch""?",0,1
1326733873930231808,1320782511748927489,NoahHorsleyDS,Thu Nov 12 03:49:39 +0000 2020,"Chapter 6: Learning Best Practices for Model Evaluation and Hyperparameter Tuning 🔥🔥🔥

Day 15 of #66daysofdata",0,2
1326723730832297984,1332613548,imkeller_5,Thu Nov 12 03:09:21 +0000 2020,Day 23 of #66daysofData! Looked at the #FoT video for the pitch control model to get an overview and read chapter 16 of the data-8 book. Trying to start with the first real pitch control version tomorrow.,0,1
1326703752317898753,1008778640,Alepipi78,Thu Nov 12 01:49:58 +0000 2020,"Day 66 of #66daysofdata 
Today is the end of the 1st round of this challenge. Leant a lot of things in this period. But definitely still got a long way to go. So, keep learning and coding.",0,1
1326702974320713733,902224831319609345,5aDescida,Thu Nov 12 01:46:52 +0000 2020,"Day 11 of my #66DaysOfData 
I kept working on my notebook to #BigDataBowl . My function to animate plays suddenly stoped to work. I think some package had updated. I’m still figuring out what has happened.
This is extremely demotivating but tomorrow is a new day.",0,1
1326698105119633410,4790572463,SalsaLeader,Thu Nov 12 01:27:31 +0000 2020,Day 74:BIC  #66daysofdata,0,0
1326666877259669504,402646456,ToluwaniJohnson,Wed Nov 11 23:23:26 +0000 2020,"Day 66:
I finished up on the course 'How Google Does Machine Learning'.

And this marks end of #66DaysOfData updates.
Still having a lot of ground to cover.
It doesn't end here.
Huge thanks to @KenJee_DS for initiating this. Special shout out to @KOrfanakis @JackRaifer, etc",0,10
1326664460212310016,1301630535551381506,Tayiablytics,Wed Nov 11 23:13:50 +0000 2020,"Day 6️⃣6️⃣ of #66daysofdata
I actually completed the challenge!
Today I had the second stage interview for the job I'm applying for which I passed, also spent time recapping the theory behind ANNs. Granted not everyday was super productive but I've learnt a huge amount! @KenJee_DS",0,4
1326652726063886342,22637324,pratiksha__,Wed Nov 11 22:27:12 +0000 2020,"Day 24 of #66DaysOfData
In the SQL class tonight we learnt about views, stored functions/procedures and triggers. Need to spend some more time implementing them to understand them fully.",0,0
1326634983075803137,2527930848,joao96santos,Wed Nov 11 21:16:42 +0000 2020,"41 / #66DaysOfData

Introduction to SQL Server by @DataCamp 
• [Section 2/4] Groups, Strings, and Counting Things: Aggregating Data; SUM; COUNT; MIN, MAX and AVG; Strings; LEN; left and right; GROUP BY and HAVING",0,0
1326633656765591553,1017584707,liamskop1,Wed Nov 11 21:11:26 +0000 2020,"Day 9 of #66DaysOfData:
Finally exported the data I've been busy preparing and have been able to play around with it in #Tableau. Determined to get better at #dataviz. Would love tips on how to get better.",1,1
1326591951185981442,134117592,SouzaMarvin,Wed Nov 11 18:25:42 +0000 2020,"Day 51-52 of #66daysofdata 

Continued with Chp. 3 of Hands on ML. 

also read this amazing article on Algorithms and how to go about learning them.

https://t.co/uqFnY0avky",0,5
1326580599541301248,19448058,paulapivat,Wed Nov 11 17:40:36 +0000 2020,"Day 66 came a lot faster than I expected! I'm going to spend some time with the family and reflect and get back to it next week.

Anyone itching to do another #66daysofdata ?",0,4
1326580597234397184,19448058,paulapivat,Wed Nov 11 17:40:35 +0000 2020,"Day 66: 

- Spent the day refreshing SQL, writing queries in Google BigQuery, then visualizing in Data Studio
- Then wrote about Matrices in 🐍 https://t.co/2iQ39R4D2X

#66daysofdata https://t.co/eoKhbZIp4o",0,3
1326572665033854977,264448841,Studawsonstats,Wed Nov 11 17:09:04 +0000 2020,Learning about TensorFlow on day 17 of #66daysofdata,0,3
1326566212667633668,1318596362703962119,dataleftovers,Wed Nov 11 16:43:26 +0000 2020,"Day 3 of #66daysofdata.

Just listened to the new episode. 

I am now going to watch Richard's SQL video and work on my SQL skills. 

https://t.co/DdmIrLVq7J https://t.co/oOrdiN8laY",0,2
1326554978375397376,1108001526872723461,datapride_net,Wed Nov 11 15:58:47 +0000 2020,"The best way to learn data science. 
https://t.co/Xy0YmzN0Mp

#100DaysOfCode #66daysofdata
#DataAnalytics #MachineLearning #DeepLearning #AI #Coding #DataScience #Analytics #Dataviz #Python #100DaysOfCode",2,1
1326554759642279937,1108001526872723461,datapride_net,Wed Nov 11 15:57:55 +0000 2020,"30 open data sources that you can you can get data for your projects.
https://t.co/jfP2BTfCtO

#100DaysOfCode #66daysofdata
#DataAnalytics #MachineLearning #DeepLearning #AI #Coding #DataScience #Analytics #Dataviz #Python #100DaysOfCode",6,1
1326554600770506755,1108001526872723461,datapride_net,Wed Nov 11 15:57:17 +0000 2020,"Microsoft unveils a no code machine learning training app.
https://t.co/KLTvovECTg

#100DaysOfCode #66daysofdata
#DataAnalytics #MachineLearning #DeepLearning #AI #Coding #DataScience #Analytics #Dataviz #Python #100DaysOfCode",2,1
1326554411129298944,1108001526872723461,datapride_net,Wed Nov 11 15:56:32 +0000 2020,"Free resources that teach you SQL
https://t.co/BAZFbOnJae

#100DaysOfCode #66daysofdata
#DataAnalytics #MachineLearning #DeepLearning #AI #Coding #DataScience #Analytics #Dataviz #Python #100DaysOfCode",3,2
1326553618103689217,285723440,geekanvesh,Wed Nov 11 15:53:23 +0000 2020,"Day 60 of #66daysofdata
Completed week 1 of Mathematics for Machine Learning: Linear Algebra
Completed week 1 of Crash Course on Python @coursera @googledevs https://t.co/eLU4u0d7wK",0,7
1326542540548395008,1270361837956141056,Mohammed_Azeem_,Wed Nov 11 15:09:22 +0000 2020,"Day 65 (11 Nov) #66DaysOfData with @KenJee_DS
- SQL: Full Joins, CROSSing the rubicon, state of the UNION. @Datacamp
- Worked on the Machine hack Hackathon, focused on skewness removal &amp; basic algorithm training. Need to improve further. https://t.co/6fMIbDHAJP",1,3
1326542412882214919,1270361837956141056,Mohammed_Azeem_,Wed Nov 11 15:08:51 +0000 2020,"Day 64 (10 Nov) #66DaysOfData with @KenJee_DS
-Attended the AI Accelerator conference  on Computer Vision. Listened to Ashok Ramani (eBay)- e-Commerce, Creating HD maps by Orhan Bulan (GM). Look forward to other sessions.",0,4
1326534087473967106,1313632170007642112,olivevaw,Wed Nov 11 14:35:46 +0000 2020,"D8 of #66daysofdata is all about control flows, because if data == makes_sense: wrangle, fit and plot else take_bath, clear_head, and repeat...",0,2
1326499253682843649,1108001526872723461,datapride_net,Wed Nov 11 12:17:21 +0000 2020,"Free resources that teach you SQL
https://t.co/x37qHMFX0u

#100DaysOfCode #66daysofdata
#DataAnalytics #MachineLearning #DeepLearning #AI #Coding #DataScience #Analytics #Dataviz #Python #100DaysOfCode",0,1
1326437809490718720,1332613548,imkeller_5,Wed Nov 11 08:13:12 +0000 2020,Day 22 of #66daysofData! Today while attending #SportsTomorrow I watched Mike Lopez talk about the Big Data Bowl and how the NFL is incorporating it. I also got some ideas of what to do in this years BDB. https://t.co/gt0bZ4UkkY,0,0
1326416703656513538,1206593820139245569,KhushbooRPatel,Wed Nov 11 06:49:20 +0000 2020,"35/66 : #66daysofdata  after taking a break for festivals , I am back and finished my Panda course!! I think the challenge is over for lots of people but I will continue my journey...",0,0
1326410776660283393,1319794636915761152,kenwongkaien,Wed Nov 11 06:25:47 +0000 2020,"Day 18 of #66daysofdata:
- Completed week 2 of ""Intro to Trading, ML &amp; GCP"" course
- Practiced to build regression and recommendation models using BigQuery ML

#MachineLearning #AlgoTrading",2,11
1326388652960849925,2771098682,pigglymichele,Wed Nov 11 04:57:52 +0000 2020,"✅ DAY 21 of #66daysofdata 

✨ I got a huge portion of my tableau learning done today learned how to split data fields, save a data source locally, and understood the meaning behind live and extract data.",0,0
1326387080595984386,1008778640,Alepipi78,Wed Nov 11 04:51:37 +0000 2020,"Day 65 of #66daysofdata 
A pretty good lists of ML Algorithms you should master 
https://t.co/KHTFarYuPY",1,3
1326362827758604288,735315096679919617,bjcmit1,Wed Nov 11 03:15:15 +0000 2020,"Day 71 of #66DaysOfData Finished 1st draft MLOps Principles document based on ""The DevOps Handbook"". 
@KenJee_DS",0,2
1326355211502317570,45938414,KiInoue,Wed Nov 11 02:44:59 +0000 2020,Day24 of #66DaysOfData: getting familiar with @ApacheSpark  using IBM Watson studio,0,1
1326350781419823111,1320782511748927489,NoahHorsleyDS,Wed Nov 11 02:27:23 +0000 2020,"I dove deeper into ""Python Machine Learning"" today. I'm interested to see how I like it compared to my current go-to, ""Hands-On Machine Learning with Scikit-Learn, Keras &amp; TensorFlow"".

Day 14 of #66daysofdata",0,1
1326337693047943168,211289215,IamTonyAK,Wed Nov 11 01:35:22 +0000 2020,"#66DaysofData Been busy with other projects, haven't been hands on as I would like. Also haven't posted in a few days. I'm so close to the end I can't fall off now!! Anyway, days 57/58 on the weekend was home repairs and family time, caught a couple of youtube videos when I could",0,0
1326321549989777408,1301630535551381506,Tayiablytics,Wed Nov 11 00:31:14 +0000 2020,"Day 65 of #66daysofdata
More interview prep, more Excel and more reading. Moved onto chapter 3 of Hands on Machine Learning 😊",0,1
1326305148260519936,402646456,ToluwaniJohnson,Tue Nov 10 23:26:03 +0000 2020,"Days 64 &amp; 65 of #66DaysOfData

How Google Does Machine Learning (Course)

- AI platform notebook &amp; bigquery
- Pre-trained Machine Learning APIs
(Vision, Video Intelligence, Cloud Speech, Translation &amp; NL)

@KenJee_DS",0,4
1326292552211976192,4790572463,SalsaLeader,Tue Nov 10 22:36:00 +0000 2020,Day 73: dplyr variance across columns  #66daysofdata,0,0
1326283164738785281,1017584707,liamskop1,Tue Nov 10 21:58:42 +0000 2020,"Day 8 of #66DaysofData:
Proud of my first complete #Alteryx flow. From 6 different API requests to bringing the data together and formatting it so that I can now start playing with it in Tableau.
Lot's of room for improvement regarding the flow's conciseness but it does the job. https://t.co/fYN2oPPSRk",0,1
1326275572654346247,3207971,koder,Tue Nov 10 21:28:32 +0000 2020,"Day 27 #100DaysOfCode 

Used my time today to read few chapters of Build a career in #DataScience book by Emily Robinson and Jacqueline Nolis. One has to look at things from different angles. #66daysofdata",10,13
1326275232521478149,22637324,pratiksha__,Tue Nov 10 21:27:11 +0000 2020,"Day 23 of #66DaysOfData
Finished the Logistic Regression section on Udemy.
In the final sections I learned about accuracy and the confusion matrix. Completed all the exercises on the bank transfer example with test and train data.
Next up is cluster analysis 🤗",0,0
1326217412669267968,159043283,paula_ai_,Tue Nov 10 17:37:25 +0000 2020,"#66daysofdata These past days, I've been reading Hands-on ML (I only have two chapters left of the first part). 

Plus, I've discovered this: https://t.co/8UCZIG1mXo. One of the authors is Jeremy Howard (fastai) and I've learned A LOT from it. Definitely recommending this one!",0,4
1326210294348181506,264448841,Studawsonstats,Tue Nov 10 17:09:08 +0000 2020,Using @superdatasci to learn @ThePSF on day 16 of #66daysofdata,0,1
1326207240294985728,1169401020989890560,gregorymbell,Tue Nov 10 16:57:00 +0000 2020,"Day 63-66 of #66daysofdata 

1. Watched all of Alex the Analyst's intermediate SQL tutorial videos
https://t.co/YZaDAN9eYM

2. Watched ""Myths and Realities of Data and Machine Learning in Marketing""
https://t.co/3gEpAARvvP",0,5
1326196024898179074,1318596362703962119,dataleftovers,Tue Nov 10 16:12:26 +0000 2020,"Day 2 of #66daysofdata :

Working on a project about bike crashes that will require me to study on some introductory ML.",0,0
1326195586849144832,19448058,paulapivat,Tue Nov 10 16:10:42 +0000 2020,"Day 65 cont:
- v. excited to see how tools built in this post will be applied with regression and classification problems in ML

- also, i'm officially a fan of type-annotations in 🐍

#66daysofdata",0,2
1326195584684847104,19448058,paulapivat,Tue Nov 10 16:10:41 +0000 2020,"Day 65:

- ✍️ wrote about 🐍 vectors and the different operations needed to build up to functions we'll use later like (euclidean) distance and sum of squares
- 📐 pythagoras makes a brief cameo
https://t.co/MOUsLIoJwB
#66daysofdata",0,1
1326193680881917952,1303725429132464128,rampand25356222,Tue Nov 10 16:03:07 +0000 2020,"Day 51,52 of #66daysofdata. Going through deep learning lectures of Andrew Ng. Also figuring out performance of various algorithms for credit card fraud detection.",0,4
1326185503868166144,1299734106587107329,SatwikShankar,Tue Nov 10 15:30:38 +0000 2020,"#66daysofdata Day 66 Went through my progress of the previous 65 days, a great learning experience, and thank you all for the amazing support 🙌",0,6
1326182493448400898,1319794636915761152,kenwongkaien,Tue Nov 10 15:18:40 +0000 2020,"Day 17 of #66daysofdata:
- Learned the concepts of variables &amp; scales of measurement in statistics
- Completed week 2 of ""The Role of Capital Markets"" course

Feels great to learn new things every day!",0,6
1326176044647239681,1313632170007642112,olivevaw,Tue Nov 10 14:53:02 +0000 2020,D7 of #66daysofdata. Dropping in on the IBM Developer Conference to get to know their latest developments in Data and AI,0,1
1326123110609743872,285723440,geekanvesh,Tue Nov 10 11:22:42 +0000 2020,"Day 59 of #66daysofdata 
Took a deep dive into #AWS services https://t.co/p5jzEeHawW",1,10
1326026403523989504,2771098682,pigglymichele,Tue Nov 10 04:58:25 +0000 2020,"✅ DAY 20 of #66daysofdata 

✨ watched the unit one videos for tableau and learned to make cross tabs and bar charts. I want to finish unit 1 by tomr 🙌",0,0
1326008907026722816,45938414,KiInoue,Tue Nov 10 03:48:54 +0000 2020,Day23 of #66DaysOfData: review of algorithm basics: linear and bubble sort. Have to learn a little Java to check my answers.,0,1
1326007757615599617,1008778640,Alepipi78,Tue Nov 10 03:44:20 +0000 2020,"Day 64 of #66daysofdata 
Built Arima models to forecast Covid-19 deaths in US based on different age groups.",0,1
1325981366845022209,735315096679919617,bjcmit1,Tue Nov 10 01:59:28 +0000 2020,"Day 69/70 of #66DaysOfData Began writing MLOps Principles document based on ""The DevOps Handbook"". @KenJee_DS",0,2
1325974199182237696,1332613548,imkeller_5,Tue Nov 10 01:30:59 +0000 2020,Day 21 of #66daysofData! Read chapter 15 of the data-8 book. Very ineffective because I don't take the time to properly read it. I hope I can make some more hands on things tomorrow. That is way more effective.,0,1
1325964338784595969,4790572463,SalsaLeader,Tue Nov 10 00:51:48 +0000 2020,Days 71 and 72: eigenvalue &amp;  logistic regression in R #66daysofdata,0,0
1325963534824472576,1214740859628818432,SripathiMohana1,Tue Nov 10 00:48:36 +0000 2020,Day 42 : Revised how to work withb nltk library. #100daysofcode #100daysofmlcode #66daysofdata,8,6
1325935875696566272,951871594376376320,JackRaifer,Mon Nov 09 22:58:42 +0000 2020,"1
Day 65 and 66 of #66DaysOfData with @KenJee_DS 

So, to end this challenge, I finished the NLP specialization from @DeepLearningAI_. I must say it was mind blowing, and I am just beguining to understand the potential of NNs. 

Toughts at the end of the challenge (cont.). https://t.co/ZWldgyaHHa",0,10
1325934892161626114,1301630535551381506,Tayiablytics,Mon Nov 09 22:54:47 +0000 2020,"Day 64 of #66daysofdata
More Excel today as I get ready for an upcoming interview. Tomorrow I hope to get back to some machine learning👌",0,2
1325917066424160257,2527930848,joao96santos,Mon Nov 09 21:43:57 +0000 2020,"40 / #66DaysOfData
• [Section 4] Dash Basics Layout: Introduction to Dash Layouts (app, html.Div, html.H1, dcc.Graph); Simple Plotly Plots to Dash

• [Section 5] Dashboard Exercise: Simple Dashboard for Old Faithful (Cone Geyser, Yellowstone Park) Eruption Intervals vs Duration https://t.co/nJ90Fq9Dvy",0,0
1325915773781553153,1320782511748927489,NoahHorsleyDS,Mon Nov 09 21:38:49 +0000 2020,"Today was another job hunt day. Also cracked open ""Python Machine Learning"" by Sebastian Raschka &amp; Vahid Mirjalili - good so far!

Day 13 of #66daysofdata",1,2
1325913034074644480,1041554401997942784,MrsCSAmador,Mon Nov 09 21:27:56 +0000 2020,Thank you @KenJee_DS for #66DaysofData,0,4
1325881500089266176,1270361837956141056,Mohammed_Azeem_,Mon Nov 09 19:22:37 +0000 2020,"Day 63 (9 Nov) #66DaysOfData with @KenJee_DS
Watched few videos on Model deployemnt. Learnt about containers, kubernetes &amp; how they are useful for the end product 
https://t.co/NzolRJsbyJ
https://t.co/MnBUf8yLPL",0,4
1325872037814919168,1280423665935384577,_Rishi_prakash,Mon Nov 09 18:45:01 +0000 2020,"Day 3 of #66daysofdata 
Had a busy day at work, saw a video about a real world data science project example for some time, hope to cover more tomorrow",0,1
1325863215306248202,264448841,Studawsonstats,Mon Nov 09 18:09:58 +0000 2020,Cleaned up the data and created a Viz on @tableaupublic for school house points.  Day 15 of #66daysofdata,0,1
1325853278220017664,1318596362703962119,dataleftovers,Mon Nov 09 17:30:29 +0000 2020,"Day 1 of #66daysofdata :

I will start by being inspired by a @KenJee_DS yt video. 

I will learn to be more comfortable writing in SQL by finishing the Intro to SQL on Kaggle.",0,1
1325845166758846464,19448058,paulapivat,Mon Nov 09 16:58:15 +0000 2020,"Day 64:

- implement code Data-Sci frm Scratch (ch4) - Vectors 
- build up to euclidean distance 2d space 🐍

#66daysofdata https://t.co/dlSh18GoIY",0,1
1325842979442085890,1017584707,liamskop1,Mon Nov 09 16:49:33 +0000 2020,"Day 7 of #66DaysofData:
The #Alteryx community is awesome. Posted a problem I was having in a discussion forum and got a solution 5 mins later. Finally getting somewhere with the preparation of a Premier League fixture dataset",0,2
1325831664920981504,970641039248703488,kohli_tripti,Mon Nov 09 16:04:36 +0000 2020,"Day 48: #66daysofdata
-Studied the ROC curve and also about Scipy.",0,3
1325829623976882178,1299734106587107329,SatwikShankar,Mon Nov 09 15:56:29 +0000 2020,"Days 63, 64 n 65 of #66daysofdata Completed the Kaggle Into to machine learning course",1,7
1325821878515032065,1313632170007642112,olivevaw,Mon Nov 09 15:25:43 +0000 2020,"D6 of #66daysofdata. Finished up lessons on dictionaries and started off on pandas, importing csvs and getting cozy with all them tabular data...",0,1
1325819367913779201,285723440,geekanvesh,Mon Nov 09 15:15:44 +0000 2020,Day 58 of #66daysofdata @KirkDBorne https://t.co/KDMYxGaKsT,0,7
1325803157318930434,134117592,SouzaMarvin,Mon Nov 09 14:11:19 +0000 2020,"Day 48-50 of #66daysofdata 

Also watched https://t.co/PBOlQ6v656

Helped in answering what project should I do next. Thank you @KenJee_DS",0,5
1325789315511840769,1276070101196795904,thinam_,Mon Nov 09 13:16:19 +0000 2020,"Day 66 of #66DaysOfData! with Ken Jee

Today I have read the Paper which is named as ""Finding Universal Grammatical Relations in Multilingual BERT"". Here, I have read about BERT, Cross Lingual Probing, Universal Grammatical Relations, Finer Grained Analys…https://t.co/YtXSF3acyL",0,4
1325752207963160578,1300541186864590848,trainandtest,Mon Nov 09 10:48:52 +0000 2020,"#QuestionOfTheDay is Node JS useful for Artificial intelligence, Machine Learning applications? 

#DataScience #Data #MachineLearning #ArtificialIntelligence #66daysofdata #100DaysOfMLCode #100DaysOfCode",18,10
1325750115924062209,3207971,koder,Mon Nov 09 10:40:33 +0000 2020,"Day 26 #100DaysOfCode 

More of pandas for Medical Data Visualizer project, melt function, plotting with seaborn ... #DataScience #python #66daysofdata https://t.co/o5rBoJeJ2f",9,6
1325744397279965185,711846986702573568,HugoBoia,Mon Nov 09 10:17:50 +0000 2020,"Day 66 of #66daysofdata
As I've focused a lot on learning new things and expanding my ""field of view"" on those 66 days, I thought it could be a good idea to finish this first round with the video from @KenJee_DS  about how to find projects to work on:
https://t.co/tz9ZKG1Ewt",0,14
1325741633334370306,1236288715640709126,pluralofdatum,Mon Nov 09 10:06:51 +0000 2020,Actually😂 I have already started with Python but sometimes I am kind of person which is really unfocused. My actually reason is #66daysofdata,0,1
1325716350979944448,1236288715640709126,pluralofdatum,Mon Nov 09 08:26:23 +0000 2020,"This is my first day of #66daysofdata. I decide to start with Python basics.
Courses
-DataCamp Introduction to Python and go on Intermediate Python
Additionally my track is Data Analyst with Python
-BTK Akademi (Tensorflow)
Books
-Learning Python by Mark Lutz
-Python Crash Course",0,2
1325711563454521345,1214799165500248066,ShivSivakumaran,Mon Nov 09 08:07:21 +0000 2020,"Day 92 of #100DaysOfCode. Day 48 of #66daysofdata.
Completed chapter 6 of Python for Data Analysis. Learnt about using Excel, API, and databases and turning this into pandas dataframes. Brief look into Chapter 3 of Hands on Machine Learning. #machinelearning #datascience #python",14,5
1325702722541252609,62014349,spencermoses,Mon Nov 09 07:32:14 +0000 2020,"Day 22 of #66DaysOfData:
Reading an interesting article about 'The Curse of Dimensionality 
#DataScience #MachineLearning https://t.co/KuMBi45ICa",0,1
1325660855556583424,2771098682,pigglymichele,Mon Nov 09 04:45:52 +0000 2020,"✅ DAY 19 of #66daysofdata 

✨ Worked on a SQL problem that required datediff, date add, and nested functions. I have a love hate relationship with nested functions.

✨also started watching a tableau video but my excel isn’t working and I need excel for tableau 😤",0,0
1325645658292965377,1062791913059872769,MarouaManal,Mon Nov 09 03:45:28 +0000 2020,"Days 60 -&gt; 66 of #66daysofdata! Even if I’m not sharing my progress as often as I used to, learning still has been a part of my daily routine. Spent the couple of last days studying cloud computing which was a whole new world to me!",0,16
1325641927824351233,45938414,KiInoue,Mon Nov 09 03:30:39 +0000 2020,Day22 of #66DaysOfData: found data for Seattle emergency response...attempting to work with spatial data. R,0,1
1325628943454543878,1299906732169162752,animesharma3,Mon Nov 09 02:39:03 +0000 2020,"Day 53 of #66daysofdata
Revised Decision Tree and Random Forest, learned about Cost Complexity Pruning, Regression Trees, a little bit about gradient boosting, GridSearchCV vs RandomSearchCV. Intermediate Python - Basic OOPs and decorators concept.",0,1
1325627308133273605,1301025989359788033,AMuktineni,Mon Nov 09 02:32:33 +0000 2020,"Day 66 of #66daysofdata
 
I am still exploring for new datasets for my new capstone. Can anyone suggest me some? Datasets for my previous capstones were picked and given by my mentor. Now he wants me to do the searching. Thought I could use the ds community's help. 😉 @KenJee_DS",0,14
1325609414594883584,1128457674977361920,ysfsklt,Mon Nov 09 01:21:27 +0000 2020,"D4-5 #66daysofdata
Took it easy this weekend, learnt about Control Chart and enrolled for statistics course for data science and analytics in coursera, did the first week material.",1,2
1325598610394902530,1301630535551381506,Tayiablytics,Mon Nov 09 00:38:31 +0000 2020,"Day 63 of #66daysofdata 
Today I decided to brush up on some basic excel especially formulae as it's been a while since I've property used it",0,1
1325585866320965632,1332613548,imkeller_5,Sun Nov 08 23:47:53 +0000 2020,Day 20 of #66daysofData! Today in kinda a slump because of university hand-ins. Got back to the lighter work of reading chapter 14 of the data-8 book.,0,1
1325585371254697987,1320782511748927489,NoahHorsleyDS,Sun Nov 08 23:45:55 +0000 2020,"An early visual from my global sensitivity analysis project.

Day 12 of #66daysofdata https://t.co/7RbrWF9OBT",0,1
1325583638172479488,4794068541,drjlburgess,Sun Nov 08 23:39:02 +0000 2020,"Day 35 of #66DaysofData
Started to have a go on the SQL database today. First thoughts are: the buttons are really small 🤣 I'm practically squinting to see what to click.  More tomorrow!

#GirlsWhoCode #WomenWhoCode #PythonBeginner #CodeNewbie",3,2
1325576814576726017,402646456,ToluwaniJohnson,Sun Nov 08 23:11:55 +0000 2020,"Days 62&amp;63 of #66DaysOfData

How Google Does Machine Learning

- Finding errors in your data using facets
- AI platform notebooks
- Computation &amp; storage
- Cloud shell

@KenJee_DS",3,5
1325575279348240384,1008778640,Alepipi78,Sun Nov 08 23:05:49 +0000 2020,"Day 63 of #66daysofdata 
It's time to review Backpropagation in DL 
https://t.co/lgZRwo0zwR",0,1
1325554066030792704,1300469935760650240,JennAckerman3,Sun Nov 08 21:41:31 +0000 2020,"Day 66 of #66daysofdata:

Finished up the last day just like I started the first day: by watching @KenJee_DS Youtube videos.  

I'm going to take time to work on my portfolio and take the #data from my first 66 days to see where I can create efficiencies.   Lets keep it going!",0,7
1325551360310435842,2527930848,joao96santos,Sun Nov 08 21:30:46 +0000 2020,"39.2 / #66DaysOfData
• 'Miner League' Team also Designed a Capacitated K-Means &amp; TSP Heuristic for Each Cluster + Rolling Horizon Planning for Vehicle Routing Problem Optimization; Expected a 10.8% Total Travelled Distance Reduction. 

Applied Algorithm to the Lisbon Region: https://t.co/aaUHYullZg",0,0
1325551355151474688,2527930848,joao96santos,Sun Nov 08 21:30:45 +0000 2020,"39.1 / #66DaysOfData

Completed 2020 Eurekathon - CHALLENGING DATA
FOR ZERO HUNGER
(Not Selected for the Top 6)

• 'Miner League' Team Applied Supervised and Unsupervised Learning Solutions to Improve Automation and Ensure Food Aid Prioritization for the Nacional Food Bank;",0,0
1325550185666195457,1300492664308146176,MarkusM99098101,Sun Nov 08 21:26:06 +0000 2020,"Day 65 and 66 of #66daysofdata: spend the last days on the https://t.co/VyKw9t1LNa DL course. In the coming days I will reflect on the past 66 days and go though my notes. 

Looking forward to a second round in the future!",0,8
1325541377237716997,22637324,pratiksha__,Sun Nov 08 20:51:06 +0000 2020,"Day 23 of #66DaysOfData with @KenJee_DS.
Tuned into Jose Marcial Portilla's stream &amp; looked at Covid data. Lots of emphasis on the importance of data cleaning &amp; I learned about folium. Never used this library before but it looks like it has a lot of really interesting use cases🤗",0,2
1325523899472179200,1270361837956141056,Mohammed_Azeem_,Sun Nov 08 19:41:39 +0000 2020,"Day 62 (8 Nov) #66DaysOfData with @KenJee_DS
-SQL: Revisied previous topics with practice test Datacamp
- Continued working witht he hackathon on MachineHack  https://t.co/Tot6dBEx7m
#MachineLearning #DataScience #ArtificialIntelligence",0,4
1325523602263822337,1270361837956141056,Mohammed_Azeem_,Sun Nov 08 19:40:28 +0000 2020,"Day 61 (7 Nov) #66DaysOfData with @KenJee_DS
-Tableau: Worked on a case study to build dashboard.
- Participating in a Hackathon on Machine Hack website
https://t.co/EerJtAStDD
#MachineLearning #DataScience #ArtificialIntelligence",1,4
1325522791043624963,1291114285507186690,jaimedatalatte,Sun Nov 08 19:37:15 +0000 2020,"D66. #66DaysofData 

Guys what a ride! Thank you all for helping me be consistent. I’ll see you all for a second round in January.",0,19
1325516000826044417,1280423665935384577,_Rishi_prakash,Sun Nov 08 19:10:16 +0000 2020,"Day 2 of #66daysofdata 
Still on basics of python, learned different functions and creating them",0,1
1325506097105416192,822280007502295041,_paulo_lopez_,Sun Nov 08 18:30:54 +0000 2020,"Day 66 of #66daysofdata 
Thank you everyone I met and that have posted helpful resources.  It was a good run.",0,51
1325468275933736962,1319794636915761152,kenwongkaien,Sun Nov 08 16:00:37 +0000 2020,"Day 15 of #66daysofdata:
I completed week 1 of ""Introduction to Trading, ML &amp; GCP"" on #Coursera. I'm happy with my progress😄",0,7
1325462872084803584,970641039248703488,kohli_tripti,Sun Nov 08 15:39:09 +0000 2020,"Day 47: #66daysofdata
Revisit Numpy library and Matplotlib.
https://t.co/WiNn8k2WxK",0,2
1325435005636644868,264448841,Studawsonstats,Sun Nov 08 13:48:25 +0000 2020,Doing some research around using @ThePSF to track multiple objects and then some python learning later this evening on day 14 of #66daysofdata,0,2
1325431752630935553,1300432246432768001,DaedalusDream,Sun Nov 08 13:35:29 +0000 2020,"and ... Day 67! I have finished the intro to ML from simplilearn. It was quick since I've learned already a lot so far but it was very good to brush up on the basics :)
#66daysofdata",0,5
1325427179912458240,19448058,paulapivat,Sun Nov 08 13:17:19 +0000 2020,"Day 63:

- couldn't stay away from #RStats  for too long
- worked on Datasaurus from TidyTuesday 
- great teaching resource

#66daysofdata #WorkinProgress https://t.co/bReOHgg55o",1,3
1325423002775920640,1276070101196795904,thinam_,Sun Nov 08 13:00:43 +0000 2020,"Day 65 of #66DaysOfData! with Ken Jee

In my journey of Natural Language Processing, Today I have read the Papers about Zero Shot Learning and Syntax Sensitive Dependencies in LSTM. I have read the Paper which is named as ""Zero Shot Learning Through Cross…https://t.co/orN6N9wbBG",0,1
1325421155843403777,285723440,geekanvesh,Sun Nov 08 12:53:23 +0000 2020,"Day 57 of #66daysofdata 
Started with my #winning #subscription on @superdatasci reviewing Soft Skills Handbook
https://t.co/5WGseqZKyY
Started with great #intro on Mathematics for Machine Learning by @DavidDye9 
#StillSoMuchToLearn",2,6
1325418361296097281,1309718985986899971,2020codechalle1,Sun Nov 08 12:42:17 +0000 2020,DAY18 Today， I learned Kaggle micro-course on Machine Learning and explain it to people who have no idea about tech. #66daysofdata  #DataScience #MachineLearning,0,1
1325416901057634304,3435986734,ImprovingSlowly,Sun Nov 08 12:36:28 +0000 2020,"@KenJee_DS so I've rounded off my #66daysofdata with a Hackathon. 

It was a lot of fun and honestly I want to code everything. Including my happiness",0,1
1325395782837686272,3207971,koder,Sun Nov 08 11:12:33 +0000 2020,"Day 24-25 #100DaysOfCode 

Working on third project in #DataAnalysis with #python FCC course, Medical data visualizer. 

Learning to use seaborn even though it was never mentioned in lessons, as far as I remember or did I skip something ... hmm ... #DataSceince #66daysofdata",8,14
1325388401751810048,711846986702573568,HugoBoia,Sun Nov 08 10:43:14 +0000 2020,"Days 64 and 65 of #66daysofdata
Completed Kaggle's Micro Course on Advanced SQL. https://t.co/1kxHkzAdnq",0,10
1325362307237507072,1214799165500248066,ShivSivakumaran,Sun Nov 08 08:59:32 +0000 2020,"Day 91 of #100DaysOfCode. Day 47 of #66daysofData.
Completed Chapter 2 of Hands On Machine Learning. One thing I learned - Machine learning is not easy...yet. Now, time to tackle Chapter 3 which looks at classification
#machinelearning #python #code #datascience #data",11,7
1325334966608171008,2408550806,parthrajauria,Sun Nov 08 07:10:54 +0000 2020,"Day 66 of #66daysofdata!
Worked on the MoA Kaggle competition. I learned a lot about Data Science and Computer science during these 66 days. Thank you @KenJee_DS for starting the #66daysofdata challenge. Looking forward to another challenge. Cheers!",0,2
1325310878854635521,1291114285507186690,jaimedatalatte,Sun Nov 08 05:35:11 +0000 2020,"D65. #66DaysofData 

Today i learned some heavy statistics concepts for dimension reduction and realize i won’t be able to complete my data course tomorrow ☹️

BUT I realized i received my first medal in kaggle and i really can’t be more happy and grateful with the voters 🙏 https://t.co/jWTDH9s2Fg",0,14
1325305543657811969,360668611,daniellabrito26,Sun Nov 08 05:13:59 +0000 2020,"Day 22 - Back at it . Working on A/B testing , understanding hypothesis testing in depth . 
🔹 z test and t-test using their tables 
🔹inferential part - critical value method and p-value method to test a given hypothesis. 
🔷False positive and negative concept. #66daysofdata",0,3
1325301823448649728,19448058,paulapivat,Sun Nov 08 04:59:12 +0000 2020,"Day 62 cont: 

- slight change to title: Supplementing Lists with DataFrames https://t.co/9cupRHoQpH

#66daysofdata #workinprogress",0,2
1325298113851043840,2771098682,pigglymichele,Sun Nov 08 04:44:27 +0000 2020,"✅ DAY 18 of #66daysofdata 

✨ worked on two challenges today that involved isnull, wild cards (%) with LIKE, length and left

😵 Doing these make me realize I’m sucha newbie because I take forever writing that one query 

#SQL #DataScience #data",0,2
1325288243202551809,1320782511748927489,NoahHorsleyDS,Sun Nov 08 04:05:14 +0000 2020,"Using my new LHS knowledge to build a global sensitivity analysis.  Made good progress today.

Day 11 of #66daysofdata",0,3
1325281300631048192,735315096679919617,bjcmit1,Sun Nov 08 03:37:39 +0000 2020,"Day 67/68 of #66DaysOfData Spent 10 minutes reading Chapter 10 of ""The DevOps Handbook"" with an eye towards MLOps. @KenJee_DS",0,3
1325268774682062851,1008778640,Alepipi78,Sun Nov 08 02:47:52 +0000 2020,"Day 62 of #66daysofdata 
 A fun article that also helps to review statistics knowledge:
 https://t.co/uwYVrOD2SX",0,3
1325227697409314819,4794068541,drjlburgess,Sun Nov 08 00:04:39 +0000 2020,"Day 34 of #66DaysofData
Persistent headache from too much screen time so did some linear algebra problems today. Anyone else have a limit on the amount of time they can do maths? I start making silly mistakes after an hour

#GirlsWhoCode #WomenWhoCode #PythonBeginner #CodeNewbie",4,8
1325217178635919360,1301630535551381506,Tayiablytics,Sat Nov 07 23:22:51 +0000 2020,"Days 61 &amp; 62 of #66daysofdata

Forgot to tweet on day 61 and also had to take a day off 😓
Spent these two days reading chapter 2 of Hands on Machine Learning 😊",0,2
1325189050224025602,22637324,pratiksha__,Sat Nov 07 21:31:05 +0000 2020,"Day 22 of #66DaysOfData
Participated in a workshop of building ASOS recommendation models with Tensorflow. It was really interesting to learn about a simplified recommendation model ASOS use and a deep-dive in Tensorflow, keras and docker. Need to review the notebook again soon.",0,4
1325181294783836163,1214799165500248066,ShivSivakumaran,Sat Nov 07 21:00:16 +0000 2020,"Make your thesis into a wordcloud. Link below.

https://t.co/fmItnQWtUZ

#100DaysofCode #66daysofData #python #wordcloud #spaCy #NLP #matplotlib",15,11
1325167924668108800,822280007502295041,_paulo_lopez_,Sat Nov 07 20:07:08 +0000 2020,"Day 65 of #66daysofdata 
Read an article on artificial intelligence and how it can possible help transform higher education.
https://t.co/PVFgz3uliZ",0,14
1325158582120189952,1280423665935384577,_Rishi_prakash,Sat Nov 07 19:30:00 +0000 2020,"Day 1 of #66daysofdata
Started with basics of python, just a refresher",0,2
1325148367698063362,1302704071837704197,KOrfanakis,Sat Nov 07 18:49:25 +0000 2020,"Day 58 of #66daysofdata 
I polished my code (added comments and markdown cells), fixed a few mistakes (the most important being data leakage!) and slightly improved my models. https://t.co/a9mAoEHJUF",1,22
1325133313598763008,4790572463,SalsaLeader,Sat Nov 07 17:49:36 +0000 2020,Day 70: matrix for linear regression  #66daysofdata,0,1
1325131340476379137,19448058,paulapivat,Sat Nov 07 17:41:45 +0000 2020,"Day 62:

✍️ about Supplementing for-loops with data frames in 🐍 
https://t.co/vjrJ27wbK1
- found a great thread on using Python to read JSON https://t.co/pQZOElafpi

#66daysofdata",0,3
1325120291157127169,45938414,KiInoue,Sat Nov 07 16:57:51 +0000 2020,"Day21 of #66DaysOfData: exploring the package RevoScaleR (and installing Microsoft R Client), which helps to escape R's traditional memory limits.",0,3
1325118090598879233,264448841,Studawsonstats,Sat Nov 07 16:49:06 +0000 2020,Trying to do facial identification using @ThePSF on day 13 of #66daysofdata,0,3
1325113040052776960,918457171121119233,shivamnegi404,Sat Nov 07 16:29:02 +0000 2020,"Day 20 | #66daysofdata

- Explored Loss Functions in NN.
- Explored Image Scraper.
- Started Deep Learning Specialization | Coursera.

Key Takeaways :
- MSE, MAE, Huner Loss, Binary /Multiclass Cross Entropy.
- Selenium, Debugging.",1,9
1325103131177349120,970641039248703488,kohli_tripti,Sat Nov 07 15:49:40 +0000 2020,"Day 46: #66daysofdata 
I continued on learning Pandas how to:-
-use indexing (iloc,loc)
-manipulating the index
-conditional selection
-map(), apply ()",0,6
1325098156472856577,1332613548,imkeller_5,Sat Nov 07 15:29:54 +0000 2020,Day 19 of #66daysofData! I made the Gaussian filter display working in a filter and put everything into proper functions. Also put it into a better visible notebook. Next Step is to make a real field dominance with the help of the #FoT Pitch control resources.,0,4
1325092776925523968,1319794636915761152,kenwongkaien,Sat Nov 07 15:08:31 +0000 2020,"Day 14 of #66daysofdata:
I faced difficulties while applying ML knowledge to algorithmic trading.

So, I enrolled in a new course on @coursera: Introduction to Trading, ML &amp; GCP. I hope it helps. https://t.co/6bicdQ4lgj",0,8
1325071095804776448,1243908659609866242,GargPy,Sat Nov 07 13:42:22 +0000 2020,"Day 62-65 of #66daysofdata challenge has come to final end on my 65th day today.
I have practised SQL and Python questions about on #stratascratch  and it is great platform for practicing for both SQL and Python questions for Data Science interview.
https://t.co/yARnRT0I9E",0,8
1325062567019106304,1276070101196795904,thinam_,Sat Nov 07 13:08:29 +0000 2020,"Day 64 of #66DaysOfData! with Ken Jee

In my journey of Natural Language Processing, Today I have read the Papers about Long Short Term Memory and Stanford CoreNLP Toolkit. I have read the Paper which is named as ""Improved Semantic Representations From Tr…https://t.co/Wc33yukggN",0,5
1325060709533667330,1303725429132464128,rampand25356222,Sat Nov 07 13:01:06 +0000 2020,"Day 49,50 of #66daysofdata Working on the credit card fraud. Seems like LR outperforms SVM and XGboost in this particular case, but with relevant feature transformations and selections. I observed, rather than using undersampling/oversampling, the combination of both works better",0,7
1325020796809482240,285723440,geekanvesh,Sat Nov 07 10:22:30 +0000 2020,"Day 56 of #66daysofdata  
Watched various techniques to come up with great days science project for #SHOWCASE
Thanks for the insights @KenJee_DS https://t.co/nZJxGYbzQE",0,7
1325013488327036928,1214799165500248066,ShivSivakumaran,Sat Nov 07 09:53:27 +0000 2020,"Day 90 of #100DaysOfCode and Day 46 of #66daysofdata.
Completed a blog post due to come out in a few hours in a project I have done.
Also, working on djangogirls blog project tutorial.
#python #django  @djangoproject #machinelearning #projectbasedlearning #datascience #code",10,15
1325011409747505152,1300492664308146176,MarkusM99098101,Sat Nov 07 09:45:12 +0000 2020,"Day 63 and 64 of #66daysofdata: collected tweets for my project with tweepy. Started chapter 4 of fastbook from the https://t.co/VyKw9t1LNa course. Implemented a base classifier for number detection from the MNIST dataset based on pixel similarity, got an accuracy of over 90%.",0,9
1325000262717730816,1301025989359788033,AMuktineni,Sat Nov 07 09:00:54 +0000 2020,I will spend my 66th day exploring various data sets for my new project which I will begin to work on during the 2nd cycle of #66daysofdata (2.0)..,0,10
1325000260842827777,1301025989359788033,AMuktineni,Sat Nov 07 09:00:54 +0000 2020,"Days 62 - 65 of #66daysofdata

Improved my models and completed documenting a project report with my recommendations for predicting the ticket price of Big Mountain Resort and reducing their operational costs to increase profitability. @KenJee_DS

https://t.co/SqnlHCqZML",0,13
1324982946743218177,1300541186864590848,trainandtest,Sat Nov 07 07:52:06 +0000 2020,"#DailyRead Support Vector Machines Explained!

Source : @Medium 

#DataScience #Data #MachineLearning #66daysofdata #100DaysOfCode #100DaysOfMLCode 

https://t.co/2ZVvTVUvZq",4,7
1324954267543764995,26636853,xtinachen,Sat Nov 07 05:58:08 +0000 2020,"#66daysofdata
day 6️⃣6️⃣‼️
• can't believe it's the end of @KenJee_DS's 66 Days of Data challenge! It's been a challenging 2+ months working on data related projects everyday, but also a fulfilling and eye-opening time📊🥳
• what's next?! Another 66 days? #100daysofcodechallenge?",0,10
1324953272579477506,1320782511748927489,NoahHorsleyDS,Sat Nov 07 05:54:11 +0000 2020,"Long story short, LHS isn't too bad if you don't overthink it. Pretty useful for simulations with multiple parameters!

Day 10 of #66daysofdata https://t.co/NWTn9QxktK",0,3
1324951522841485312,26636853,xtinachen,Sat Nov 07 05:47:14 +0000 2020,"#66daysofdata
day 5⃣8️⃣ - 6️⃣5️⃣
• a week focused on projects for school
°° new data eng project in the works involving a game via flask
°° discussed eigenvalue/eigenvectors in ML
• and a week spent refreshing election results 🥵",0,4
1324951141440876544,1262564081699086341,ImportData1,Sat Nov 07 05:45:43 +0000 2020,"Made it through my first round of #66daysofdata !!

Shout out to @KenJee_DS for starting this journey

Read pg.225-233 of ESL
- Optimism of the Training Error Rate
- The Effective Number of Parameters

https://t.co/lQAlZd4e66

#DataScience #Statistics #MachineLearning #ImportData",3,9
1324948366309142528,1290013787819593735,math3mantic_,Sat Nov 07 05:34:41 +0000 2020,Day 65 &amp; 66 of #66daysofdata:  I just realized I forgot to give an update on my progress yesterday. Pretty much the rest of this month I will be finishing up with the Tensorflow Developer Certificate Specialization @coursera upon which I will take the Tensorflow Certificate exam.,0,2
1324933280932777990,2771098682,pigglymichele,Sat Nov 07 04:34:44 +0000 2020,"✅ DAY 17 of #66daysofdata 

✨ Worked on two sql challenges that combined the knowledge I learned like using Union,joins, isnull, case all in a single query.",0,2
1324922807315296258,1008778640,Alepipi78,Sat Nov 07 03:53:07 +0000 2020,"Day 61 of #66daysofdata 
Read this article: 
https://t.co/10l7wC1mYR",0,4
1324922754135695360,57376896,robertlazo,Sat Nov 07 03:52:55 +0000 2020,Day #67 of #66DaysOfData.  Continued project work.,0,4
1324922298130853888,45938414,KiInoue,Sat Nov 07 03:51:06 +0000 2020,"Day20 of #66DaysOfData: tried refactoring some code to use magrittr, then it wouldn't run. R",0,3
1324908520718790656,2562318241,NeemaMV,Sat Nov 07 02:56:21 +0000 2020,"I was about to clock the following days even after 66days challenge. And I knew learning data science has become my habit. I will continue to learn and thank you @KenJee_DS and everyone in this group for wonderful support.
#66daysofdata #DataScience #learning",2,9
1324903796712103938,1128457674977361920,ysfsklt,Sat Nov 07 02:37:35 +0000 2020,"D3 #66daysofdata 
Learn some more about SQL, CASE, DISTINCT, HAVING, GROUP BY and aggragate functions. Will continue tomorrow with joins tomorrow.
Also, learn to use regression to tackle business problems. As this is work related, will learn more statistics when encounter them.",0,2
1324896257702162434,211289215,IamTonyAK,Sat Nov 07 02:07:37 +0000 2020,#66DaysOfData day 56: Finished cleaning &amp; transforming dataset with power query. Now to start the analysis!,0,2
1324893884682473474,321527057,gmj_ds,Sat Nov 07 01:58:12 +0000 2020,I’d just like to add that I found the #66daysofdata movement to be a fun endeavor and am glad I decided to participate.  Accountability is a great motivational tool!  Thanks to @KenJee_DS for leading the data science learning charge!,0,6
1324893039681277958,321527057,gmj_ds,Sat Nov 07 01:54:50 +0000 2020,"Day 66 of #66daysofdata - Today I experimented with python’s geocoder package which allows you to access geospatial data from google.  I found it to be quite handy and effective for accessing location information.

https://t.co/KMDQMKb5W2",2,11
1324888141401116674,1251498658907987968,madeline_pc,Sat Nov 07 01:35:22 +0000 2020,"So np.where doesn't like NaN. That's good to know after 2ish hours. 

😞

Working on feature engineering. The good news is I know what I'm trying to do. Takes a bit to get it there. 

#Python 
#100DaysOfCode (I don't even know what day I'm on)
#66DaysOfData",7,21
1324887955635204096,1169401020989890560,gregorymbell,Sat Nov 07 01:34:38 +0000 2020,"Day 62 of #66daysofdata

Very helpful video by @KenJee_DS on an issue I've been struggling with (finding a data science project). 

https://t.co/OuQvvd3Nwq",0,6
1324879829397884928,1332613548,imkeller_5,Sat Nov 07 01:02:21 +0000 2020,Day 18 of #66daysofData! I had a @PySportOrg about a Serializer for the Skillcorner data in Kloppy. Learned a lot about Kloppy and Serializers! Took in fresh air and schoolwork after.,0,4
1324869964407349253,1300521724274974723,antgobar,Sat Nov 07 00:23:09 +0000 2020,"Day 66 of #66daysofdata Last day! So glad I got started on this @KenJee_DS! A true habbit now!
To finish off in style I analysed my twitter #Analytics 😅 more ""#"" != more engagement, but including media can help a bit. #Tensorflow is a good ""#' for engagement #Statistics isn't😂 https://t.co/3qlqLBm0Ar",1,9
1324858292938674177,4790572463,SalsaLeader,Fri Nov 06 23:36:46 +0000 2020,Days 68 &amp; 69: linear algebra and cox regression using R #66daysofdata,1,3
1324857815744319488,1300432246432768001,DaedalusDream,Fri Nov 06 23:34:52 +0000 2020,"day 65 and ... 66!: To end the final days of #66daysofdata I've decided to enroll on simplilearn courses to get a whole bunch of certifications at the end. Started the courses yesterday, hence why I got away for a while ;)",0,6
1324851166702936066,1291114285507186690,jaimedatalatte,Fri Nov 06 23:08:27 +0000 2020,"D64. #66daysofdata

Can't say i'm very proud of this notebook but we learn from everything! It was kind of overwhelming having to deal with so many dimensions. There's still lots to learn.

https://t.co/wELCBnfatB",0,12
1324848669154160641,1234896090903695361,miad_chakder,Fri Nov 06 22:58:31 +0000 2020,"Thanks for following me!! @hichamsouilmi @GC54Prod @Aquent 

Anyone looking for a virtual assistant for #dataentry #datamining b2b lead generation #webresearch &amp; admin support services? Via 
@fiverr

#DataMining #bigdata #BigDataAnalytics #copypaste
#DataScience #66DaysOfData https://t.co/MkMC0ThGv9",0,2
1324837611496742912,951871594376376320,JackRaifer,Fri Nov 06 22:14:35 +0000 2020,"Day 64 of #66DaysOfData with @KenJee_DS 

Approaching the end of the challenge, and what better way to finish it than discovering the amazing architecture of Transformers. ELMo, GPT, BERT and T5. An epic final step for an epic journey. https://t.co/5pMHzhITxg",0,15
1324811793093591045,402646456,ToluwaniJohnson,Fri Nov 06 20:31:59 +0000 2020,"Days 60 &amp; 61 of #66DaysOfData

How Google Does Machine Learning

- Machine Learning &amp; Human Bias
- Statistical Measurements &amp; Acceptable Tradeoffs
- Equality of Opportunity
- Simulating Decision

@KenJee_DS",0,6
1324806584908845067,1293201010840797184,r7asmu7s_en,Fri Nov 06 20:11:18 +0000 2020,"Day 32 of #66daysofdata:
My brain is making weird noises that I've only heard when cats hit by a lawn mower make.
Today, I was struggling to create my own dataset with web scrapping and using api. Also made good progress with plotly.
This hobby has turned into an obsession 🤦🏻‍♂️.",0,4
1324795510407004162,1302704071837704197,KOrfanakis,Fri Nov 06 19:27:17 +0000 2020,"Days 51-57 of #66daysofdata 🏡💰
I haven't tweeted, but I have been active this week:
- Finished EDA,
- (almost) completed preprocessing (feature selection, imputing missing values, etc)
- Trained and evaluated my first models (mostly variations of gradient boosting)
#DataScience https://t.co/w8XOMCokSJ",4,28
1324793554598842369,4794068541,drjlburgess,Fri Nov 06 19:19:31 +0000 2020,"Day 33 of #66DaysofData
Due to a REALLY distracting day (for a couple of reasons!) I did only the required 5 minutes 😃 More intro to databases!

#GirlsWhoCode #WomenWhoCode #PythonBeginner #CodeNewbie",2,6
1324780669155778561,1270361837956141056,Mohammed_Azeem_,Fri Nov 06 18:28:19 +0000 2020,"Day 60 (6 Nov) #66DaysOfData with @KenJee_DS
https://t.co/3YUjUghEiK
Tableau Dashboard practice: https://t.co/xdgUOVrVK5",0,7
1324780610393530368,1270361837956141056,Mohammed_Azeem_,Fri Nov 06 18:28:05 +0000 2020,"Day 59 (5 Nov) #66DaysOfData with @KenJee_DS
SQL: Left Join, Right Join, Full Join
https://t.co/Tot6dBEx7m
#MachineLearning #DataScience #ArtificialIntelligence",0,5
1324774974276702209,1164170904701734912,dumitruxx,Fri Nov 06 18:05:41 +0000 2020,"Day 66 of #66DaysOfData! 

I will end this #DataScience journey the same way it started... with a @KenJee_DS video!

Thank you all for the support and it has been much more pleasant to go through it with you #66DaysOfData mates.",2,34
1324773397058908160,822280007502295041,_paulo_lopez_,Fri Nov 06 17:59:25 +0000 2020,"Day 64 of #66daysofdata 
Just watched the new video of @KenJee_DS https://t.co/vNWg6YZmMp",0,22
1324757213165084674,19448058,paulapivat,Fri Nov 06 16:55:07 +0000 2020,"Day 61:

✍️ Wrote about making sense of matplotlib https://t.co/Kq93SNirRq
- revisit code from Collections &amp; Comprehensions https://t.co/cxPaKBxIC5
- create 📓 to convert lists to dataframes https://t.co/4z7VN8JOgw

#66daysofdata",0,6
1324752906491494401,134117592,SouzaMarvin,Fri Nov 06 16:38:00 +0000 2020,"Day 44-47 of #66daysofdata 

Finished Chp2 of Hands on ML. Will start Chp 3 tomorrow.",0,7
1324750664887619590,2408550806,parthrajauria,Fri Nov 06 16:29:05 +0000 2020,"Day 65 of #66daysofdata!
Started working on Computer Vision course offered by Kaggle. @KenJee_DS",0,6
1324748161902993408,970641039248703488,kohli_tripti,Fri Nov 06 16:19:09 +0000 2020,"Day 45 : #66daysofdata 
Wasn't able to tweet from the past few days been busy with my office work but from today I have started Kaggle Pandas course to revise the concepts.",0,8
1324740653444521988,1299734106587107329,SatwikShankar,Fri Nov 06 15:49:18 +0000 2020,Day 62 of #66daysofdata Switching to Kaggle micro-course on Into to Machine Learning,1,10
1324730415861567490,285723440,geekanvesh,Fri Nov 06 15:08:38 +0000 2020,"Day 55 of #66daysofdata 
Got an overview on Stratified Sampling and Nonresponse Bias
Visualized #statistical concepts on https://t.co/ABkoNCcwaT @SeeingTheory",0,7
1324729917800546305,1313632170007642112,olivevaw,Fri Nov 06 15:06:39 +0000 2020,D5 of #66daysofdata. A light coupla of days where I interspersed some python practice with elements of ai modules,0,4
1324729175379501057,264448841,Studawsonstats,Fri Nov 06 15:03:42 +0000 2020,More  @ThePSF learning on day 13 of #66daysofdata,0,4
1324727177602985985,1319794636915761152,kenwongkaien,Fri Nov 06 14:55:46 +0000 2020,"Day 13 of #66daysofdata:
Still working with order book data: NASDAQ ITCH. I learned many python libraries today. 

Yes, I can do this. https://t.co/LXxfIUrPTz",0,11
1324725857513070597,1017584707,liamskop1,Fri Nov 06 14:50:31 +0000 2020,"Day 6 of #66DaysOfData:
Figured out how to get data directly from rapidApi into #Alteryx. Only issue is transforming the download data from JSON to a table in Alteryx. Anyone dealt with this issue before?",0,6
1324702122336608256,1098149982,rozanshr07,Fri Nov 06 13:16:12 +0000 2020,"I don't know what is this yet but looks beautiful!!
Working with splines!!
#66DaysOfData
#statistical_rethining https://t.co/g0hJhCuO6I",0,4
1324687143495753730,1276070101196795904,thinam_,Fri Nov 06 12:16:41 +0000 2020,"Day 63 of #66DaysOfData! with Ken Jee

In my journey of Natural Language Processing, Today I have read the Papers about Stanza: NLP Toolkit and Transfer Learning to study Linguistic Structure. I have read the Paper which is named as ""Stanza: A Python Natu…https://t.co/VjwRqWz8mB",1,4
1324685313424433152,1278935871446822913,tejasmayyar,Fri Nov 06 12:09:24 +0000 2020,"Finally completed my experiment of comparing 4 #CNN models and observing their performance metrics. I used the African Wildlife image-set from #Kaggle and wrote about all my findings. Check it out!
#66daysofdata #100daysofcode #NeuralNetworks #Keras

https://t.co/MA3C9NwGmL https://t.co/HZ8shSusEM",1,4
1324684219696689154,1108597836755755009,maisdev,Fri Nov 06 12:05:04 +0000 2020,@ashleybee94 @KenJee_DS Restarting the challenge is in my mind too. Maybe I need to clear somethings first however #66daysofdata  good luck to all.,0,4
1324673143332483073,1300541186864590848,trainandtest,Fri Nov 06 11:21:03 +0000 2020,"#DailyRead Computer Vision for Beginners! 

Source : @Medium 

#Data #DataScience #MachineLearning #66daysofdata #100DaysOfCode #100DaysOfMLCode #ComputerVision 

https://t.co/ki2TzyKmwH",4,6
1324667184845639683,711846986702573568,HugoBoia,Fri Nov 06 10:57:22 +0000 2020,"Day 63 of #66daysofdata
-Kept going on Kaggle's Micro Course on Advanced SQL.
-After a recommendation of @thedataprof, started reading Build a Career in Data Science book.",1,14
1324612521387589633,1291114285507186690,jaimedatalatte,Fri Nov 06 07:20:09 +0000 2020,"D63. #66DaysofData 

Panicking. 3 days for the journey to end and i haven’t got any certificate 😬

Gonna do a mega sprint to finish this at day 66 https://t.co/0JqJsKSpTk",0,22
1324595313584209920,1253326201352974337,MythBus51085985,Fri Nov 06 06:11:47 +0000 2020,"reading articles etc. I think, this is why I have been with machine learning for so long. I still have got so much to complete. But this has been a wonderful journey. At the start of this challenge, I bought myself a 200 page book, I have used half of my book. #66daysofdata https://t.co/n7D74ZPmML",0,4
1324581634687971328,1262564081699086341,ImportData1,Fri Nov 06 05:17:25 +0000 2020,"📅Day 65 of #66daysofdata

#PythonThursday

Worked on the ""Handling Missing Values"" exercise on #kaggle

https://t.co/lGdsq7lB3Q

#Python #DataScience #MachineLearning #Data #Analytics  #DataAnalytics #ImportData",2,3
1324577394343239682,2771098682,pigglymichele,Fri Nov 06 05:00:34 +0000 2020,"✅ DAY 16 of #66daysofdata 

🥳 I finally finished my sql course on udemy today. Finished up learning the aggregate functions with the HAVING function.",0,3
1324576679449284610,1247769181002403841,ahanawrites,Fri Nov 06 04:57:44 +0000 2020,"Day 66 of #66daysofdata: And that’s a wrap! No snippets today, just want to say that it has been an incredible journey in “learning how to learn”. Thanks @KenJee_DS and other fellow passengers on this journey, and here’s wishing everyone the very best for the road ahead!",1,20
1324569285285408768,375194054,ashleybee94,Fri Nov 06 04:28:21 +0000 2020,#66DaysofData Day 66! Today I went through all of my progress from the last two months. Im blown away at how much I have improved with data science &amp; all the amazing friends Ive gotten to know through this fun community (thank you @KenJee_DS!) Ready for another 66days next month! https://t.co/lsWZ8lgSMO,2,54
1324567018570305536,1300541186864590848,trainandtest,Fri Nov 06 04:19:21 +0000 2020,"#QuestionOfTheDay What are some of the time series anomaly detection methods? 

#Data #DataScience #MachineLearning #Python #TimeSeries #66daysofdata #100DaysOfCode #100DaysOfMLCode",12,7
1324564686407307265,45938414,KiInoue,Fri Nov 06 04:10:05 +0000 2020,Day19 of #66DaysOfData: got my first R shiny app to work. Simple data set with Brent Crude oil prices.,0,4
1324554327428530176,735315096679919617,bjcmit1,Fri Nov 06 03:28:55 +0000 2020,"Day 66 of #66DaysOfData Wrote notes on Chapter 9 of ""The DevOps Handbook"" with an eye towards MLOps. 
@KenJee_DS",0,6
1324539323253956609,4790572463,SalsaLeader,Fri Nov 06 02:29:18 +0000 2020,Day 67: Survival analysis with R #66DaysOfData,0,4
1324536398293204998,1320782511748927489,NoahHorsleyDS,Fri Nov 06 02:17:40 +0000 2020,"I learned about Latin Hypercube Sampling today. I've got some work to do before implementing this method in a simulation.

Day 9 of #66daysofdata 
https://t.co/T67LfAUYtZ",0,4
1324535778878345216,1251498658907987968,madeline_pc,Fri Nov 06 02:15:13 +0000 2020,"Drinking out of a mug as large as my face!

Started to work on the @kaggle Titanic survival predictions competition. There are notebooks in case I get stuck, but gonna try my own thing first. 

#66DaysOfData 
(Today is the last day, technically, but I'm a bunch behind) https://t.co/g1wftmqjXj",1,8
1324527414568013824,1300017281666363394,mrvsokolovsky,Fri Nov 06 01:41:58 +0000 2020,Day 66 of #66DaysOfData by @KenJee_DS. The last day of the challenge. Congratulations to everyone who did it all the way through. Today I watched some lectures on Deep learning by @lexfridman. Those are great lectures btw. I will definitely watch the rest of them.,2,11
1324527074892222464,951871594376376320,JackRaifer,Fri Nov 06 01:40:37 +0000 2020,"Day 63 of #66DaysOfData with @KenJee_DS 

LSTM's, GRU's, Siamese Networks. Sequence models for NLP.
My mind running through possible applications of these models for people analytics. https://t.co/6RivO9O2HT",0,12
1324526320190042112,211289215,IamTonyAK,Fri Nov 06 01:37:37 +0000 2020,"#66DaysOfData day 55: Got swamped yesterday with another deadline, didn't work on anything analytics related, so repeating day 55. Designed what the end product dashboard will look like then continued cleaning &amp; transforming data with power query.",0,3
1324514331451482118,822280007502295041,_paulo_lopez_,Fri Nov 06 00:49:59 +0000 2020,"Day 63 of #66daysofdata 
🔹️Watched a quick video of https://t.co/Cg3pKjtCnU",0,12
1324503449791324160,1300521724274974723,antgobar,Fri Nov 06 00:06:45 +0000 2020,"Day 65 of #66daysofdata - getting back to the #udemy #DataScience to finish it. On the final section which focuses heavily on #TensorFlow 1.x, which is lowe level than TF2.x Should help me with version issues I've been having on my kaggle notebook...",3,6
1324501813966622722,2527930848,joao96santos,Fri Nov 06 00:00:15 +0000 2020,"38 / #66DaysOfData
• Approaching (Almost) Any Machine Learning Problem by @abhi1thakur - Arranging ML Projects

Project Folder Structure; config; shell script; dispatcher; Good Quality Code;
MNIST example",0,5
1324492041699643392,57376896,robertlazo,Thu Nov 05 23:21:25 +0000 2020,"Day #66 of #66DaysOfData.   Started exploratory analysis project: How do NYC film permits compare over time by category and borough locations? 

Made to 66 days! Looking forward to keeping up my data science study habit.",2,8
1324484485384200193,2225243816,risser_l,Thu Nov 05 22:51:23 +0000 2020,"Day 66 #66daysofdata
-  I continued my work on my Strava Project.
- I explored other alternative for my AWS project, maybe I should be using Cloudformation?",0,4
1324473109924192258,1299751299433496576,lukaszschab,Thu Nov 05 22:06:11 +0000 2020,Day 66: I have read 7 Must-Haves in your Data Science CV https://t.co/Y9kcPeY8fl #66daysofdata #datascience 😀 https://t.co/js43UYjzqj,0,8
1324470052473753605,22637324,pratiksha__,Thu Nov 05 21:54:02 +0000 2020,"Day 21 of #66DaysOfData
Continued with Logistic Regression section on Udemy, did an exercise and learnt about the Logistic Regression summary table. Earlier today listened to a @DataScienceFest panel talk, really interesting hearing from the panelists incl. ASOS and Royal Mail 🤗",0,4
1324465567378624512,4794068541,drjlburgess,Thu Nov 05 21:36:13 +0000 2020,"Day 32 of #66DaysofData
Introduction to databases and SQL 😃

#GirlsWhoCode #WomenWhoCode #PythonBeginner #CodeNewbie",6,14
1324462980881293313,287494361,HakeemAmir,Thu Nov 05 21:25:56 +0000 2020,"@KenJee_DS Day 66 of #66daysofdata! 

Linear Regression

The final day is upon us? Or is this just the beginning?",0,5
1324462630006829057,2149586883,vperez2000,Thu Nov 05 21:24:32 +0000 2020,"#Day66 of #66daysofdata by @KenJee_DS
Wrapping up! 🥳😃
66 days watching this paper as a little reminder, love it the idea and the intention, I call it a birthday gift (the tweet came on my birthday🎁 ) and the📋reminder helped me to keep up the challenge day, by day. https://t.co/Pl5ITvOI0N",0,4
1324459154841522179,1128457674977361920,ysfsklt,Thu Nov 05 21:10:44 +0000 2020,"D2 of #66daysofdata

Revise my study plan, decided to focus on skills for data analyst role first.
Today learnt about basic of SQL, SELECT, FROM, WHERE, ORDER BY, LIMIT, comparation and logical operators. Will continue with more intermediate stuff tomorrow.",0,2
1324446448575012865,1039882181106126848,_stan_leigh,Thu Nov 05 20:20:15 +0000 2020,Day 66: Final day!😁. I was introduced to Online learning and Map reduce which helps a ton when working with large datasets. Hopefully I've developed a good learning habit after this challenge🙃. #66daysofdata,0,3
1324438983900684289,2148453230,isparam_teraiya,Thu Nov 05 19:50:35 +0000 2020,"It was really exciting journey of #66daysofdata, although I have missed many days but there was something which always reminded me for entire day to learn something. 
@KenJee_DS",0,8
1324436013549154304,1291489501844393984,_dominiquejames,Thu Nov 05 19:38:47 +0000 2020,"The Big 66 for #66daysofdata 

SQL stuff today and forward in 2020.

Time flies.
Great job everyone. 

Be sure to keep up with all things @KenJee_DS as I’m sure he’ll continue to throw some great ideas out into the world.

Much love. Stay consistent.

🤙🔥🤘",0,3
1324434227710976001,1234896090903695361,miad_chakder,Thu Nov 05 19:31:41 +0000 2020,"😊Anyone looking for a virtual assistant for #dataentry #datamining b2b lead generation #webresearch &amp; admin support services? Via @fiverr

#DataEntry #DataMining #bigdata #BigDataAnalytics #copypaste
#DataScience #66DaysOfData https://t.co/GG8Um9D08Z",3,5
1324428583096508417,1164170904701734912,dumitruxx,Thu Nov 05 19:09:15 +0000 2020,"Day 65 of #66DaysOfData! 

I've completed the Feature Engineering course on Kaggle! https://t.co/9jmdeFknn2 

#MachineLearning #DataScience #AI #dataprocessing #featureengineering",0,11
1324419796230938630,264448841,Studawsonstats,Thu Nov 05 18:34:20 +0000 2020,I continue my @ThePSF learning on day 12 of #66daysofdata,0,2
1324418112054198272,1299934585208229888,sahilnishad_,Thu Nov 05 18:27:39 +0000 2020,"🗓️Day 66 of #66daysofdata with @KenJee_DS

Can't believe how quickly we got here, guess time flies when u r having fun. Great job everyone in keeping themselves &amp; other accountable.🤗

-What's next? 

[tweet contd.]",0,5
1324417901483364352,1059790562587492357,AvinShah_,Thu Nov 05 18:26:48 +0000 2020,"Day 66 of #66daysofdata  with @KenJee_DS 

Watching https://t.co/RKoeKpMcYX",0,8
1324414867625938945,321527057,gmj_ds,Thu Nov 05 18:14:45 +0000 2020,"Days 64 and 65 of #66daysofdata - After the election day distraction, I have turned my focus back to the deep learning courses on https://t.co/DdyRWoiIkF.  Cannot believe that the last day of this initiative is tomorrow.  Time flies when you are immersed in data science!",1,7
1324413632420044800,3166624005,GangadharBhuvan,Thu Nov 05 18:09:51 +0000 2020,"Day 207 - 208 😅
Continuing with @LeetCode solving daily challenge #November

Day 65 - 66 #66daysofdata finally made it to end 66 days of Data
#November5th
Reading many blogs on @Medium.
@KenJee_DS waiting for version 2.0 in January

#100DaysOfCode #100DaysOfMLCode #365DaysOfCode",16,8
1324411155570446336,2408550806,parthrajauria,Thu Nov 05 18:00:00 +0000 2020,"Day 64 of #66daysofdata!
Finished 'Introduction to Deep learning' course by Kaggle. @KenJee_DS",0,5
1324410526051389442,1159830350102781953,KenJee_DS,Thu Nov 05 17:57:30 +0000 2020,"I've seen others produce incredible work on their own #66DaysOfData journeys, and I am looking forward to continuing this project! I think it really helped me to engrain better habits, and I hope it has helped you too!",0,26
1324410058575237123,1159830350102781953,KenJee_DS,Thu Nov 05 17:55:38 +0000 2020,"Special thank you to everyone here, on the discord, and on linkedin who helped to keep me accountable. I plan to fire this back up again #66DaysOfData 2.0 in January! 

I will still be heavily involved in the servers etc. until then!",0,35
1324409585990475777,1159830350102781953,KenJee_DS,Thu Nov 05 17:53:46 +0000 2020,"Day 66 of the #66DaysOfData!!!!

Holy cow (🧀🐮) I made it through my first round of the challenge!

In my final day, I will be reviewing the previous 65 and looking at ways I could have improved (video on this in about a week!). So happy I could share this journey with you all!",4,98
1324404008799268865,1169401020989890560,gregorymbell,Thu Nov 05 17:31:36 +0000 2020,"Day 59-61 of #66daysofdata 

I continued reading Hands-on Machine Learning by Aurelien Geron.",0,11
1324395379945730050,285723440,geekanvesh,Thu Nov 05 16:57:19 +0000 2020,"Day 54 of #66daysofdata 
Reviewed Key #Statistical concepts  https://t.co/lMuqeXgIiE",1,7
1324390559197270016,918457171121119233,shivamnegi404,Thu Nov 05 16:38:09 +0000 2020,"Day 19 | #66daysofdata 

- Completed Lectures 3 and 4 of CS229. 

Key Takeaways:
- Perceptron, Exponential Families.
- Generalized Linear Models, Softmax Regression.
- Gaussian Discriminant Analysis, Naive Bayes.",0,8
1324384464735137792,1299734106587107329,SatwikShankar,Thu Nov 05 16:13:56 +0000 2020,Day62 of #66daysofdata Day spend on labeling and organizing the study notes with some revision,0,7
1324379616576823296,3303848442,lafstofitin,Thu Nov 05 15:54:41 +0000 2020,"Day 22 of the #66DaysOfData! 
building new variables column wise for finance project",0,4
1324379355443703810,19448058,paulapivat,Thu Nov 05 15:53:38 +0000 2020,"Day 60:

- Work through ch3 Data Sci frm Scratch - Visualizing 📊
- Spent hours getting lost in matplotlib documentation 😅
https://t.co/mTZoEe8pe1

#66daysofdata",0,5
1324379346912505862,1319794636915761152,kenwongkaien,Thu Nov 05 15:53:36 +0000 2020,"Day 12 of #66daysofdata:
I learned to retrieve NASDAQ ITCH data from an FTP server. I'm going to clean and analyse the data tomorrow.

Besides, I fixed a SettingwithCopyWarning when applying pandas. Here's the link regarding this warning.
https://t.co/uSW3TmW8Ic",0,8
1324378994507091968,1262624101983633408,erkushagra_,Thu Nov 05 15:52:12 +0000 2020,"day-65 and day-66 of #66daysofdata completed 2 more modules 4 still left to do...Thanks, @KenJee_DS for starting this trend really learn a lot from the last two months...the trend ends here but my journey to be a #DataScientist still continues...#learningcontinues ✌✌🙂",0,4
1324370126888529920,2562318241,NeemaMV,Thu Nov 05 15:16:58 +0000 2020,"Day 65 of #66daysofdata #DataScience 
Worked on a new data visualization request. Started to pull KPIs and followed by data viz
Day 66 
Read few articles on ""Finding A Mentor In Data Science"" and ""What to Look For In Your Data Science Mentor"" by Kurtis Pykes",0,9
1324350291647647744,1332613548,imkeller_5,Thu Nov 05 13:58:09 +0000 2020,Day 17 of #66daysofData! Today a bit earlier. I used the Pitch Dominance example in @devinpleuler's Soccer Analytics Handbook (https://t.co/SAmkDjBSHj) to plot simplified field dominance for one frame. Looks still a bit of but I am getting there: https://t.co/ivZKlEF23f,0,3
1324328527668383745,1276070101196795904,thinam_,Thu Nov 05 12:31:40 +0000 2020,"Day 62 of #66DaysOfData! with Ken Jee

In my journey of Natural Language Processing, Today I have read the Papers about Dynamic Memory Networks and Recursive Neural Networks. I have read the Paper which is named as ""Dynamic Memory Networks for Natural Lan…https://t.co/c9Qm8LMnUK",0,5
1324320038837317632,1300541186864590848,trainandtest,Thu Nov 05 11:57:56 +0000 2020,"#DailyRead Cross Validation - Why and How? 

Source : @TDataScience, Medium 

#DataScience #Data #MachineLearning #66daysofdata #100DaysOfCode #100DaysOfMLCode 

https://t.co/6fGiG7hYRL",5,9
1324302809978884096,1108597836755755009,maisdev,Thu Nov 05 10:49:28 +0000 2020,Didn’t get up early for #python today but while commuting watched a YouTube video on python and machine learning (a linear regression exercise on jupyter)which i quite enjoyed. Will continue the series until I resume coursera ML course. R2D16 #100DaysOfMLCode D66 #66daysofdata,0,4
1324297061488091138,711846986702573568,HugoBoia,Thu Nov 05 10:26:38 +0000 2020,"Day 62 of #66daysofdata
-Started Kaggle's Micro Course on Advanced SQL.
-Finished chapter 3 of The Hundred-Page Machine Learning Book.",2,14
1324296851542151176,768186892076613632,amrokamal1997,Thu Nov 05 10:25:48 +0000 2020,"I discovered the #66DaysOfData Challenge a few days ago and decided to start the challenge.
Does anyone want to start with me?",0,3
1324277308388110337,1098149982,rozanshr07,Thu Nov 05 09:08:08 +0000 2020,"Working with splines!!
#66daysofdata 
#statistical_rethinking https://t.co/GRuxSD9erq",0,3
1324235880282939394,1290013787819593735,math3mantic_,Thu Nov 05 06:23:31 +0000 2020,"Day 64 of #66daysofdata:  Today, I finished the 1st week of the CNN course of the Tensorflow Developer Certificate Specialization @coursera, and read related chapters of @fchollet's Deep Learning with Python book.",1,7
1324229695131574274,1247769181002403841,ahanawrites,Thu Nov 05 05:58:56 +0000 2020,"Day 65 of #66daysofdata: Meta learning is an approach taken for few-shot learning. Instead of the classical approach of learning from training data and evaluating on test data, here an algorithm ""learns how to learn"" by training on a series of training tasks and 1/2",0,3
1324224135543853064,1291114285507186690,jaimedatalatte,Thu Nov 05 05:36:51 +0000 2020,"D62. #66DaysofData 

- Did describe analysis on the McDonalds dataset 

- Made a dashboard about the udemy dataset i was working on last week https://t.co/va4gFJGcQJ",0,14
1324213211437109248,2771098682,pigglymichele,Thu Nov 05 04:53:26 +0000 2020,"✅ DAY 15 of #66daysofdata 

I didn’t count yesterday because I spent so little time practicing and went to vote then took a break.

✨ but today I learned aggregate functions like count, sum, avg and group by",0,4
1324210417325977600,1300469935760650240,JennAckerman3,Thu Nov 05 04:42:20 +0000 2020,"Day 65 of #66daysofdata:

I have been taking it light the last couple of days, however I've been working more on my portfolio as well as making sure to do at least 5 min of coding!",0,4
1324208464084627457,1262564081699086341,ImportData1,Thu Nov 05 04:34:35 +0000 2020,"📅Day 64 of #66daysofdata

Read pg.219-225 of ESL
- Bias, Variance, and Model Complexity
- Model Selection and Model Assessment

https://t.co/lQAlZd4e66
#Statistics #MachineLearning #DataScience #Data #Analytics #DataAnalytics #ImportData",0,5
1324201887743107072,1300541186864590848,trainandtest,Thu Nov 05 04:08:27 +0000 2020,"#QuestionOfTheDay How to extract Text, Images, tables from PDF document using OCR Python? 

#DataScience #Data #MachineLearning #Python #100DaysOfCode #100DaysOfMLCode #66daysofdata",12,15
1324200763447410688,735315096679919617,bjcmit1,Thu Nov 05 04:03:59 +0000 2020,"Day 65 of #66DaysOfData Finished reading Chapter 9 of ""The DevOps Handbook"" with an eye towards MLOps. @KenJee_DS",0,5
1324197287778811905,57376896,robertlazo,Thu Nov 05 03:50:10 +0000 2020,"Day #65 of #66DaysOfData.  Reviewed electoral vote count data visualizations.  Wrangled data on feature film permits.
Manhattan | Brooklyn:
2016:  180  | 123
2017:  209  | 159
2018:  198  | 158
2019:  173  | 150
2020:    21  |   14",0,6
1324196404252733440,45938414,KiInoue,Thu Nov 05 03:46:39 +0000 2020,Day18 of #66DaysOfData: attempting to get PyCharm setup,0,3
1324195764151746560,2149586883,vperez2000,Thu Nov 05 03:44:07 +0000 2020,"#Day65 of #66daysofdata by @KenJee_DS
The countdown -&gt; 1 ...
Data wrangling (again) but this time using APIs, that has been really interesting!!",0,4
1324177536478334977,35504008,jimfloyddata,Thu Nov 05 02:31:41 +0000 2020,I completed Compare time series predictions of COVID-19 deaths! Check out my certificate https://t.co/i71NNKqEux #Coursera #66daysofdata,1,4
1324176561881468928,1332613548,imkeller_5,Thu Nov 05 02:27:49 +0000 2020,Day 16 of #66daysofData! I played around a bit with the code related to the #FoT videos. Also was able to fix my self plotted field so that I plot plays from the #BigDataBowl dataset correctly but Twitter does not like the Gif,0,4
1324162176639242241,1320782511748927489,NoahHorsleyDS,Thu Nov 05 01:30:39 +0000 2020,"Finishing up ""Distributed Computing with Spark SQL"" @coursera with Brooke Wenig and Conor Murphy.

Day 8 of #66daysofdata",0,4
1324161791270645762,287494361,HakeemAmir,Thu Nov 05 01:29:07 +0000 2020,"@KenJee_DS Day 65 of #66daysofdata! 

Correlation of numerical variables with practice problems",0,4
1324159782639468544,126231516,JohannPiedras,Thu Nov 05 01:21:08 +0000 2020,"Day 44-48 of #100DaysOfCode #66daysofdata. I’ve been secretly working on a resume/portfolio website. Glad to say it’s done for now :) 
https://t.co/X7dwYaqYOm",6,9
1324155667301675008,1301208059486842882,ceeezthedata,Thu Nov 05 01:04:47 +0000 2020,"🗓 Day 64 of #66daysofdata 

Continued to prefect my problem solving skills of SQL. Tackling complex FANG like interview questions are always a fun challenge and best practice

#DataScience #DataAnalytics #SQL  https://t.co/D3g1R69nTL",0,3
1324151959201275905,1214740859628818432,SripathiMohana1,Thu Nov 05 00:50:03 +0000 2020,Day 37: successfully completed the course practicing machine learning interview questions in python. #100daysofcode #100daysofmlcode #66daysofdata https://t.co/mWAvjQSL5s,16,6
1324148818514972673,1017584707,liamskop1,Thu Nov 05 00:37:34 +0000 2020,"Day 5 of #66DaysOfData:
Getting started with some #Tableau tutorials. I found this a really useful resource to start learning https://t.co/X8V8XVIhR0",0,4
1324141461584125954,204194426,barefootalex,Thu Nov 05 00:08:20 +0000 2020,This is my first generated tweet using Python and Twitter API.  Coding is rad!!! #66DaysofData,0,6
1324138778466881537,1300017281666363394,mrvsokolovsky,Wed Nov 04 23:57:40 +0000 2020,Day 65 of #66DaysOfData by @KenJee_DS. Today I watched the rest of the lectures on machine learning algorithms and solved one more problem on the course. One day left by the way. I can't believe I'm going to make it all the way through 😄,0,5
1324136095878156288,1300521724274974723,antgobar,Wed Nov 04 23:47:01 +0000 2020,"Day 64 of #66daysofdata - (messed up days again 😅) 
Added #neuralnetwork model to Heart Disease #kaggle notebook. https://t.co/cSzp3i4u5o - with a lot of help from the #udemy course!
Several important hyperparameters can now be fixed (shown in plot title). https://t.co/TLEPyUFIrp",0,7
1324125031497158656,951871594376376320,JackRaifer,Wed Nov 04 23:03:03 +0000 2020,"Day 62 of #66DaysOfData with @KenJee_DS 

Taking a deeper dive into Natural Language Processing, NLP (not to be confused with the other non technology related NLP). It definetely takes the idea of someone else finishing your sentences for you to a whole new level. https://t.co/a2sNgESr8e",1,20
1324124470655787010,2225243816,risser_l,Wed Nov 04 23:00:49 +0000 2020,"Day 65 #66daysofdata
- short day, I studied Pandas for Python and continued working on my Strava project",1,6
1324116280723546113,1299751299433496576,lukaszschab,Wed Nov 04 22:28:16 +0000 2020,Day 65: I have read Keep your graphs and charts honest by avoiding these common data visualization pitfalls https://t.co/P0oOHV9HEF #66daysofdata #datascience https://t.co/2JQOYzpNqk,0,8
1324107957265666052,1300492664308146176,MarkusM99098101,Wed Nov 04 21:55:12 +0000 2020,"Day 62 of #66daysofdata: didn't do DS related stuff, because today was the first day of my computer science studies. I dealt with terminal commands and created several java programs only in the terminal with vim to get more familiar with working in a terminal.",0,10
1324104659334647808,822280007502295041,_paulo_lopez_,Wed Nov 04 21:42:06 +0000 2020,"Day 62 #66daysofdata #MachineLearning
🔹️Today, I watched and read a notebook of Reinforment Learning by Pablo Samuel Castro
https://t.co/OciEFKqVFf",2,23
1324102399284445184,2527930848,joao96santos,Wed Nov 04 21:33:07 +0000 2020,"37 / #66DaysOfData
• [Section 3] Plotly Basics: Scatter Plot; Line Charts; Bar Charts; Bubble Plots; Box Plots; Histograms; DistPlots; Heatmaps

https://t.co/8YJr00Kul7",0,3
1324100222042124290,1300432246432768001,DaedalusDream,Wed Nov 04 21:24:28 +0000 2020,@Mohammed_Azeem_ @KenJee_DS many thanks! Those things are always useful for newbies like me and the others on the #66daysofdata challenge :),0,4
1324094947495202818,1128457674977361920,ysfsklt,Wed Nov 04 21:03:30 +0000 2020,"day 1 of #66daysofdata 

Quite a productive day, watch some youtube video on Data Science, especially try to find out more about Data Analyst and Business Intellegence role.

followed by reading and code along chapter 1-4 of Think Python 2e by Allen Downey",2,8
1324093675404697601,4817808619,DavidEffiong16,Wed Nov 04 20:58:27 +0000 2020,"Day 27 of #66daysofdata , I continued on my SQL study on Data Camp.",0,4
1324092116570722311,1300432246432768001,DaedalusDream,Wed Nov 04 20:52:15 +0000 2020,"day 64: Wow! That Gan thingy escalated fast! Now we get to the REALLY good stuff! ... convergeance! It's really fascinating how simply moving to a single model to two competitive ones can add so many problems, complexity ... and better results overall!! 😸
#66daysofdata ...",0,5
1324084131320324096,1270361837956141056,Mohammed_Azeem_,Wed Nov 04 20:20:31 +0000 2020,"Day 58(4 Nov) #66DaysOfData with @KenJee_DS
- SQL: Inner Joins via USING, self-ish Joins
- Tableau: practice sheet buildings &amp; different options available.
- Working on basics &amp; enjoying it.
https://t.co/6LhbadW908
#MachineLearning #DataScience #ArtificialIntelligence",0,7
1324083740323184641,1270361837956141056,Mohammed_Azeem_,Wed Nov 04 20:18:58 +0000 2020,"Day 57 (3Nov) #66DaysOfData with @KenJee_DS
-Watched SQL video from Applied AI YouTube channel
-EXCEL - Pivot Table concept, on small data.
- watched few Applied AI videos, suggest it strongly.
https://t.co/KCHMf3CMW0
#MachineLearning #DataScience #ArtificialIntelligence",1,5
1324083409052790784,1270361837956141056,Mohammed_Azeem_,Wed Nov 04 20:17:39 +0000 2020,"Day 56 (2Nov) #66DaysOfData with @KenJee_DS
- SQL : revised all previous topics &amp; practiced combination of those topics. 
- Excel: Vlookup concept, need to work more on this to get hold.
#MachineLearning #DataScience #ArtificialIntelligence",0,6
1324080675549548545,1039882181106126848,_stan_leigh,Wed Nov 04 20:06:47 +0000 2020,Day 65: Gradient descent with Large Datasets using Stochastic Gradient descent. #66daysofdata,0,3
1324073184635834369,4790572463,SalsaLeader,Wed Nov 04 19:37:01 +0000 2020,Day 67:ANCOVA  #66DaysOfData,0,2
1324060174995263488,1159830350102781953,KenJee_DS,Wed Nov 04 18:45:20 +0000 2020,"Day 65 of the #66DaysOfData! 

Almost at the end of my first 66 days! Yesterday I had limited success with sentiment analysis. Today, I will be exploring my YouTube comment data for more trends (how many questions, which comments got the most likes, etc.)",0,42
1324051878544613377,4794068541,drjlburgess,Wed Nov 04 18:12:22 +0000 2020,"Day 31 of #66DaysofData
Started Using Databases in Python @coursera - I am SUPER excited for this 😃 Intro to Object Oriented Programming today, this is really helping clarify what all the different bits of code are.

#GirlsWhoCode #WomenWhoCode #PythonBeginner #CodeNewbie",2,10
1324049376352763905,1059790562587492357,AvinShah_,Wed Nov 04 18:02:25 +0000 2020,"Day 63,64 and 65 of #66daysofdata  with @KenJee_DS

Continued on ""Approaching (Almost) Any Machine Learning Problem"" Book.",0,8
1324047080952913922,264448841,Studawsonstats,Wed Nov 04 17:53:18 +0000 2020,Day 11 of #66daysofdata and more @ThePSF learning.,0,3
1324045604457115648,1299934585208229888,sahilnishad_,Wed Nov 04 17:47:26 +0000 2020,"🗓️Day 65 of #66daysofdata with @KenJee_DS

Along with the prediction, coding for the evaluation metric is also done. Now I need to add some comments so it is not just me who can understand what is going on in this notebook😁",0,4
1324042727881760775,19448058,paulapivat,Wed Nov 04 17:36:00 +0000 2020,"Day 59 cont:

- After speaking to a prospective employer for several hours, I'm realizing that the skill of getting models/algorithms into a *production pipeline* is very important and should be a prominent part of any learning plan

#66daysofdata",0,6
1324042725725888513,19448058,paulapivat,Wed Nov 04 17:35:59 +0000 2020,"Day 59:

- ✍️ part 2 of Collections and Comprehensions in python https://t.co/XEl7Sj5aD0
- 🔑 learning: if data is given in a list of dict/tuple, list comprehensions will be used extensively (but vectorization is preferable for dataframes)

#66daysofdata",1,3
1324037853580414978,1313632170007642112,olivevaw,Wed Nov 04 17:16:38 +0000 2020,D4 of #66daysofdata. Managed to finish a few exercises on python dictionaries in between a few episodes of The Boys. When to use curly brackets and when to use square brackets becoming clearer the second time around...,0,5
1324037018515591169,2408550806,parthrajauria,Wed Nov 04 17:13:19 +0000 2020,"Day 61 to Day 63 of #66daysofdata!
Revised some deep learning concepts from the Kaggle 'Intro to Deep Learning' course, worked on MoA Kaggle Competition, and labelled images. @KenJee_DS",0,6
1324029783810953216,872139589850460160,E_M_M_A_B_O_T,Wed Nov 04 16:44:34 +0000 2020,"Days 59, 60 n 61 of #66daysofdata Completed reading Ch7: Working with Text data of Into to E.M.M.A. book",0,4
1324019405651472390,1299734106587107329,SatwikShankar,Wed Nov 04 16:03:20 +0000 2020,"Days 59, 60 n 61 of #66daysofdata Completed reading Ch7: Working with Text data of Into to machine learning book",0,11
1324001018363801602,1319794636915761152,kenwongkaien,Wed Nov 04 14:50:16 +0000 2020,"Day 11 of #66daysofdata:
Today I learned how to:
- build and format SQL for readability
- create named subqueries and views
- combine data using SQL set operations",0,10
1323990313959071746,133363956,samzee_codes,Wed Nov 04 14:07:44 +0000 2020,"Having some fun with lyrics and predicting toxicity... with all the coding that I don't do much anymore after taking the responsibility of team lead some mini playful projects to refresh my skills.

#66daysofdata #100DaysOfCode https://t.co/EonpoMjUMj",5,13
1323976424349437952,918457171121119233,shivamnegi404,Wed Nov 04 13:12:32 +0000 2020,"Day 18 | #66DaysofData

- Completed the first two lectures of CS229 by Andrew ng.
👨‍💻📖
Key Takeaways:
- Linear Regression, Gradient Descent.
- Locally Weighted Regression, Probabilistic Interpretation.
- Logistic Regression, Newton Method.",0,11
