tweet_id,user_id,user_name,created_at,full_text,retweets,favorite
1385498792783454211,63557338,egm_photo,Fri Apr 23 07:40:28 +0000 2021,"Day 109 of #66DaysOfData with @KenJee_DS 

Deep dive into @neo4j, learning the Cypher query language, and data modeling with graphs. https://t.co/PDQuUHifp8",0,1
1385498001574039552,1137782574036635649,thedataprof,Fri Apr 23 07:37:19 +0000 2021,"Hi friends, here's a new video showing how to quickly deploy #machinelearning models as an app with #UI in 3 lines of code in Python 
https://t.co/u2uU9ngi5t
It supports #tensorflow #scikitlearn #colab #jupyter

#66daysofdata #datascience #bigdata #python #AI https://t.co/EyQ0wQxJRD",6,4
1385495406671548418,554435225,hmatalonga,Fri Apr 23 07:27:00 +0000 2021,"Day 39 of #66DaysofData. I noticed that Scikit-learn also provides the HalvingGridSearchCV and HalvingRandomSearchCV estimators that can be used to search a parameter space using successive halving. Be advised that is still an experimental implementation.

#DataScience",0,3
1385486528579780609,397272525,shatandv,Fri Apr 23 06:51:44 +0000 2021,"Day 108 of #66DaysOfData:
- Learned more about AI team management and communication with others for AI product management,
- Reviewed a little bit of C# on the side since I'll need it for work.",0,3
1385486031386865664,1137782574036635649,thedataprof,Fri Apr 23 06:49:45 +0000 2021,"Hi friends, Episode 3 of the #Python tutorial for beginners is live at https://t.co/DR99eSJard
The topic is Conversion of Data Types (Integers and Strings)
#66daysofdata #datascience #machinelearning #learnpython #python101",1,3
1385484305757970432,1137782574036635649,thedataprof,Fri Apr 23 06:42:54 +0000 2021,"Need help deciding which plot to make given your data situation? Meet ""From data to Viz"" by Yan Holtz (@R_Graph_Gallery) and Conor Healy 
#66daysofdata #dataviz #datavisualization #datavisualisation #dataanalytics #datascience #plot #seaborn #matplotlib https://t.co/R7qzc8virZ",2,4
1385458974175109121,1137782574036635649,thedataprof,Fri Apr 23 05:02:14 +0000 2021,"Currently editing a video to be released soon on my second channel Coding Professor which is going to be about #DataVisualization libraries in #Python. Then we're going to also kickstart a new tutorial series on #dataviz. 
👉https://t.co/dWvHqgR4D5
#66daysofdata #datascience #AI https://t.co/mZR2pP2shL",4,4
1385453681248817155,1291114285507186690,jaimedatalatte,Fri Apr 23 04:41:12 +0000 2021,"D.4 #66DaysofData 

Today I applied the first 2 steps of Crisp-DM model to a project we have a work, which is making use of the CRM data we are collecting and use it to gain insights about how we can increase customer retention.",0,13
1385451089743339520,1137782574036635649,thedataprof,Fri Apr 23 04:30:54 +0000 2021,"Official #pandas #cheatsheet to help you wrangle and preprocess #datasets in #Python 
https://t.co/HMWk0zhoOw
#66daysofdata #datascience #machinelearning https://t.co/Jaz2FA8KVH",7,10
1385450165226545158,1137782574036635649,thedataprof,Fri Apr 23 04:27:14 +0000 2021,"Having trouble choosing the right #machinelearning #algorithm for #scikitlearn? Check out this awesome #cheatsheet from @scikit_learn 
#66daysofdata #datascience #cheatsheets #python https://t.co/kYs2wFuyMs",7,8
1385447403252183044,1137782574036635649,thedataprof,Fri Apr 23 04:16:15 +0000 2021,"#Big catalog of #datascience #cheatsheets compiled by @FavioVaz 
https://t.co/IcRtpbdHRe
#66daysofdata #machinelearning #python #R",2,3
1385446909444296704,59787963,jamesnan,Fri Apr 23 04:14:18 +0000 2021,"Day 52 : #66DaysOfData

Finished a mini project : visualize i-94 traffic data@ dataquest",0,0
1385443174638751744,1329313525974532097,AyubRasool14,Fri Apr 23 03:59:27 +0000 2021,"Day 22/66, 23/66 and 24/66:                          - watched videos on plotly and read the documention.                                               - continued Google data analytics           #66daysofdata",0,6
1385440329877266434,1137782574036635649,thedataprof,Fri Apr 23 03:48:09 +0000 2021,"Tons of #Python #cheatsheets for #datascience from @DataCamp 
#66daysofdata #machinelearning #dataprofessor https://t.co/JZWEHnAqrQ",4,10
1385439498444558338,1137782574036635649,thedataprof,Fri Apr 23 03:44:51 +0000 2021,"Tons of #R #Cheatsheets from @rstudio 
https://t.co/Hcq8espYqf

#66daysofdata #datascience #machinelearning #dataprofessor https://t.co/V9hutzYaDI",3,5
1385438951566024707,1163814073752072192,EthanCDouglas,Fri Apr 23 03:42:40 +0000 2021,"Day 11 of #66daysofdata. Playing around more with rwteet. Dug up some code from @nnstats a while back to very easily look at whose tweets I like the most, congrats if you've made the cut https://t.co/lDmWTIldEp",0,9
1385435336621367298,784839510303453185,tthoraldson,Fri Apr 23 03:28:19 +0000 2021,"Days 37-39 of #66daysofdata R2: It’s been a busy few days, sorry for my lack of posts. Over the last few days I’ve been reading lots of medium articles and working through Statistical Thinking in Python part II on DataCamp.",1,5
1385407128446324738,2149586883,vperez2000,Fri Apr 23 01:36:13 +0000 2021,"#66daysofdata #R3 #Day12 by @KenJee_DS
@DataCamp DS track

Start Analyzing 📊🚔 Police Activity with Pandas, they work with the dataset of RI state, but I'm following along with MA state data 🚓🚔
What I will find??
😅
I will tell you soon!",0,4
1385404790486667274,1363855621628465153,korasaju_a,Fri Apr 23 01:26:56 +0000 2021,"Day 40–41 of #66DaysofData with @KenJee_DS 

•Attended a free webinar last night on ‘How to Tell Stories with Data’ by Dominic Bohan
•Continued MySQL Mastery Class —  Reviewed the lessons I’ve finished so far; Studied aggregate functions and SQL Joins",0,11
1385403780041101319,1267805283511750660,Binal_BP,Fri Apr 23 01:22:55 +0000 2021,"Day 1: Starting Round 2 of #66DaysOfData

I finished the Data Strategy course on @365datascience
Main takeaway: An organisation can use internal or external data to make a better decision to gain customer, understand the market insight, and produce smarter services.",0,14
1385399992928686083,1291243974611668992,pristdata,Fri Apr 23 01:07:52 +0000 2021,"Day 43 of #66daysofdata:

Had to take a long pause as I was correcting a paper for publication, but I'm back 😎
-Watched videos about different ML algorithms intuition. These always inspire me to become better at mathematics. 
-Learned the concept of ""Homoscedasticity""",0,16
1385398348681818119,1207501893582442496,HeliBaez11,Fri Apr 23 01:01:20 +0000 2021,"-Day 3️⃣0️⃣ of #100DaysOfCode 📊
Aggregating Data almost complete✅

With this little knowledge I will start a project.💼📈📉 #Python #66daysofdata #r https://t.co/8NJ7D0Y5nr",7,9
1385362646350897154,951871594376376320,JackRaifer,Thu Apr 22 22:39:28 +0000 2021,"#ThursdayThoughts
When learning to program for #DataScience, pay a LOT of attention to #DataStructures and #Algorithms. Understanding these makes all the difference between being able to DO Data Science and being able BECOME a Data Scientist.
#66daysofdata 
#programming",2,6
1385361723260121091,969343076442542081,JaimeAAvendano,Thu Apr 22 22:35:48 +0000 2021,"Completed the Google Analytics Certificate by @coursera!

#66DaysofData https://t.co/J9EdIazkrO",0,5
1385358657919979521,1266599735881687040,ChinWuChen1,Thu Apr 22 22:23:37 +0000 2021,D29 #66daysofdata - continuing my learning on NLU; creating balanced training data.,0,4
1385352738133905409,168046022,ribhunirek,Thu Apr 22 22:00:06 +0000 2021,"Excited to begin the #66DaysOfData challenge. Day 1, made progress on Google Data Analytics Certification, read about Sports Analytics, and brainstorming on a project. https://t.co/iG8yYdQG7R",0,0
1385346250464276482,1282311789464760321,HeqiqetEhmedova,Thu Apr 22 21:34:19 +0000 2021,"day 15 of #100DaysOfCode  ; #66daysofdata 

I’ve grappled with nuts and bolts of iterators in Python Land and survived :D

 What I’ve learned 
 ✔️ zip() and enumerate()
 ✔️loading and working on a file chunk by chunk",5,9
1385337474319142913,822280007502295041,_paulo_lopez_,Thu Apr 22 20:59:26 +0000 2021,"#100DaysOfMLCode #100DaysOfCode #66daysofdata #Python 
  
🔹5 Productivity Tips for DS/ML 

1. Improve Your Iteration Time
2. Data Wrangling
3. Improve SE/MLOps Skills
4. Only Learn What You Need for Your Job
5. Don’t Forget the Soft Stuff

https://t.co/tue8lLEkkT",3,7
1385327020779790338,602408175,golubovalex,Thu Apr 22 20:17:54 +0000 2021,Day 4 of #66daysofdata - one more Python for Everybody video. I also started implementing Math exercises from the book in Jupiter Notebook to get comfortable with both and went through Python Basics from Introduction to Python on Data Camp.,0,3
1385326961376043015,602408175,golubovalex,Thu Apr 22 20:17:40 +0000 2021,Day 3 of #66daysofdata - also a chunk of Python for Everybody video course and Math reading.,0,5
1385321734543486981,32453704,anyachocolat,Thu Apr 22 19:56:54 +0000 2021,"Day 24 of #66DaysOfData:
- added one more version of my submission with a recursive binary search algorithm
- solved one Euler problem
- got more comfortable with git &amp; github",0,10
1385311568032841731,1361227694889967616,dataQueen_pend,Thu Apr 22 19:16:30 +0000 2021,"Day 63 and 64 -&gt; rest. 
Day 65 of #66daysofdata

Resources ➡️ @simplilearn 

✨ While loops in detail!

Going through examples of while loops for 💫 repeating smthg number of times (un/known) 💫 summing values od variable until it reach some value reversing int",0,15
1385305930947076096,1649054340,a_escontrela,Thu Apr 22 18:54:06 +0000 2021,"Day 23 of #66daysofdata #100DaysOfMLCode today I finished week1 of Google Cloud Big Data and ML Fundamentals course. I enjoyed to learn about BigQuery ML, training a model with a SQL query",0,10
1385304223810678784,1355938756583321609,Sinnerman____,Thu Apr 22 18:47:19 +0000 2021,"#66daysofdata 
Day 33: Completed the 6th course (the art of visualisation) of the Google data analytics professional certificate course.",0,9
1385299751462002692,1243246008303112192,samarthgupta39,Thu Apr 22 18:29:33 +0000 2021,"day57 of #66daysofdata
- Today I learnt about counterpropagation networks and Adaptive Resonance Theory Network from book Principles of soft computing.
- Practised some leetcode question",0,14
1385298491572772869,1331398329977032707,aloknag_DS,Thu Apr 22 18:24:32 +0000 2021,"Day 30 and 31 of #66DaysOfData Round 2:
I studied about model evaluation metrics in machine learning and their importance in predictive model selection and use of dummy classifier/regressor as a baseline model for reference.",0,13
1385297092164325381,1324652185964204033,meyke9976,Thu Apr 22 18:18:59 +0000 2021,"Day 104 of #66daysofdata by @KenJee_DS 
I presented the dashboard about the sentiment today. Went well... Time to move on :) I have to get back to DP-201 (exam next thursday) and the disaster tweets dataset... fun fun ☺️",0,20
1385293109886586884,1300492664308146176,MarkusM99098101,Thu Apr 22 18:03:09 +0000 2021,"Day 50  #66DaysOfData r2:  small update on my twitter dataset. Queried the tweets of a day which had missing tweets, so now I am quite confident that I got almost every tweet from this challenge.
Overall progress is slow due to classes and assignments.",0,9
1385283992899969027,324583975,georgekanellos,Thu Apr 22 17:26:55 +0000 2021,"Days 24&amp;25(R2) of #66daysofdata by @KenJee_DS
 
Read the methodology for the RAPTOR in 538 (https://t.co/m8VRxO4pea) and worked on finding the ""benchmark"" player to compare against 🏀🏀",0,12
1385281085961953280,2562318241,NeemaMV,Thu Apr 22 17:15:22 +0000 2021,"Day 52, 53, 54 of #66daysofdata
Day 82 of #100DaysOfCode #DataScience
Automated the data preparation in r code through Knime workflow.
Day 32 of #100daysofSQL
Started with first data manipulation course for Serious SQL",10,13
1385277597727305730,1356609984163889154,jo_grammer,Thu Apr 22 17:01:31 +0000 2021,"Day 53 #66daysofdata 

51 &amp; 52 were dedicated to coding for #100daysofcode finished quiz game &amp; OOP Started last module on IBM DS Certif Capstone Project working w location data to get deeper insights into various neighborhoods in Toronto,may be a sign 👀
https://t.co/9CtAFjiPg8",5,9
1385277434388303875,1322620958327255040,Datavisz,Thu Apr 22 17:00:52 +0000 2021,Day 46 of #66daysofdata : Implemented validation set approach of cross validation in python.,0,12
1385275952947552258,731856877139558400,ABYA80,Thu Apr 22 16:54:59 +0000 2021,"R2: #66daysofdata with @KenJee_DS 

Day 36: Today, I was thinking of revising some of the topics in data cleaning like handling missing values, normalization, and wanted to explore more on the seaborn. So, started those @kaggle courses on them.",0,21
1385260708158263299,995452348280573955,Just_Jordan_T,Thu Apr 22 15:54:24 +0000 2021,"Apr 22, 2021 Day 28: #66DaysOfData CH8 of 'Art Of Statistics' - finished the ""Descriptive Statistics"" section on Udacity. now working on Simpson's paradox. 

[https://t.co/T0w4g8MblJ paradox%2C which also goes,when these groups are combined](https://t.co/6oq6cWm5IL)",0,2
1385260343450947588,995452348280573955,Just_Jordan_T,Thu Apr 22 15:52:57 +0000 2021,"Apr 22, 2021 Day 28: #66DaysOfData CH8 of 'Art Of Statistics' - finished the ""Descriptive Statistics"" section on Udacity. now working on Simpson's paradox. 
#DataScience #Python
https://t.co/T0w4g8MblJ",1,2
1385260099837431809,995452348280573955,Just_Jordan_T,Thu Apr 22 15:51:59 +0000 2021,"Day 27: #66DaysOfData CH8 of 'Art Of Statistics' - working with ""Descriptive Statistics"" 5 number summary and looking at the center of the spread. #DataScience",0,2
1385257098204696576,822280007502295041,_paulo_lopez_,Thu Apr 22 15:40:03 +0000 2021,"#100DaysOfMLCode #100DaysOfCode #66daysofdata #Python 

🔹Check out ML deployment using Algorithmia, PythonAnywhere and by using the m2cgen https://t.co/ObobHPg51S - library among other options.

https://t.co/oRXeWXpciY",1,8
1385253579850616834,1358153233814802433,prateekbud,Thu Apr 22 15:26:04 +0000 2021,"Day 3 :

✅ Revised Numpy from my own blog.
✅ Learning Pandas. 

#66daysofdata 

https://t.co/TnRiTqnk43",1,4
1385228444519190532,1364636408598564865,mrityunjay_sam,Thu Apr 22 13:46:12 +0000 2021,"Day 3 :
Revised some statistics from @khanacademy videos
#66daysofdata",0,3
1385227985612009474,1276070101196795904,thinam_,Thu Apr 22 13:44:22 +0000 2021,"Image Segmentation is the process of partitioning digital image into multiple segments or set of pixels. The goal of segmentation is to simplify the representation of image into something meaningful and easier to analyze. 
#Machinelearning #66daysofdata https://t.co/SqPeNnk6Tu",0,2
1385225512038014979,19448058,paulapivat,Thu Apr 22 13:34:32 +0000 2021,"R3: Day 20: #66daysofdata 

• Breaking down the difference between a for-loop with and without an external incrementer,
• small, but big difference

without                            with https://t.co/Sl735jHQFB",0,3
1385216369088548871,2352929006,AkirasGames,Thu Apr 22 12:58:13 +0000 2021,"Day 6 : Reviewed Intro to Machine Learning course for the 2nd time
#66daysofdata",0,2
1385206254067458048,444522096,BristowColin,Thu Apr 22 12:18:01 +0000 2021,Do you know what #CompositeAI is and why you need it? SAS #AI and #analytics expert Saurabh Gupta explains to @datanami. #ArtificialIntelligence #AI #DataScience #100DaysOfCode #Python #NLP #Robots #IoT #RPA #futureofwork #CuriosityForever #66daysofdata https://t.co/98iftjnjax,5,3
1385177313663279104,444522096,BristowColin,Thu Apr 22 10:23:01 +0000 2021,"Learn key requirements of a good analytical model, how to boost model performance and emerging challenges in analytics, May 6 at 9 a.m. ET. #AI #DataScience #100DaysOfCode #MachineLearning #RPA #futureofwork #CuriosityForever #66daysofdata https://t.co/ASDL4XNbJQ",5,3
1385154412117585933,444522096,BristowColin,Thu Apr 22 08:52:01 +0000 2021,"[Webinar May 4 at 11 AM ET] Learn about the evolution of SAS Viya, it’s revolutionary move to the cloud, and how it differs from traditional SAS systems in this webinar. #DataScience #100DaysOfCode #RPA #futureofwork #CuriosityForever #66daysofdata https://t.co/7CwqPql1RW",3,2
1385139547328155648,63557338,egm_photo,Thu Apr 22 07:52:57 +0000 2021,"Day 108 of #66DaysOfData with @KenJee_DS 

Ask questions. Act on answers. Give thanks.

Kumu, not quite it.

Neo4j, mabye.

Details here: https://t.co/kjYfRzBqbw https://t.co/EEKzzCrFbQ",0,6
1385136278413488129,397272525,shatandv,Thu Apr 22 07:39:58 +0000 2021,"Day 107 of #66DaysOfData:
- Finally watched @JackRaifer's talk on Datapreneurship. Very much agree with him - entrepreneurship and data go well together in many aspects,
- Thought through some use cases for classification metrics,
- Reviewed some info on model deployment.",0,18
1385133019581853697,554435225,hmatalonga,Thu Apr 22 07:27:01 +0000 2021,"Day 38 of #66DaysofData. If you are familiar with pandas and are dealing with big data, try the koalas library. It implements the pandas DataFrame API on top of Apache Spark.

#DataScience #BigData

https://t.co/OA5WyNsLYN",0,5
1385131896040984583,1306505184911208453,mt0rm0,Thu Apr 22 07:22:33 +0000 2021,"I'm longing so much for keeping up with my #66daysofdata... Unfortunately, deadlines at work are really time consuming. The good thing is that I work on Data Science, so it should also count somehow XD",0,12
1385094575165886466,1163814073752072192,EthanCDouglas,Thu Apr 22 04:54:15 +0000 2021,Does angrily DMing my internet provider count (Day 10) #66daysofdata,0,5
1385078723918012417,1137782574036635649,thedataprof,Thu Apr 22 03:51:15 +0000 2021,"Hi friends, the second episode of the #Python tutorial series is released and its on creating and using variables.
https://t.co/cb9VRZSkxa
#pythontutorial #66daysofdata #learnpython #python101 #learnpythonforfree",2,9
1385078028334682120,59787963,jamesnan,Thu Apr 22 03:48:30 +0000 2021,"Day 51 : #66DaysOfData

Watch Abhishek Thakur's YouTube video ""Applied Machine Learning Framework"",5,6,7",0,4
1385076869012369408,1291114285507186690,jaimedatalatte,Thu Apr 22 03:43:53 +0000 2021,"D.3 #66DaysofData 

I’m enjoying google data analytics certificate.  Today they recommended me a method to start thinking analytically. That’s thinking each day of the data we generate and how we can use it to benefit us.

How do you guys use your data to improve your life?",1,37
1385055385778724865,969343076442542081,JaimeAAvendano,Thu Apr 22 02:18:31 +0000 2021,"Day 55 of #66DaysofData-

Busy day, but was able to listen to an interesting @superdatasci podcast with @mdancho84 discussing some R packages he created for time series analysis.",0,14
1385038000678219778,722533518,nelotsak,Thu Apr 22 01:09:26 +0000 2021,"Hosted a 2nd hello world state machine today; scheduled to process an AWS lambda function.

#66daysofdata 
#AWS https://t.co/dhWLAEhXbe",1,5
1385012708584476674,822280007502295041,_paulo_lopez_,Wed Apr 21 23:28:56 +0000 2021,"#100DaysOfMLCode #100DaysOfCode #66daysofdata #Python 

🔹Read Mlxtend (machine learning extensions) documentation which is a Python library of useful tools for the day-to-day data science tasks.
https://t.co/frOT00lkuI",5,11
1384996282914254849,2149586883,vperez2000,Wed Apr 21 22:23:40 +0000 2021,"#66daysofdata #R3 #Day11 by @KenJee_DS
@DataCamp DS track

Writing Functions in Python ✅ Done🎉🎉🎉
Question: 
How often do you write your own decorators in your projects?
This was for me most a Software Dev task, is it a DS task too? All responses will be greatly appreciated! https://t.co/WgYRw17xDK",0,11
1384982567087222787,1377113586145751042,sustainablersyd,Wed Apr 21 21:29:10 +0000 2021,"Day 22 and 23 of #66daysofdata with @KenJee_DS 
- More data requests for looker visualizations and moving over the sql/dbt models into segment
- feeling overwhelmed with all ive been learning lately to be honest :(",0,18
1384981956224499712,870577174184685568,digitalaube,Wed Apr 21 21:26:44 +0000 2021,Day 5 #66daysofdata Juste finish Sales Insights Data Analysis Project In Tableau.,0,6
1384977408525225987,32453704,anyachocolat,Wed Apr 21 21:08:40 +0000 2021,"Day 23 of #66DaysOfData:
- played around with recursions, tried to make a recursive binary search",0,8
1384956314078617600,719157417443987457,Mayibongwe_MS,Wed Apr 21 19:44:51 +0000 2021,"Day 52 of #66daysofdata 

Reading on the use of Maximum Likelihood Estimation methods in Discrete Choice models to maximise the fit between observerd and modelled choices. https://t.co/zT1bMTkFfX",0,6
1384948269344768002,1649054340,a_escontrela,Wed Apr 21 19:12:53 +0000 2021,Day 22 of #66daysofdata #100DaysOfMLCode today I practice some SQL queries and review about SQLite to load the dataset created in a database,0,13
1384940139747676162,1266599735881687040,ChinWuChen1,Wed Apr 21 18:40:34 +0000 2021,"D28 #66daysofdata 
- watched a couple of videos on RASA and NLU.",0,5
1384938633547948037,1282311789464760321,HeqiqetEhmedova,Wed Apr 21 18:34:35 +0000 2021,"day 14  of #100DaysOfCode ; #66daysofdata
  ✔️did a few section of courses
  ✔️some practice at @Datacamp
 ✔️Completed the assigments of Karel #codeinplace",4,9
1384934207215083520,731856877139558400,ABYA80,Wed Apr 21 18:17:00 +0000 2021,"R2: #66daysofdata with @KenJee_DS 

Day 35:
- Extracted data from🛒Flipkart's Laptop search result page and then created a DataFrame.
- Read an article on - ""Zomato🍲 Web Scraping with BeautifulSoup.""
- Watched some videos on Dynamic Web Scraping.",0,24
1384918972655677448,1355938756583321609,Sinnerman____,Wed Apr 21 17:16:28 +0000 2021,"#66daysofdata 
Day 32: Completed the 5th course(Analyze) of Google data analytics professional certificate course.",0,10
1384917703018827787,19448058,paulapivat,Wed Apr 21 17:11:25 +0000 2021,"R3: Day 19: #66daysofdata

• Using SQL to learn about Ethereum https://t.co/cn2MWkYNxe

• making progress with arithmetic_formatter: https://t.co/fg9kfEgns9",0,3
1384914235805863936,1358153233814802433,prateekbud,Wed Apr 21 16:57:38 +0000 2021,"Day 2

- almost completed ipython chapter from data science handbook.
- started elements of ai course.
#66daysofdata",0,7
1384847545399226375,444522096,BristowColin,Wed Apr 21 12:32:38 +0000 2021,@fluvius_be turned to SAS for an #analytics solution to screen their procurement systems. Read how they quantify and detect procurement risks and what the results are. #AI #100daysofcode #66daysofdata #ML #Machinelearning https://t.co/N3GqwQaJ3O,1,5
1384835721341591552,2352929006,AkirasGames,Wed Apr 21 11:45:39 +0000 2021,"Day 5 : Learnt how to use groupby() function
#66daysofdata",0,6
1384822012481208323,209191879,bhatnagarkush,Wed Apr 21 10:51:11 +0000 2021,"Day 76/R2 of #66daysofdata : Learned about @awscloud Elastic Map Reduce with HDFS and supported clusters
#MachineLearning #AWS #DataScience",2,6
1384802438335533059,444522096,BristowColin,Wed Apr 21 09:33:24 +0000 2021,"[Webinar May 4 at 11 AM ET] Learn about the evolution of SAS Viya, it’s revolutionary move to the cloud, and how it differs from traditional SAS systems in this webinar. #66daysofdata https://t.co/dR3sgUnTAy",0,3
1384792755700895745,397272525,shatandv,Wed Apr 21 08:54:55 +0000 2021,"Day 106 of #66DaysOfData:
- Finished the Coursera ML Strategy course from DeeplearningAI,
- Read the preface of Succeeding with AI book. Seems like a great supplement to an AI project management course I'm taking.",0,10
1384781607890980864,1324652185964204033,meyke9976,Wed Apr 21 08:10:37 +0000 2021,"Day 103 of #66daysofdata by @KenJee_DS 
Continued with the report. Added buttons, and more pages. Have to present it tomorrow so curious to see what other people think. https://t.co/Ne3exHIjhr",0,14
1384778116925575170,94308247,poetratron,Wed Apr 21 07:56:45 +0000 2021,"Day 2 of #66daysofdata, continuing my course on coursera math for data science where I finally understand how a function works and what the y=mx+b means. I often saw it on my previous course and some machine learning books but idk what it means lol",0,4
1384770640369102848,554435225,hmatalonga,Wed Apr 21 07:27:03 +0000 2021,"Day 37 of #66DaysofData. Found out about this nice tip to wrap your Keras model and use it within your scikit-learn pipelines. Take a look a the code example:
#DataScience
https://t.co/IFXxgUvuaE https://t.co/WUPfYTnPEN",0,5
1384769356211507209,1283489158258819072,hhotkey,Wed Apr 21 07:21:56 +0000 2021,"Day 2️⃣5️⃣ of #66daysofdata #100DaysOfCode 

One of the major aspects of training a machine learning model is avoiding overfitting. Overfitting meaning low accuracy. It causes the model to try too hard to capture the noise.See some examples on Ridge Regression: https://t.co/OnfElq6qJL",13,8
1384762032109535238,63557338,egm_photo,Wed Apr 21 06:52:50 +0000 2021,"Day 107 of #66DaysOfData with @KenJee_DS 

I read up on the Google Sheets API https://t.co/PWhHlpuQq2",0,5
1384760820274393090,1364636408598564865,mrityunjay_sam,Wed Apr 21 06:48:01 +0000 2021,"Day2:
Completed task of scraping a UPI site in India using beautifulSoup. Data generated was deployed in @streamlit  
#66daysofdata https://t.co/rgkwAuQgGE",0,6
1384730593380814850,360668611,daniellabrito26,Wed Apr 21 04:47:55 +0000 2021,"Day 27 -Back to logging in my journey . 
- Covering decision tree , ensembles, random forest . Working on Telecom Churn case study . Have to fit a PCA and also use random forest  on the same case study . 
#66daysofdata #DataScience #DataFam #dataviz",1,10
1384721490583687168,1291114285507186690,jaimedatalatte,Wed Apr 21 04:11:44 +0000 2021,"D2. #66DaysofData 

I learned about Crisp-DM, a methodology that organizes an analytic project in 6 phases.

1. Business understanding
2. Data understanding
3. Data preparation 
4. Model
5. Evaluation 
6. Deployment",0,19
1384705881481302018,59787963,jamesnan,Wed Apr 21 03:09:43 +0000 2021,"Day 50 : #66DaysOfData

Watch Abhishek Thakur's YouTube video ""Applied Machine Learning Framework"" - 3 &amp; 4

Take a close look at 'room_type', 'property_type', 'bathrooms_text' and 'amenities' columns of the Airbnb dataset and make a plan for further cleaning",0,3
1384690753356505092,969343076442542081,JaimeAAvendano,Wed Apr 21 02:09:36 +0000 2021,"Day 53-54 of #66DaysofData-

- Finished my initial case study. I'll keep building on it, but wanted to start on the report, too.
- Part of this final course is sharing my porfolio, which I've been working on for the last month:
https://t.co/SebrKQw1RH

Any feedback is welcome.",0,10
1384682841083060224,1137782574036635649,thedataprof,Wed Apr 21 01:38:10 +0000 2021,"Hi friends, the first episode of the #Python tutorial series kicks off with basic data types
https://t.co/5aO247k7v7
#pythontutorial #66daysofdata #learnpython #python101 #learnpythonforfree",1,11
1384676024928006146,1163814073752072192,EthanCDouglas,Wed Apr 21 01:11:05 +0000 2021,"Oof, I've sucked at staying on top of posting for this. We'll call this Day 9 of #66daysofdata. Practiced some web scraping yesterday, today worked on learning shiny for some upcoming projects which I'm excited to share soon!",0,7
1384626996349710337,1324652185964204033,meyke9976,Tue Apr 20 21:56:15 +0000 2021,"Day 102 of #66daysofdata by @KenJee_DS 
For my report, I've been looking for key Influencers of the sentiment score. Narrowed it down to a few. Most of them influence the score negatively. https://t.co/2SfMPINHYG",0,17
1384616675849515008,870577174184685568,digitalaube,Tue Apr 20 21:15:15 +0000 2021,"Day 4 #66daysofdata learn some concepts about Python data structures, make 2 projects on Web Scrapping  using BeautifulSoup and Selenium.",0,2
1384606592025432064,32453704,anyachocolat,Tue Apr 20 20:35:10 +0000 2021,"Day 22 of #66DaysOfData:
- Submitted the final project for module 0 - a number guessing game",0,7
1384602403433947136,1300492664308146176,MarkusM99098101,Tue Apr 20 20:18:32 +0000 2021,"Day 47, 48 and 49 of  #66DaysOfData r2:
D47: added content to my website.
D48 and 49: read up about topic modeling and used it on my tweets dataset. Researched how to generate tweets with GPT 2. Would be a nice project since I have a lot of tweets, will look into it further.",0,12
1384601376584441857,995452348280573955,Just_Jordan_T,Tue Apr 20 20:14:27 +0000 2021,"Day 26: #66DaysOfData working on CH8 'Art Of Statistics', Finishing up the 'Practical Statistics part of the Udacity nano degree, and I was also looking over some other DS projects that I have done so that I will be able to convert them into a 'Streemlit' app. #DataScience",1,1
1384600814820290561,731856877139558400,ABYA80,Tue Apr 20 20:12:13 +0000 2021,"An easier and shorter way to 📖 read small dataset using python 🐍 pandas 🐼.
#DataScience #Python #100DaysOfCode #66daysofdata https://t.co/pBY70cdEH8",9,18
1384584504615051265,602408175,golubovalex,Tue Apr 20 19:07:24 +0000 2021,The second day of the #66daysofdata was even messier than the first one. So only video from Python for everybody today and some math workbook reading before the sleep.,0,2
1384573672577376256,1243246008303112192,samarthgupta39,Tue Apr 20 18:24:22 +0000 2021,"day56 of #66daysofdata
Today I applied feature selection and data cleaning methods in 🏠 House price prediction kaggle competition",0,17
1384573421418205186,731856877139558400,ABYA80,Tue Apr 20 18:23:22 +0000 2021,"R2: #66daysofdata with @KenJee_DS 

Day 33 &amp; 34: In these 2 days I did -
- A lot of web🕸 scraping practice.
- Did a few pandas🐼 questions from https://t.co/F6fa3qzWZ9.
- Read some articles📰 related to python🐍.",2,20
1384572868764176388,1331398329977032707,aloknag_DS,Tue Apr 20 18:21:10 +0000 2021,"Day 29 of #66DaysOfData Round 2:

Studied Decision Trees. Used DecisionTreeClassifier for Iris data classification

1. Parameters controlling overfitting - max_depth, min_sample_split, max_leaf_nodes etc.
2. using feature importance to find most decisive feature in data",0,14
1384571561512947716,722533518,nelotsak,Tue Apr 20 18:15:59 +0000 2021,"Completed the very first AWS state machine. Quite similar to Airflow's DAGs (directed acyclic graphs) for task scheduling.

#66daysofdata https://t.co/Ug0uH0UHlA",0,4
1384566714902347777,1355938756583321609,Sinnerman____,Tue Apr 20 17:56:43 +0000 2021,"#66daysofdata 
Day 30 and 31: Done with the 4/8th course (processing and cleaning data) of Google data analytics professional certificate course.",0,6
1384562181295853569,1358153233814802433,prateekbud,Tue Apr 20 17:38:42 +0000 2021,"Day 1

Completed all the Python exercises in Kaggle's Python course.
#66daysofdata",0,5
1384560996329697282,951871594376376320,JackRaifer,Tue Apr 20 17:34:00 +0000 2021,"Need some more reasons to join me this Friday on the DATApreneurship workshop?
Here are some --&gt; https://t.co/omFifJtb6W

#DataScience #MachineLearning #AI #66daysofdata",1,2
1384547086620786692,1354069663223746560,termsposter,Tue Apr 20 16:38:43 +0000 2021,"Day &lt;08-09&gt; of #66DaysOfData:
- Worked on a few python exercise problems 
- Yet to start work on first course mini-project😬",0,1
1384544500433887239,1322620958327255040,Datavisz,Tue Apr 20 16:28:27 +0000 2021,Day 45 of #66daysofdata : Watched some data analytics presentation in my organisation.,0,12
1384543211616493569,1363855621628465153,korasaju_a,Tue Apr 20 16:23:19 +0000 2021,"Day 38–39 of #66DaysofData with @KenJee_DS 

•Continued MySQL Mastery Class —  Finished the basic to advanced lectures on DML statements
•Enhanced the Data Visualization area of the dataset I’m going to present to my team on friday.",0,12
1384540743377866754,2149586883,vperez2000,Tue Apr 20 16:13:31 +0000 2021,"#66daysofdata #R3 #Day10 by @KenJee_DS
@DataCamp DS track

Busy &amp; emotional day today, so for my DS task today I watch Ken cooking 🤪🥘

Great video, I will never forget the steps of a DS project!

https://t.co/IItv5KBz0H",0,6
1384521278061649930,2352929006,AkirasGames,Tue Apr 20 14:56:10 +0000 2021,"Day 4 : Learnt how to use apply() and map() function in pandas
#66daysofdata",0,3
1384499924230840320,995452348280573955,Just_Jordan_T,Tue Apr 20 13:31:19 +0000 2021,"Day 26: #66Daysofdata Finished CH8 of 'Art Of Statistics' Working on some stat stuff, 'Standard Deviation working our problems with the 5 number summary. #Python #Maths #Statistics",1,1
1384490189712596992,19448058,paulapivat,Tue Apr 20 12:52:38 +0000 2021,"New to programming?

Beware of these 3 siren songs 👇

#CodeNewbie  #66daysofdata https://t.co/qSl1JCqrlM",1,6
1384483731990274048,1377113586145751042,sustainablersyd,Tue Apr 20 12:26:58 +0000 2021,"Day 21 (yesterday) of #66daysofdata with @KenJee_DS
- sifting through and creating looker dashboards for product team
- debugging dbt and more sql stuff
- an old KNN’s episode",0,12
1384481934965841923,209191879,bhatnagarkush,Tue Apr 20 12:19:50 +0000 2021,"Day 75/R2 of #66daysofdata : Understand the usage of @awscloud Athena and QuickSight services and their role in Exploratory Data Analysis in ML Problems. Also, revised some Statistical concepts
#MachineLearning #AWS #DataScience",6,4
1384468387544240134,444522096,BristowColin,Tue Apr 20 11:26:00 +0000 2021,Thanks to @SunTimesIreland's @conormcmahon for his excellent piece announcing this week's launch of the #SASSTEP  https://t.co/pp4b9HNQUa #66daysofdata #ArtificialIntelligence #AI #DataScience #MachineLearning #BigData #NLP #Robots #IoT #RPA #futureofwork #CuriosityForever,2,2
1384439340739215360,32453704,anyachocolat,Tue Apr 20 09:30:35 +0000 2021,"Day 21 of #66DaysOfData:
- learned about recursions https://t.co/xYIaFEF8lx",0,9
1384427749805330434,397272525,shatandv,Tue Apr 20 08:44:31 +0000 2021,"Day 105 of #66DaysOfData:
- Learned more in-depth about end-to-end deep learning and its use cases,
- Had some fun plotting map overlays in Matplotlib, now I just need to figure out how to cut them up into tiles. Maybe with Pillow.",0,11
1384408244773441537,554435225,hmatalonga,Tue Apr 20 07:27:01 +0000 2021,"Day 36 of #66DaysofData. Once I made the mistake of assuming the data distribution of a dataset and used inappropriate tests. Some statistical tests, such as the Student's t-test and the one-way and two-way ANOVA require a normally distributed sample population.

#DataScience",2,2
1384397201510518784,1137782574036635649,thedataprof,Tue Apr 20 06:43:08 +0000 2021,"Thanks @KenJee_DS for the shoutout, always enjoy the insights and freebies in the newsletter. Friends, if you haven't subscribed to Ken's Data Dribble Newsletter, check it out here 👇
https://t.co/5xYPkNHMa8

#66daysofdata #datascience #datascientists https://t.co/aj9TD9TQC9",0,17
1384391956952932353,63557338,egm_photo,Tue Apr 20 06:22:17 +0000 2021,"Day 106 of #66DaysOfData with @KenJee_DS 

More explorations. But on the input, rather than on the output. Details here: https://t.co/WkqoLq2moB https://t.co/81Tj6M7lbn",0,6
1384356118911127553,1291114285507186690,jaimedatalatte,Tue Apr 20 03:59:53 +0000 2021,"D1 #66DaysofData 

The purpose of this round is to log what i’ll be learning in the 2 courses i’m currently enrolled

1. Big Data &amp; Business Analytics 
2. Google Data Analytics Professional Certificate

I’ll be doing both simultaneously and hope to finish the first one this round",0,26
1384338527215788036,1137782574036635649,thedataprof,Tue Apr 20 02:49:59 +0000 2021,"Hi friends, I have filmed a new #free #Python tutorial series on Coding Professor @YouTube channel aimed at beginners level. We're starting from zero. Releasing in a few days. 
Subscribe and turn on Notifications:
👉 https://t.co/dWvHqgR4D5

#learnpython #66daysofdata https://t.co/KFxuhCLyWv",4,9
1384337561028542466,59787963,jamesnan,Tue Apr 20 02:46:08 +0000 2021,"Day 49 : #66DaysOfData

Watch Abhishek Thakur's YouTube video ""Applied Machine Learning Framework"" - 1 &amp; 2",0,1
1384333173450952708,1364636408598564865,mrityunjay_sam,Tue Apr 20 02:28:42 +0000 2021,"From today onwards I will 
-- Do pushups every day for 66 days straight #66daysofpushups
-- Do data science learning for 66 days straight #66daysofdata",0,4
1384323536421113857,602408175,golubovalex,Tue Apr 20 01:50:25 +0000 2021,I decided to join the #66daysofdata challenge which is about about establishing data science habit around daily practice and sharing your work. Even 5 minutes count. Today was my 1st day with modest 15 minutes of video from Python For Everybody course.,1,5
1384317589506121733,784839510303453185,tthoraldson,Tue Apr 20 01:26:47 +0000 2021,Day 36 of #66daysofdata R2: Back on the celery/rabbitmq/sql alchemy hype train!,0,2
1384310765901869056,2149586883,vperez2000,Tue Apr 20 00:59:40 +0000 2021,"#66daysofdata #R3 #Day9 by @KenJee_DS
@DataCamp DS track

The module that I will never forget, UTC, UTC, UTC, and ... UTC 🌎🤪

And the funny story is: I finished today April 19th, and look at the date of completion 😅

Working with Dates &amp; Times in #Python✅Done
Yaaaaaay!🎉🎉🎉 https://t.co/6tGLcsHQhk",3,7
1384304228735148033,722533518,nelotsak,Tue Apr 20 00:33:41 +0000 2021,"Typical application of real-time Sport Analytics
@KenJee_DS - the march madness project may come in handy ✨

#66daysofdata https://t.co/J0ZTOwxPxC",0,4
1384302539877670912,722533518,nelotsak,Tue Apr 20 00:26:59 +0000 2021,"Getting started with AWS step functions today (typical state machine) - objective to master the concept by end of month ✨

#66daysofdata",0,1
1384279611341639686,995452348280573955,Just_Jordan_T,Mon Apr 19 22:55:52 +0000 2021,What’s happening!? #66daysofdata https://t.co/nzS4I3pzON,0,0
1384273319222910977,1266599735881687040,ChinWuChen1,Mon Apr 19 22:30:52 +0000 2021,"D27 #66daysofdata 
- continued on the AWS course and learned a bit more about API uses.",0,0
1384251616983797762,870577174184685568,digitalaube,Mon Apr 19 21:04:38 +0000 2021,Day3 #66daysofdata Juste finished a basic Deep Learning project using Python et Tensorflow.,1,2
1384246641616506880,1649054340,a_escontrela,Mon Apr 19 20:44:52 +0000 2021,"Day 20 of #66daysofdata #100DaysOfMLCode #DataScience I continue with week 1 of course Google Cloud Big data and ML course, doing some tests using BigQuery",0,8
1384242481835876363,1361227694889967616,dataQueen_pend,Mon Apr 19 20:28:20 +0000 2021,"Day 62 of #66daysofdata 

Watched @hellotinah video about ds courses and it confirmed my previous belief that those are not for me.

I can do the same by learning on my own with free resources. And if I'd like to get certificate, it's better to have one from IBM, Google etc.",0,12
1384213535220064263,1281890679052857346,ShrutiJ87241031,Mon Apr 19 18:33:18 +0000 2021,"Day 41 :R2 #66daysofdata 
Worked on freelancing projects.
Started reading my new book of Tableau by @PacktPub and looking forward to learn and visualze data.",0,14
1384198103058710543,1331398329977032707,aloknag_DS,Mon Apr 19 17:31:59 +0000 2021,"Day 28 of #66DaysOfData Round 2 :

I studied support vector machines today. 
1. Began with linear support vector classifier for binary classification and developed an understanding of classifier margin and support vectors and hyperplane.",0,10
1384194538512678915,719157417443987457,Mayibongwe_MS,Mon Apr 19 17:17:49 +0000 2021,"Day 50 of #66daysofdata 

Worked on formatting some excel reports. Decided to write some VBA Macros to speed up some of the repetitive processes like copying data between sheets based on a satisfied condition.",0,3
1384182170852290572,19448058,paulapivat,Mon Apr 19 16:28:41 +0000 2021,"R3: Day 18: #66daysofdata 

•still on arithmetic_formatter
•picked up way to replace if-else with max() https://t.co/Xsjwe4O8OI",0,2
1384178864482504704,1356609984163889154,jo_grammer,Mon Apr 19 16:15:32 +0000 2021,"Day 50 of #66daysofdata 

Started coding a Quiz Game with the #100daysofcode course with the App Brewery (working w attributes, class constructors, init() Function, adding methods to a class,) Watched the part 4 of Ken Jee’s DS project from Scratch (EDA)

https://t.co/Ik7o2MXp8F",6,18
1384162878362554374,371318079,gugugono,Mon Apr 19 15:12:01 +0000 2021,Day 5-6: completed course 1 of the google analytics cert 🎉 7 more to go! Started course 2 week 1. #66daysofdata,0,7
1384155238987223045,1377113586145751042,sustainablersyd,Mon Apr 19 14:41:39 +0000 2021,"Day 20 (yesterday) of #66daysofdata with @KenJee_DS :
I don’t think I did much other than watch some dbt videos and work on my ML course. Probably watched a couple of Ken’s vids",0,10
1384124840920059914,1329313525974532097,AyubRasool14,Mon Apr 19 12:40:52 +0000 2021,Day 21/66: continued my data analysis on the stroke dataset from Kaggle. Hope to finish by the end of next week. After that I will just tidy up and present it properly. I would definitely share my end result here to get some feedback. #66daysofdata,0,10
1384075602265731074,1324652185964204033,meyke9976,Mon Apr 19 09:25:13 +0000 2021,"Day 101 of #66daysofdata by @KenJee_DS 
I have been playing around with Power BI. Creating measures and visualization. I did not focus on lay-out yet... so bear with me ;-) https://t.co/ZJDaYqkrif",0,17
1384063954251489280,1369643950395564032,AsgharMarvi,Mon Apr 19 08:38:56 +0000 2021,"Day 11 of my #66daysofdata challenge. Learned about network graphs and its usage in Term co-occurrence analysis. Implemented this graph in KNIME Analytics platform.

#ML #KNIME #DataScience https://t.co/drsWlPxUze",1,7
1384063482291658752,267466466,tadiwami,Mon Apr 19 08:37:03 +0000 2021,Day 41 of #66daysofdata : Back on track after over a month of the gap. A ver slow restart today simply watching basics of SQL.,0,10
1384060864198631433,1369643950395564032,AsgharMarvi,Mon Apr 19 08:26:39 +0000 2021,"Day 10 of my #66daysofdata challenge. Performed Topic Extraction using LDA. Visualized top 10 importance topics using Bar Chart in KNIME Analytics platform.

#ML #KNIME #DataScience",0,7
1384060280297033731,1369643950395564032,AsgharMarvi,Mon Apr 19 08:24:20 +0000 2021,"Day 9 of my #66daysofdata challenge. Learned about key differences between Metanodes and Components. Metanodes are important in customizing a workflow and is easily editable. However its not the case with components.

#ML #KNIME #DataScience",0,4
1384059624211451906,2352929006,AkirasGames,Mon Apr 19 08:21:43 +0000 2021,"Day 3 : Reviewed pandas 
#66daysofdata",0,6
1384059138729074688,32453704,anyachocolat,Mon Apr 19 08:19:47 +0000 2021,"@adelinethewong Hi! I'm Anya, a Russian architect living in Barcelona. I decided to change careers and am now studying Data Science. I and currently doing #66DaysOfData challenge and sharing my journey.",1,17
1384045855569633283,554435225,hmatalonga,Mon Apr 19 07:27:00 +0000 2021,"Day 35 of #66DaysofData. Looking at normality tests, they are used to determine if a data set is well-modelled by a normal distribution. Some univariate statistical tests options are:
- Kolmogorov–Smirnov test
- Shapiro–Wilk test
- Pearson's chi-squared test

#Statistics",0,7
1384042469835173889,397272525,shatandv,Mon Apr 19 07:13:33 +0000 2021,"Day 104 of #66DaysOfData:
- Learned about when it's a good idea to use transfer learning, multi-task learning.",0,18
1383992924023640073,466528595,Elena_Dyagileva,Mon Apr 19 03:56:41 +0000 2021,DAY 36 of #66DaysofData: I practiced string methods in Python 🐍,0,21
1383989009685180423,209191879,bhatnagarkush,Mon Apr 19 03:41:07 +0000 2021,"Day 71-74/R2 of #66daysofdata : Shifting focus to Exploratory Data Analysis, learned about different types of data, data distribution like Normal, Poisson, Binomial and Time Series Analysis
#MachineLearning #DataScience",1,6
1383959902737993738,2149586883,vperez2000,Mon Apr 19 01:45:28 +0000 2021,"#66daysofdata #R3 #Day8 by @KenJee_DS
@DataCamp DS track

Starting with Dates in #Python &amp; ✅done with the Visual history of Nobel Prices Project 👩🏻‍💻
:) :) :)",2,9
1383956888451051526,969343076442542081,JaimeAAvendano,Mon Apr 19 01:33:29 +0000 2021,"Day 51-52 of #66DaysofData-

- Did some more touching up on the Kaggle music classification notebook.
- Made it to the last course in the Google Analytics series. Now I have to choose what data to do my case study on.",0,10
1383950762061959178,59787963,jamesnan,Mon Apr 19 01:09:08 +0000 2021,"Day 48 : #66DaysOfData

Working on Airbnb dataset, cleaning the data",0,3
1383934280414351371,784839510303453185,tthoraldson,Mon Apr 19 00:03:39 +0000 2021,Days 34&amp;35 of #66daysofdata R2: Worked on my @numerai submissions for round 260! https://t.co/7ZDHAnG2nT,3,23
1383911137259913218,1282311789464760321,HeqiqetEhmedova,Sun Apr 18 22:31:41 +0000 2021,"Day 10,11 of #100DaysOfCode ; #66daysofdata 

Couldn’t make much progress because of midterms :(

   ✔️ did some practice at @DataCamp",4,10
1383886194698641415,32453704,anyachocolat,Sun Apr 18 20:52:34 +0000 2021,"Day 20 of #66DaysOfData:
- continued the module about functions",0,14
1383871469126516739,1649054340,a_escontrela,Sun Apr 18 19:54:03 +0000 2021,Day 19 of #66daysofdata #100DaysOfMLCode today I did the lab of recommending products using Cloud SQL and Spark from Coursera Big data Google cloud course and also I did some tests with Scrappy to create my own dataset,0,10
1383870323603374095,1291114285507186690,jaimedatalatte,Sun Apr 18 19:49:30 +0000 2021,"Since i’m currently enrolled in two data related intensive courses, thought it might be a good idea to start a third round of #66daysofdata. I’m gonna need some extra support these upcoming months 😅.

See you guys from tomorrow on ✌️",0,46
1383850291217403910,731856877139558400,ABYA80,Sun Apr 18 18:29:54 +0000 2021,"R2: #66daysofdata with @KenJee_DS 

Day 32: Today I was reading BeautifulSoup Documentation and tried some of its in-built functions. Read an articles on scraping HTML tables, then tried doing it.",1,26
1383846202140098566,1361227694889967616,dataQueen_pend,Sun Apr 18 18:13:39 +0000 2021,"Day 61 of #66daysofdata 

Loooooooopz! With @simplilearn python course ⬅️

Było my head to the data science wall for the first time in this course 🤦‍♀️. But at least i finally discovered what I was messing up! Nested loops! In matrix use. 

Also watched @KenJee_DS video about ⬇️ https://t.co/rZq15KruUd",1,18
1383845077148004356,1356609984163889154,jo_grammer,Sun Apr 18 18:09:11 +0000 2021,"Day 49 of #66daysofdata 

Took it easy today just advancing on  Python coding(OOP) with the #100DaysOfCode 
Then took the rest of the day off, ran a 20k, ate my fruits &amp; veggies, started reading Carrie(Stephen King 😏), sat by the window watching the rain fall 😆 https://t.co/JDnY8wIBeI",5,13
1383843418737025024,1354069663223746560,termsposter,Sun Apr 18 18:02:36 +0000 2021,"Day &lt;07-08&gt; of #66DaysOfData:
- Completed first module on python fundamentals along with exercises
- Feel like more work needed in control flow esp nested loops and logic 
- Next: start work on first course mini-project",0,2
1383840052149592076,72559458,Le_Magnifiq,Sun Apr 18 17:49:13 +0000 2021,"Can anyone point me to a resource detailing Data Prep on #Knime?
#66daysofdata #DataScience #DataAnalytics",3,3
1383835201181081607,1331398329977032707,aloknag_DS,Sun Apr 18 17:29:57 +0000 2021,"Day 27 of #66DaysOfData Round 2 :
Submitted the final assignment for the course ""Neural Networks and Deep Learning"". https://t.co/wJGvK673SX",1,16
1383827589760897033,1363855621628465153,korasaju_a,Sun Apr 18 16:59:42 +0000 2021,"Day 36–37 of #66DaysofData with @KenJee_DS 

•Continued my SQL Mastery Class — also answered some SQL and Python exercises on StrataScratch. 
•Studied SciPy — used it to compute statistical properties and implement  levene’s test on a dataset I’m currently working on.",1,17
1383819130059452427,2527930848,joao96santos,Sun Apr 18 16:26:05 +0000 2021,"65 / #66DaysOfData

9 Distance Measures in Data Science https://t.co/POaw3P81ec",0,15
1383796424953921546,1322620958327255040,Datavisz,Sun Apr 18 14:55:52 +0000 2021,Day 44 of #66daysofdata : Spent some time on titanic TPS. Browsed people's notebook.,0,16
1383796095029964810,1381863515170893824,IChandmoni,Sun Apr 18 14:54:33 +0000 2021,"#66daysofdata
Day 4-6:
I have learned python dictionary, python set, list, condition using if, else, elif.
It seems learning python is fun. *_*
#Python #Datascience",1,3
1383770833659650064,870577174184685568,digitalaube,Sun Apr 18 13:14:10 +0000 2021,"Day 2 #66daysofdata  learn some concepts on Feature  Engineering, Data Cleaning, One Hot Encoding, Outlier Detection, Dimentionalitity Reduction, Grid Search CV.",1,7
1383740140107931649,1324652185964204033,meyke9976,Sun Apr 18 11:12:12 +0000 2021,"Day 100 of #66daysofdata by @KenJee_DS 
I have been cheating with PowerBI a little. I exported the data and have been modifying it with Python. What a relief :) PowerBI is good for visualizing data, but for cleaning it and merging tables, not so much... 
Day 100 💯",0,22
1383734881427984387,18383562,pathria,Sun Apr 18 10:51:18 +0000 2021,#66daysofdata Day 18. Evaluate a classification model. Balance precision and recall. Represent  model performance using metrics and a confusion matrix. https://t.co/RTZGl3R4pR,0,2
1383697166074474500,1361968068503744512,rerethefirst,Sun Apr 18 08:21:26 +0000 2021,"Yesterday was day 4 of my first #66daysofdata 
Spent the day working on the #AIWednesdays Hackathon!
@DataScienceNIG",0,7
1383696643136974855,397272525,shatandv,Sun Apr 18 08:19:22 +0000 2021,"Day 103 of #66DaysOfData:
- Learned about ways to deal with the train and test distribution mismatch. Synthesizing, or collecting more correct data seems to be the main way to do it,
- Learned about a framework for deciding whether an AI solution should be built in-house or not.",0,12
1383689100666884102,2352929006,AkirasGames,Sun Apr 18 07:49:23 +0000 2021,"Day 2 : Learning AutoML
#66daysofdata",0,2
1383683469595713537,554435225,hmatalonga,Sun Apr 18 07:27:01 +0000 2021,"Day 34 of #66DaysofData. Diving into the goodness of fit test, it is used to test if sample data fits a distribution from a certain population. Some tests commonly used in statistics are:
- The chi-square.
- Kolmogorov-Smirnov.
- Anderson-Darling.
- Shapiro-Wilk.

#Statistics",0,9
1383681519068143626,1266599735881687040,ChinWuChen1,Sun Apr 18 07:19:16 +0000 2021,"D26 #66daysofdata 
- started a new course on Coursera: Building modern python application on AWS!",0,3
1383672036791226373,1137782574036635649,thedataprof,Sun Apr 18 06:41:35 +0000 2021,"Hi friends, the first original video for the new channel on ""How fast do you type?"" where I take a look into Monkeytype that you can use for figuring out how fast you type.
https://t.co/bpnRr9mZyT
#coding #66daysofdata #productivity #typingspeed #coder #programming #programmer",3,10
1383650366206615558,995452348280573955,Just_Jordan_T,Sun Apr 18 05:15:28 +0000 2021,Day 25: Reading CH7 'Estimates and intervals' - 'Art Of Statistics' - On Udacity I Just watched 'Why the Standard Deviation?' going over the Maths involved. #66daysofdata #DataScience #Stats,0,2
1383645533588189192,63557338,egm_photo,Sun Apr 18 04:56:16 +0000 2021,"Day 104 of #66DaysOfData with @KenJee_DS 

Today it was all about Kumu. Nothing but Kumu. Okay, and a little bit of scripts. And sheets. Totally random stuff. Want to know more? Click here: https://t.co/lmiRp3tXc5 https://t.co/VLeQcuICDk",0,7
1383632798867595268,1137782574036635649,thedataprof,Sun Apr 18 04:05:40 +0000 2021,"My friend Dhaval (@codebasicshub) is starting a new #YouTube series on ""#Mathematics and #statistics for #datascience and #machinelearning"". Check the announcement video at https://t.co/baZlCMaJvI via @YouTube 
#66daysofdata #datascientist #dataanalyst",2,15
1383614445172133894,1377113586145751042,sustainablersyd,Sun Apr 18 02:52:44 +0000 2021,"Day 19 of #66daysofdata with @KenJee_DS :
Reading a bit of “How Charts Lie” by Alberto Cairo and started a machine learning course! Tuned into @hellotinah ‘s live on data camp vs data quest vs 365 DS for a bit",0,15
1383597140719534081,1137782574036635649,thedataprof,Sun Apr 18 01:43:58 +0000 2021,"Hi friends, thanks for the immense support, this 1 day growth of the new channel took over a month for the main channel (Data Professor) to reach. Creating a 2nd channel inspired by my YouTuber friends @KenJee_DS @Krishnaik06 @codebasicshub @keithgalli  among others
#66daysofdata https://t.co/F21wR1GbCu",0,27
1383540950555709443,1329313525974532097,AyubRasool14,Sat Apr 17 22:00:42 +0000 2021,Day 20/66: continued the course on Google data analytics. #66daysofdata,0,14
1383530491765149703,1059200207756423170,Aamna__Suhail01,Sat Apr 17 21:19:08 +0000 2021,"After 1 week of election hustle , resuming my data life again
#66daysofdata 
Day 23
@KenJee_DS

@Krishnaik06 Videos of Python and Stats-
Lambda Fxn, Map Fxn, Filter Fxn, List Comp., Advanced String Formtting, Gaussian Distribution, Log Normal Distribution",0,9
1383519543578951685,1300492664308146176,MarkusM99098101,Sat Apr 17 20:35:38 +0000 2021,"46 of  #66DaysOfData r2: spend almost the whole day with an assignment for the programming methods and techniques class, which was all about recursive functions on linked lists.

Managed to read a blog post about feature engineering in NLP https://t.co/QJ9qlEcPYW",0,12
1383515772375367682,466528595,Elena_Dyagileva,Sat Apr 17 20:20:39 +0000 2021,"DAY 35 of #66DaysofData:
I haven’t studied for a week 🙈 just practiced Python today at Stepik",0,14
1383510943791935492,59787963,jamesnan,Sat Apr 17 20:01:28 +0000 2021,"Day 47 : #66DaysOfData
I'm Working on Airbnb dataset today.  I got a problem with developer account set up, have to put the twitter project on hold for now.",0,4
1383508223785725958,1243246008303112192,samarthgupta39,Sat Apr 17 19:50:39 +0000 2021,"day55 of #66daysofdata
- Today I learned about Learning Vector Quantisation(LVQ) from principles of soft computing book 
- continued with @datacamp course",0,16
1383494507799355402,1342015716535508994,iamsalihmansoor,Sat Apr 17 18:56:09 +0000 2021,"Day 51

Had a lighter day. Watched Ken Jee's latest video on real data science job application data.

@KenJee_DS #66daysofdata",0,10
1383492470118359048,32453704,anyachocolat,Sat Apr 17 18:48:03 +0000 2021,"Day 19 of #66DaysOfData:
- started the course module about functions, came across 'foo' and 'bar', decided to read about metasyntactic variables and ended up playing Colossal Cave Adventure",0,10
1383491596134453255,1649054340,a_escontrela,Sat Apr 17 18:44:35 +0000 2021,Day 18 of #66daysofdata #100DaysOfMLCode today I started Big data Google cloud specialization. Also I did some tests on the ETL project,0,3
1383488442999263237,1331398329977032707,aloknag_DS,Sat Apr 17 18:32:03 +0000 2021,"Day 26 of #66DaysOfData Round 2 :
Finished the theory part of neural network and deep learning course.  Great course from Andrew Ng!

I will submit the final assignment tomorrow. 

Today's topic was deep neural network ( more than 2 hidden layers). Learned about the following :",0,10
1383484699478089736,1361227694889967616,dataQueen_pend,Sat Apr 17 18:17:10 +0000 2021,"Day 59 of #66daysofdata I've only managed to watch @KenJee_DS latest video (about data scientist Jobs).

But today - day 60 - I was learning about loops!

Resource ➡️ @simplilearn python course

Topics:
✨ While loops
✨ For loops
✨ Nested loops
✨ Control statements https://t.co/IM5swOEtKS",1,13
1383479682587271178,2562318241,NeemaMV,Sat Apr 17 17:57:14 +0000 2021,"Day 51 of #66daysofdata
Day 80 of #100DaysOfCode #DataScience
Had a great session with Integrated AI mentor team.
Day 31 of #100DaysofSQL
Completed docker installation for the course.",6,16
1383478205634416640,731856877139558400,ABYA80,Sat Apr 17 17:51:22 +0000 2021,"R2: #66daysofdata with @KenJee_DS 

Day 31: Done with the basics of web scraping (BeautifulSoup), then practiced by doing some questions from this video by @keithgalli. https://t.co/ewwbh0IUZo",0,18
1383465023230529545,1355938756583321609,Sinnerman____,Sat Apr 17 16:58:59 +0000 2021,"#66daysofdata
Day 28 &amp; 29: Done with the 3/8th course( Prepare Data for Exploration) of Google data analytics professional certificate.",0,1
1383446443935948810,1356609984163889154,jo_grammer,Sat Apr 17 15:45:10 +0000 2021,"Day 48 #66daysofdata 

Continued working on the AI ethics course on Kaggle covering different types of biases in AI
Continued working as well on the #100daysofcode course with the App Brewery on OOP
read this article

https://t.co/DbSUbYLzf6",3,11
1383436809359675392,1322620958327255040,Datavisz,Sat Apr 17 15:06:53 +0000 2021,Day 43 of #66daysofdata: Finished automate the boring stuff with Python course.,0,8
1383392229247488003,397272525,shatandv,Sat Apr 17 12:09:44 +0000 2021,"Day 102 of #66DaysOfData:
- Watched some videos about SVD and PCA. Gilbert Strang and StatQuest are a godsend.",0,11
1383374044683067403,324583975,georgekanellos,Sat Apr 17 10:57:28 +0000 2021,"Days 21-23(R2) of #66daysofdata by @KenJee_DS 

I worked further on the NBA dataset to make predictions on the ppg of an individual player. (Shockingly) it is not very easy 😰",0,12
1383350307367710727,32453704,anyachocolat,Sat Apr 17 09:23:09 +0000 2021,"Day 18 of #66DaysOfData:
- Skillfactory course, finished the basics of Python module",0,8
1383332126779592714,554435225,hmatalonga,Sat Apr 17 08:10:54 +0000 2021,"Day 33 of #66DaysofData. Still on imbalanced classification datasets, a quick tip on model metrics. Accuracy can be misleading. Try different classification metrics like the F-score and Matthews correlation coefficient.

#DataScience",0,3
1383325448629673984,1324652185964204033,meyke9976,Sat Apr 17 07:44:22 +0000 2021,"Day 99 of #66daysofdata by @KenJee_DS 
Continued with setting up Azure cognitive services and running queries to get the sentiment score for the reviews. Also ran cognitive services to extract lists of words in order to be able to create wordclouds.",0,12
1383319288589688837,2352929006,AkirasGames,Sat Apr 17 07:19:53 +0000 2021,"Day 1 : Reviewing Intro to Machine Learning Kaggle's course
#66daysofdata",2,1
1383302315638026243,1294630545490456578,AbdGeeky,Sat Apr 17 06:12:27 +0000 2021,"I just published a new article on How to Get all the Co-ordinates of Hand using Mediapipe Hand Solutions ? 
https://t.co/FxBZN7X4h9 
#66daysofdata #computervision #mediapipe",0,1
1383265272442757127,995452348280573955,Just_Jordan_T,Sat Apr 17 03:45:15 +0000 2021,"Day 24:  #66DaysOfData Finished CH6 'Art Of Statistics', Still working through Descriptive Statistics on Udacity. Also working on Analyzing one categorical variable on Khan Academy. #Python #Programming #DataScience #DataAnalytics",5,1
1383259160427433989,59787963,jamesnan,Sat Apr 17 03:20:58 +0000 2021,"Day 46 : #66DaysOfData
start a new project, ""Analyzing Twitter data""",0,2
1383247783503667207,19448058,paulapivat,Sat Apr 17 02:35:45 +0000 2021,"R3: Day 17: #66daysofdata 

•Quick tangent to document how to consume JSON data format from an Open API in R, packages used include:
• httr
• jsonlite

(python way coming soon)

https://t.co/7u8Fse0iFq",1,2
1383235752973111296,784839510303453185,tthoraldson,Sat Apr 17 01:47:57 +0000 2021,"Days 32&amp;33 of #66daysofdata R2: It’s been light the last few days, mostly reading articles on Medium.",1,3
1383230263283486726,969343076442542081,JaimeAAvendano,Sat Apr 17 01:26:08 +0000 2021,"Day 50 of #66DaysofData-

- Finished the current version of the multi-class classification notebook in Kaggle. 
- Tried out the hyperopt package for tuning parameters. Will definitely use it again.

Code: https://t.co/bBlisiyO5S",0,10
1383197995320147969,870577174184685568,digitalaube,Fri Apr 16 23:17:55 +0000 2021,"Day 1  #66daysofdata  learn Python basics from Kaggle  micro courses, lesson 1 'Hello, Python'.",0,3
1383196040556392457,1377113586145751042,sustainablersyd,Fri Apr 16 23:10:09 +0000 2021,"Day 18 of #66daysofdata with @KenJee_DS 
- almost finished with that SQL and dbt stuff, to be continued on Monday. 
Yesterday was a difficult day in terms of learning and was very flustered but feeling exponentially better and more confident today. Cheers to ups and downs!!",0,12
1383173999706931206,1361968068503744512,rerethefirst,Fri Apr 16 21:42:34 +0000 2021,"Day 3 of #66DaysOfData
• learnt some data pre-pocessing techniques: label encoding and one hot encoding.
• learnt about the sklearn library, and trained a few machine learning models with data for the first time😄",0,11
1383143603346804743,341612756,JamesGlassey,Fri Apr 16 19:41:47 +0000 2021,"Day 7,8 and 8 of @KenJee_DS' #66daysofdata 
- I am still working through the churn model dataset: creating a churn prediction model and data visualisations to show details of the customers, the best locations of operations and other bits and bobs.",0,9
1383142914671443968,2149586883,vperez2000,Fri Apr 16 19:39:03 +0000 2021,"#66daysofdata #R3 #Day7 by @KenJee_DS
@DataCamp DS track

Intermediate #Seaborn ✅ Done 
Moving Forward!!!!

🎉🎉🎉🎉 https://t.co/uFW4hojaRa",0,6
1383140137287225352,1649054340,a_escontrela,Fri Apr 16 19:28:00 +0000 2021,"Day 18 of #66daysofdata #100DaysOfMLCode today I was lazy, time for reading about Random Forest and SVM https://t.co/4hVyAJJnfJ",0,4
1383138068568281090,1243246008303112192,samarthgupta39,Fri Apr 16 19:19:47 +0000 2021,"day54 of #66daysofdata
- Today I learned about kohonen self organizing Feature maps from principles of soft computing book 
- Practiced some leetcode problems",0,14
1383134048327933953,1346312420780752896,Comet_Miller,Fri Apr 16 19:03:49 +0000 2021,"Little follow-up on my #66DaysOfData challenge by @KenJee_DS that I finished a few days ago:

Even though I missed more days than I would've preferred (some days just felt impossible to get it in), I accomplished my statistics, programming, and personal project mini goals by--",0,9
1383125813546127365,1342015716535508994,iamsalihmansoor,Fri Apr 16 18:31:05 +0000 2021,"Day 49 &amp; 50

Continued working on the Enron dataset

@KenJee_DS #66daysofdata",0,11
1383125609891704841,2527930848,joao96santos,Fri Apr 16 18:30:17 +0000 2021,"64 / #66DaysOfData 

@AndrewYNg on Model-Centric to Data-Centric Approach on MLOps
https://t.co/nDt23boOxj",0,7
1383122062902849537,1363855621628465153,korasaju_a,Fri Apr 16 18:16:11 +0000 2021,"Day 35 of #66DaysofData with @KenJee_DS 

Today, I finished doing Data Wrangling using Trifacta on 3 Dataset. Idk why but I find it so satisfying transforming dirty data into a clean one. 

I’m gonna continue my Statistics and SQL for Data Science mastery class tomorrow.",0,13
1383115540730814465,731856877139558400,ABYA80,Fri Apr 16 17:50:16 +0000 2021,"R2: #66daysofdata with @KenJee_DS 

Day 30: Learned find/find_all method and select method in BeautifulSoup.
Watched @Krishnaik06's LinkedIn profile optimization video.",0,20
1383114323095027715,2562318241,NeemaMV,Fri Apr 16 17:45:26 +0000 2021,"Day 50 of #66daysofdata 
Day 79 of #100daysofCode #DataScience #Data
Working on r code integration in knime and a meeting with onshore folks on missing values imputation.
Day 30 of #100daysofSQL
Decided to join Serious SQL by Danny. Completed introduction course.",7,11
1383110977781080067,1331398329977032707,aloknag_DS,Fri Apr 16 17:32:08 +0000 2021,"Day 25 of #66DaysOfData Round 2 :

Studied shallow neural network. Learned to perform forward and backward propagation for computing output and gradients of parameters and created gradient descent for neural network from scratch for cost function optimization.",0,9
1383109233332355074,1300492664308146176,MarkusM99098101,Fri Apr 16 17:25:12 +0000 2021,"Day 44 and 45 of  #66DaysOfData r2.

D 44: wrote about a data project for my website.
D 45: read relatively fast through the 8th chapter of Python Machine Learning which is about sentiment  and topic analysis. Found a few things I can use for my twitter analysis.",0,8
1383100215465492484,1356609984163889154,jo_grammer,Fri Apr 16 16:49:22 +0000 2021,"Day 47 #66daysofdata 

Worked on my ML module assignment &amp; submitted for review on my IBM DS certif KNN Decision Tree SVM Logistic R
Continued working on my #100daysofcode course covering OOP
&amp; a little history on Computer Science w/ this paper I found👇

https://t.co/jlp4uOtSy5",5,15
1383094394581041152,1284445574511636480,Tommy_McLennan,Fri Apr 16 16:26:14 +0000 2021,"D7 - Rd 2 #66DaysofData Researching security aspects of data - including - cryptography algorithms (RSA, ECC etc.), confidentiality, integrity, and availability (CIA), access control modes, HTTPS, SSL, types of attacks.. On holiday from today so I'll be posting less than usual :)",0,20
1383067888592949253,94308247,poetratron,Fri Apr 16 14:40:55 +0000 2021,So I'm gonna start day 1 of #66daysofdata with learning a basic math from a coursera course. I just learned how to read a sigma and finally understand what a standard deviation is lol,0,2
1383045651861180421,1137782574036635649,thedataprof,Fri Apr 16 13:12:33 +0000 2021,"Hi friends, How cool would it be to combine several #machinelearning #classifiers together? In this video I show you how by #stacking #ML models using #scikitlearn 
https://t.co/B94FdTl42R

#datascience #66daysofdata",5,14
1382993722355425289,63557338,egm_photo,Fri Apr 16 09:46:12 +0000 2021,"Day 102 of #66DaysOfData with @KenJee_DS 

More bugs. Impatience. Over complicating. Is the reinforced learning working? Find out here: https://t.co/eztRuzl1W0 https://t.co/5ThnfCuSPa",0,7
1382960237418852355,397272525,shatandv,Fri Apr 16 07:33:09 +0000 2021,"Day 101 of #66DaysOfData:
- Exported a Folium map to PNG. Does anyone know how to save only a partially transparent map overlay to PNG? Asking for a friend.
- Didn't do much else DS-related.",0,12
1382958692920930304,554435225,hmatalonga,Fri Apr 16 07:27:01 +0000 2021,"Day 32 of #66DaysofData. On imbalanced datasets, one thing to try is to even up the class proportions. Two ways to do it are:
- Under-sampling, removing data points of the majority class.
- Over-sampling, adding more data points of the minority class.

#DataScience",0,5
1382904434829582337,1163814073752072192,EthanCDouglas,Fri Apr 16 03:51:25 +0000 2021,"Day 7 or #66DaysOfData. R is flowing more freely, so I'm now diving into Shiny, starting with a YT tutorial series by @thedataprof. Also got a bit closer to automating some scraping for @SigmaStable, and have decided that web scraping is my favorite data problem to solve",0,6
1382899833686663168,1361968068503744512,rerethefirst,Fri Apr 16 03:33:08 +0000 2021,"#66daysofdata day 2.
I learned about exploratory data analysis, also had to relearn some basic statistics!",0,6
1382887027222446081,59787963,jamesnan,Fri Apr 16 02:42:14 +0000 2021,"Day 45 : #66DaysOfData
Watch ken jee's vedio and read articles for planning portfolio project",0,1
1382883009859256320,1137782574036635649,thedataprof,Fri Apr 16 02:26:16 +0000 2021,"Great advice from @JackRaifer on using simple models to start out in analyzing data. My favorite is to start by using simple linear #regression or #randomforest to get that first model out. This first model could help diagnose other areas to look at for improving.
#66daysofdata https://t.co/eiUQLqUxhg",0,13
1382881093137833988,969343076442542081,JaimeAAvendano,Fri Apr 16 02:18:39 +0000 2021,"Day 48-49 of #66DaysofData-

- Started the next course in the Google Analytics series. 
- Working on a Kaggle classification notebook with 10 values in the target class.",0,18
1382880927471255554,1377113586145751042,sustainablersyd,Fri Apr 16 02:18:00 +0000 2021,"Day 15 of #66daysofdata with @KenJee_DS 
- Some segment catch up with the team re: audience set up and criteria from SQL
- Looker DR / dive into documenting user permissions at the org level
- worked on my first SQL query to build out a new Braze field! Tbc tomorrow",0,10
1382880455767293953,1382846393597972481,Achraf81659754,Fri Apr 16 02:16:07 +0000 2021,"using #PrediqtPQT and #LATOKEN. Most liked tweet will get 500K tokens.
#business #analytics #cybersecurity #devops  #datascience #ai #bot #Serverless #womenintech #100DaysOfCode #66DaysOfData #DataScience #iot #QaRt #Phemex #NFT https://t.co/ezBnjTr2YO",11,7
1382870804556259329,1329313525974532097,AyubRasool14,Fri Apr 16 01:37:46 +0000 2021,Day 18/66: EDA on stroke kaggle data      Day19/66: managed to go thru 2 Python functions: transform and group by. #66daysofdata,0,10
1382865660808601600,1266599735881687040,ChinWuChen1,Fri Apr 16 01:17:20 +0000 2021,"D26 #66daysofdata 
- looking into tools and articles on how to create a chatbot...🤔",0,7
1382864344011087873,1137782574036635649,thedataprof,Fri Apr 16 01:12:06 +0000 2021,"Nice share by @_qu4nt on project ideas for #Python, #Java, #Javascript and #Flutter. The great thing is that the ideas are categorized according to difficulty level.
#datascience #66daysofdata https://t.co/UpK5NbGBZz",8,9
1382813614709493761,1354069663223746560,termsposter,Thu Apr 15 21:50:31 +0000 2021,"Day &lt;05-06&gt; of #66DaysOfData:
- Worked through most of first exercise on functions, data types, control flow, lambda expressions, map function, filter function, methods etc.
- Tried tinkering a bit with them on the side",0,7
1382813339462553609,1369643950395564032,AsgharMarvi,Thu Apr 15 21:49:26 +0000 2021,"Day 8 of my #66daysofdata challenge. Learned about making components to structure workflows in KNIME. Components in visual programming context are like calling a library function and not worrying about what is under the hood.

#KNIME #ML #DataScience",1,7
1382812325560848387,1369643950395564032,AsgharMarvi,Thu Apr 15 21:45:24 +0000 2021,"Day 7 of my #66daysofdata challenge. Learned and implemented TF-IDF measure. Implemented a tag cloud using TF-IDF measure in KNIME.

#KNIME #ML #DataScience https://t.co/9FahWkbeD9",2,2
1382812106458824707,1649054340,a_escontrela,Thu Apr 15 21:44:32 +0000 2021,Day 17 of #66daysofdata #100DaysOfMLCode today was about APIs and python wrappers for Extract component of ETL. I didn't make a huge progress though,0,13
1382807213534744576,1324652185964204033,meyke9976,Thu Apr 15 21:25:05 +0000 2021,"Day 98 of #66daysofdata by @KenJee_DS 
Worked in Power Query to get the sentiment analysis via Azure cognitive services working. will continue tomorrow, hopefully with some visualizations!",0,18
1382796517820362753,822280007502295041,_paulo_lopez_,Thu Apr 15 20:42:35 +0000 2021,"#100DaysOfMLCode #100DaysOfCode #66daysofdata #Python  On day 2⃣0⃣

🔹Tried Python implementations of the Boruta R package feature selection method.

and put it on a table:

https://t.co/8fcNmLnqAE https://t.co/P2NApAtbxB",4,9
1382795024241455107,32453704,anyachocolat,Thu Apr 15 20:36:39 +0000 2021,"Day 17 of #66DaysOfData:
- a bit more progress with the course",0,16
1382779345714958338,1361227694889967616,dataQueen_pend,Thu Apr 15 19:34:21 +0000 2021,"Day 58 of #66daysofdata I devoted to gather energy for a new working week. 

But today - day 59 of #66daysofdata - I've done:
➡️ A review of all data types I was working on recently
➡️ If else statements!

+Proper syntax +Flow +Examples
✨If ✨If,else ✨Nested If ✨If,elif",0,17
1382765402602676224,406512519,rohan_kumawat,Thu Apr 15 18:38:57 +0000 2021,"Day 33 to 38 of #66daysofdata and #100DaysofCode 
I worked on the Competition. My exam suddenly came and I shifted my focus on them too. 
Studied my subjects which are also related to Data Science: Data Warehousing and Data Mining, ANN, AI, etc.",5,6
1382762973920260096,1331398329977032707,aloknag_DS,Thu Apr 15 18:29:18 +0000 2021,"Days 22-24 of #66DaysOfData Round 2 :

Forgot to post updates for past two days. So, including those as well. 

studied linear models :
- ordinary least squares regression
- ridge regression
- lasso regression
- Logistic regression (classification)",0,4
1382758983191121922,554435225,hmatalonga,Thu Apr 15 18:13:26 +0000 2021,"Day 31 of #66DaysofData. After a long hiatus, I am continuing the journey. I have started to work a lot with imbalanced datasets. Here is a good list of examples of datasets for imbalanced classification.

#DataScience 

https://t.co/f1O6URlJLq",1,3
1382754435596746754,1243246008303112192,samarthgupta39,Thu Apr 15 17:55:22 +0000 2021,"day53 of #66daysofdata
Today I learned about TPOT in python from 
https://t.co/d96H6YQkMn
Practiced some leetcode problems(python)",0,4
1382752538684887041,1281890679052857346,ShrutiJ87241031,Thu Apr 15 17:47:50 +0000 2021,"Day 40 :R2 #66daysofdata 
Learned exception handling in python. @KenJee_DS",0,15
1382746212768436224,1381863515170893824,IChandmoni,Thu Apr 15 17:22:41 +0000 2021,"#66daysofdata 
Day 3:
Today I spent only 30 minutes learning python, I checked the #codewithharry channel on youtube and start learning python sequentially, so I just picked his video to learn python.
Will continue watching his tutorial.
#python #DataScience",2,9
1382746108175085568,731856877139558400,ABYA80,Thu Apr 15 17:22:17 +0000 2021,"R2: #66daysofdata with @KenJee_DS 

Day 29: Brushing up some concepts in inferential statistics from @khanacademy. Watching this video on web scrapping. https://t.co/9sGeZVA5Kk",0,16
1382733639746691077,1322620958327255040,Datavisz,Thu Apr 15 16:32:44 +0000 2021,Day 42 of #66daysofdata: Wrote a small script to merge all excel files in pandas.,0,11
1382722440871047175,1356609984163889154,jo_grammer,Thu Apr 15 15:48:14 +0000 2021,"Day 46 of #66daysofdata 

Practiced SQL querying on w3schools
Continued working on the #100daysofcode course with the App Brewery 
Spent some time on GitHub reading code, and finished setting up my profile (time to add projects to it now)🤯
article read:

https://t.co/JztUe7w8Qm",4,12
1382713601971015682,1363855621628465153,korasaju_a,Thu Apr 15 15:13:06 +0000 2021,"Day 34 of #66DaysofData with @KenJee_DS 

Today, I:
1 Attended an Online Event at Asian Institute of Management on How Physicists in 🇵🇭 transitioned to Data Science
2 Read an article in TDS titled The critical, but often overlooked, skills in Data Science and Analytics.",0,18
1382710558827302914,1355938756583321609,Sinnerman____,Thu Apr 15 15:01:01 +0000 2021,"#66daysofdata
Day 27: Completed the 2nd course(Ask questions, basics of spreadsheet) of Google data analytics professional certificate.",0,9
1382694953105641489,1251238632712699911,sev_fat,Thu Apr 15 13:59:00 +0000 2021,Day 32 of #66DaysOfData. I started to enjoy about data manipulation with pandas 🤞,0,15
1382669406552080389,1369643950395564032,AsgharMarvi,Thu Apr 15 12:17:29 +0000 2021,"Day 6 of my #66daysofdata challenge. Learned about Term co-occurrences in corpus and its importance in textual analysis.

#KNIME #ML #DataScience",3,9
1382669051479068674,1369643950395564032,AsgharMarvi,Thu Apr 15 12:16:05 +0000 2021,"Day 5 of my #66daysofdata challenge. I overcame limitation of repeated hits on Boiler Pipe API. used a ""Wait.."" node in KNIME Analytics platform to halt each iteration in a loop for 10 seconds and allow time to recover from last API call.

#KNIME #ML #DataScience https://t.co/AQezAEbiic",1,2
