tweet_id,user_id,user_name,created_at,full_text,retweets,favorite
1332004596596703232,1281890679052857346,ShrutiJ87241031,Thu Nov 26 16:53:37 +0000 2020,"Day 10:  #66daysofdata
-  completed the Titanic notebook in kaggle through intro to ML micro course in kaggle",0,1
1332002607221575686,1181293504615587840,hotmerchs,Thu Nov 26 16:45:43 +0000 2020,"Order yours now. 
https://t.co/0xlsaWK5DI

#DataScience, #BlackFriday #BigData #100DaysOfCode #66daysofdata #DataAnalytics #MachineLearning #DeepLearning #AI #Coding  #Analytics #Dataviz #Python #100DaysOfCode https://t.co/DZ2WTdboHq",2,2
1332001999529930753,1181293504615587840,hotmerchs,Thu Nov 26 16:43:18 +0000 2020,"Hello data science professionals, get yours now! 
https://t.co/0xlsaWK5DI

#DataScience, #BlackFriday #BigData #100DaysOfCode #66daysofdata #DataAnalytics #MachineLearning #DeepLearning #AI #Coding  #Analytics #Dataviz #Python #100DaysOfCode https://t.co/2ETlAffYzg",3,3
1331994132869308417,1319794636915761152,kenwongkaien,Thu Nov 26 16:12:03 +0000 2020,"Day 30 of #66daysofdata:
Reviewed the concept of mean in statistics.",0,1
1331988571801092098,1300541186864590848,trainandtest,Thu Nov 26 15:49:57 +0000 2020,"Here’s what I’ve been working on for the past two days
#TimeSeries analysis using #AutoArima in #Python for #Stock  prices of Yes Bank Ltd.

Do review and Upvote, if you like it! 

#100DaysOfCode #100DaysOfMLCode #kaggle #66daysofdata #MachineLearning 

https://t.co/f5qXKZ4gyP",4,3
1331985506289152002,1453368613,VivanVatsa,Thu Nov 26 15:37:46 +0000 2020,"from data to data pronounciation..... you grew up.

or not?

#Python #66daysofdata #programmer #dataviz #DataScience #bigdata #100DaysOfCode #DEVCommunity",0,1
1331969176324304897,1310565371389177858,R1SE_823,Thu Nov 26 14:32:53 +0000 2020,"Day 35 of #66daysofdata 
- Continued week 8 of ML by Andrew Ng
- practiced python in Hackerank",0,1
1331949694373662720,209191879,bhatnagarkush,Thu Nov 26 13:15:28 +0000 2020,"Day-3 to Day-9 : Learn about FAST  API library , created dummy APIs and trying to implement in data science project.

Checking intro videos of  deep learning courses.
#66daysofdata #BetterLateThanNever",2,0
1331941054833065984,1701937670,kkccookkiiee,Thu Nov 26 12:41:08 +0000 2020,"#66daysofdata #day2
Today I learned
- connect Python and database using SQLite3 library on Codecademy
- gradient descent for logistic regression on Coursera",0,1
1331913577280667648,2588345408,paulr_rohan,Thu Nov 26 10:51:57 +0000 2020,"Feeling #Thankful and humbled to reach 700 followers in #medium #Blog 

https://t.co/vf7QS4dTiT

#MachineLearning #DataScience #Python #100DaysOfMLCode #66Daysofdata #blogging #Bloggers #Blog https://t.co/UpEBt4HOj1",0,1
1331885336805326849,2212129783,sam_jwalsh,Thu Nov 26 08:59:44 +0000 2020,"#66daysofdata 
Day 9:
-Started new chapter of Analyzing Baseball Data in R
-Evaluated the effect counts on hitter/pitcher performance and pitch selection.",0,0
1331838512824348672,909968496011894784,Paiky16,Thu Nov 26 05:53:40 +0000 2020,"Starting #66daysofdata initiative by @KenJee_DS from tomorrow.
Focus for next 66 Days-
⏹️ Kaggle Micro Course Series 
⏹️ Machine Learning Crash Course -  Google
⏹️ Zero to Gans - Jovian
⏹️ Book - AAMLP by Abhishek Thakur
⏹️ Hackathons &amp; Portfolio",1,5
1331818852334723079,45938414,KiInoue,Thu Nov 26 04:35:33 +0000 2020,"Day36 of #66DaysOfData: the simplicity of Scikit-Learn for data preparation is so useful: SimpleImputer, ColumnTransformer, OneHotEncoder, LabelEncoder 🐍",1,1
1331812355467046912,2771098682,pigglymichele,Thu Nov 26 04:09:44 +0000 2020,"✅ DAY 36 of #66daysofdata 

😋😋 so happy today because I finished what I wanted to finish by 5 pm so I had time to go on douyin

✨ went to two live review sessions for unit 4-5 and also started unit 6 with learning how to use filter and url in dashboards 

#tableau",1,0
1331805426715926528,1320782511748927489,NoahHorsleyDS,Thu Nov 26 03:42:12 +0000 2020,"Today I started Chapter 1 in The Black Swan and cleaned up a project repo on my GitHub. Does anyone else wish they could write everything in Markdown?

Day 29 of #66daysofdata 
Days missed: 1",0,3
1331802202906783744,1108001526872723461,datapride_net,Thu Nov 26 03:29:23 +0000 2020,"Become a data science expert and get all the support you need.
https://t.co/jZgf9jh7JZ

#66daysofdata
#DataAnalytics #MachineLearning #DeepLearning #AI
#Coding #DataScience #Analytics #Dataviz #Python #100DaysOfCode",12,2
1331801844469948417,1108001526872723461,datapride_net,Thu Nov 26 03:27:58 +0000 2020,"The Smartest Way To
Learn Data Science Online.
https://t.co/jZgf9jh7JZ

#100DaysOfCode #66daysofdata
#DataAnalytics #MachineLearning #DeepLearning #AI #Coding #DataScience #Analytics #Dataviz #Python #100DaysOfCode",3,3
1331782391921217536,1214740859628818432,SripathiMohana1,Thu Nov 26 02:10:40 +0000 2020,"Day 51: Revised Unsupervised algorithms(kmeans, agglomerative clustering) and dimensionality reduction (PCA, TSNE, NMF) #66daysofdata",0,0
1331771420964216838,802659374971944963,StorybyData,Thu Nov 26 01:27:04 +0000 2020,"What is the #66daysofdata challenge?
https://t.co/k0oMR9Gk1J",1,8
1331769990270300160,1332613548,imkeller_5,Thu Nov 26 01:21:23 +0000 2020,Day 37 of #66daysofdata! I was able to use MoviePy to make my animations and make it work for the NFL Data. Thanks again to @lastrowview. I used a lot of the code in his GitHub to make it work! The notebooks there are pretty helpful!,1,2
1331739443531755525,1304478608883417088,deraozoh,Wed Nov 25 23:20:00 +0000 2020,Day 7. of #66daysofdata Read Hands on Machine Learning with Sckit-Learning and Keras.,0,0
1331717434127093760,2527930848,joao96santos,Wed Nov 25 21:52:33 +0000 2020,"48 / #66DaysOfData
•  Read ""Generative Pretraining from Pixels"" Paper
https://t.co/HcavAmZT6s

•  Started the ""2020 Kaggle ML &amp; DS Survey"" Competition with the Project: ""Are You Too Old For Data Science"" (WIP)",1,1
1331711488533409792,1272594316507004929,JamesJDargan,Wed Nov 25 21:28:55 +0000 2020,"Day 1 of #66daysofdata: Completed LinkedIn Learning's Git Essentials Course. Reviewed git design, trees, commits, reversions, and gitignore.",0,0
1331698728558866432,1318596362703962119,dataleftovers,Wed Nov 25 20:38:13 +0000 2020,"Day 16 and 17 of #66daysofdata:

Focused on data visualization. Imagine a tableau + Thanksgiving table pun.",0,0
1331664478279122945,1281890679052857346,ShrutiJ87241031,Wed Nov 25 18:22:07 +0000 2020,"Day 9: #66daysofdata 
- Completed the intro of ML micro course in kaggle 
- Submitted my first ever kaggle competition (house price competition)
@KenJee_DS",0,4
1331662472189784066,1295257646426214402,innovatesystem1,Wed Nov 25 18:14:09 +0000 2020,"Data science in a nutshell!

#datascience #DiegoArmandoMaradona #python #Java #66daysofdata #WomenWhoCode #16DaysOfActivism #HipHopVideo #LisaOnPenshoppeTV #NivarCycloneUpdate #oscars2021 #iNovatesystems #coding #programmimg #100DaysOfMLCode #100daysofcodechallenge #Statistics https://t.co/6pP27qN40d",14,10
1331641823652003840,1319794636915761152,kenwongkaien,Wed Nov 25 16:52:06 +0000 2020,"Day 29 of #66daysofdata:
Read a few papers regarding multi-label convolutional neural network (MLCNN).",0,3
1331624715530555393,19448058,paulapivat,Wed Nov 25 15:44:07 +0000 2020,"Day 5-6: #66daysofdata

- Still working through Bayes' Theorem 
- documenting my progress here: https://t.co/zz7m77buVJ

- will publish fuller post tomorrow",0,0
1331580929454718977,1199473474202406912,SadounMohammad,Wed Nov 25 12:50:07 +0000 2020,"Day 2 of #66daysofdata 

Today I continued reading on D4DS Ch 3, which is all about dplyr method that focuses on how we can do some modification on the dataset. I've completed till mutating exercises. https://t.co/MDGnJSPn3o",0,0
1331558606118928385,1701937670,kkccookkiiee,Wed Nov 25 11:21:25 +0000 2020,"#66daysofdata #day1
 Today I study the neural network from neural networks and deep learning course by Andrew Ng
I found that logistic regression could be more accuracy if I applied with neural network
Today learning track: cost function and gradient descent",1,1
1331541817070850048,1295257646426214402,innovatesystem1,Wed Nov 25 10:14:42 +0000 2020,"Jog your mind!
Comment your answer below 

#python #coding #developers #programming #MySQL  #womenwhocode #66daysofdata #100DaysOfCode #iNovatesystems #WeLoveYouCorbyn #100DaysOfMLCode #AI #statistics #javascript #java #wednesdaythought #WeAreUnstoppable #MathiasCormann #maths https://t.co/31KYqYatA9",11,11
1331523779059585028,1300541186864590848,trainandtest,Wed Nov 25 09:03:02 +0000 2020,"#QuestionOfTheDay Should feature selection be integrated into production pipeline? 

#data #DataScience #DataAnalytics #MachineLearning #AI #ArtificialIntelligence #66daysofdata #100DaysOfCode #100DaysOfMLCode",8,5
1331507722567692288,2212129783,sam_jwalsh,Wed Nov 25 07:59:13 +0000 2020,"#66daysofdata 
Day 8:
-Pretty busy day today, but I definitely got data science in due to my econometrics class which uses R https://t.co/PxT9FVhYBW",0,1
1331500376298643456,1453368613,VivanVatsa,Wed Nov 25 07:30:02 +0000 2020,"from logarithms to algorithms, we grew up.

#100DaysOfCode #Python #DEVCommunity #programming #66daysofdata #CodeNewbie #DEVCommunityIN",14,8
1331498071201550337,1301025989359788033,AMuktineni,Wed Nov 25 07:20:52 +0000 2020,"Beginning 2nd cycle of #66daysofdata @KenJee_DS 

Day 1 of #66daysofdata (2.0)

Completed 60% of Chapter1 - 'Intro to Importing Data in Python' @DataCamp during which I had practiced importing flat files using NumPy. (np.loadtxt(), np.genfromtxt(), np.recfromcsv())",1,12
1331492880188321793,1301025989359788033,AMuktineni,Wed Nov 25 07:00:15 +0000 2020,@KenJee_DS Thank You! this helped. Have been exploring datasets for the last couple of weeks. I have now decided to work on a problem that I am familiar with and related to the geographical area I reside in. Will continue to update my progress during #66daysofdata (2.0),0,2
1331492247905439747,1295257646426214402,innovatesystem1,Wed Nov 25 06:57:44 +0000 2020,"Data scienctist?
Here's one for you!
What are the skills needed?

#datascience #66daysofdata #womenwhocode #python #bigdata #Rstats #deeplearning #AI #ML #100DaysOfCode #ChampionsLeague #kidscantwait #parlerhack #prpgramming #Developer #iNovatesystems #StopDonkeySlaughter #coding https://t.co/DmeTKrJiWx",40,12
1331489555795599360,1301025989359788033,AMuktineni,Wed Nov 25 06:47:02 +0000 2020,@geekanvesh @kaggle @KenJee_DS Congratulations!💐Looking forward to see you in #66daysofdata 2.0 😉,0,2
1331487542701662208,1295257646426214402,innovatesystem1,Wed Nov 25 06:39:02 +0000 2020,"Register with us for Python classes at https://t.co/T0lWreaFHO

#python #100DaysOfCode #Coding  #66daysofdata #womenwhocode #DataScience #ableg #BTSGrammyNomination #ChampionsLeague #GRAMMYs #ilcollegio #kidscantwait #nakedattraction #iNovatesystems #OrangeTheWorld #ML #AI #Java https://t.co/5hJTJstm3n",27,6
1331479049386950656,2588345408,paulr_rohan,Wed Nov 25 06:05:17 +0000 2020,"My next #Blog  

#DataScience #100DaysOfMLCode #Python #DataScientist #66daysofdata #Statistics #Mathematics

https://t.co/t2PCpcVcbO",1,0
1331461431166963713,2771098682,pigglymichele,Wed Nov 25 04:55:17 +0000 2020,"✅ DAY 35 of #66daysofdata 

✨ omg I finished unit 5 today except the video review that imma finish up tonight as well

✨learned to write join calculations, blend data from two sources, edit the relationship when the common field has a diff name, and unions! 

#tableau",0,1
1331448971709931523,970641039248703488,kohli_tripti,Wed Nov 25 04:05:46 +0000 2020,"Day 61: #66daysofdata 
Started kaggle micro machine learning course.",0,2
1331447609156767744,1244281058255704070,ShibiAkino,Wed Nov 25 04:00:21 +0000 2020,"Day 8 Part 1 of my #66daysofdata

Doing my refresher course in Data Structures and Algorithms in Python.
To be honest, it is easy to learn Python as a programming language, but if you do not study nor understand its algorithm and data structure, then you'll be a bad programmer.",0,0
1331445837860274186,1214740859628818432,SripathiMohana1,Wed Nov 25 03:53:19 +0000 2020,Day 50:  Implement the encoder-decoder model with the Keras functional API. Learned about RepeatVector and TimeDistributed layers. #66daysofdata,0,0
1331443936993239041,45938414,KiInoue,Wed Nov 25 03:45:46 +0000 2020,Day35 of #66DaysOfData: matplotlib mania.,0,0
1331438737067307010,1272594316507004929,JamesJDargan,Wed Nov 25 03:25:06 +0000 2020,Starting #66daysofdata tomorrow AM. Planned topics and goals for first 30 days. First up: Git Fundamentals,0,0
1331427558785650688,1327577395776299008,jwfaureDS,Wed Nov 25 02:40:41 +0000 2020,"Day 12 of #66DaysOfData - #tidytuesday
Recently introduced to this wonderful initiative and opted to look back at previous datasets today. An early #datavisualization looking at successful #NFL teams over the last 20 years.
#datascience #machinelearning #dataanalytics #dataviz https://t.co/UboODObkTy",2,1
1331423309892882434,1320782511748927489,NoahHorsleyDS,Wed Nov 25 02:23:48 +0000 2020,"I started reading The Black Swan by @nntaleb today. I was recommended this book by a colleague and am excited to dig in.

Day 28 of #66daysofdata 
Days missed: 1",0,0
1331375203516080130,1304478608883417088,deraozoh,Tue Nov 24 23:12:38 +0000 2020,"Day 6. of #66daysofdata, watched SQL - MySQL for Data Analytics and Business Intelligence course",0,0
1331352044041613317,1169311344316882945,AdarrabYoussef,Tue Nov 24 21:40:37 +0000 2020,#66daysofdata :  It's been a month and I'm still working regularly even if I didn't post a lot on it. The following weeks will be crucial for my internship hunting : I'm planning on finishing the Deep Learning and NLP Specializations while implementing 2 or 3 projects. https://t.co/d1wUk12EZ1,0,3
1331303636891156481,1258031380136509441,thatshutterboi,Tue Nov 24 18:28:16 +0000 2020,"Day 10 of #66daysofdata and today I finally got my Model Working properly. It Helps in classifying between Different Brain Tumors. Also Did some Linear Algebra this afternoon. To end the day, I did some Flask and just got the server running. Tommorow a Mini project.
#Data #ML #DL",1,3
1331295859808624643,1332613548,imkeller_5,Tue Nov 24 17:57:21 +0000 2020,Day 36 of #66daysofdata! I was able to build the Voronoi diagrams but I am struggling with getting everything into one animation. Have to take another look at it tomorrow.,0,1
1331291643669082117,1108001526872723461,datapride_net,Tue Nov 24 17:40:36 +0000 2020,"complete real-world coding exercises directly in your browser—no downloads or complex installations. 
https://t.co/jZgf9jh7JZ

#66daysofdata
#DataAnalytics #MachineLearning #DeepLearning #AI
#Coding #DataScience #Analytics #Dataviz #Python #100DaysOfCode",1,1
1331291535489572874,1108001526872723461,datapride_net,Tue Nov 24 17:40:10 +0000 2020,"Master the basics of querying tables in relational databases such as MySQL, SQL Server, and PostgreSQL.
https://t.co/jZgf9jh7JZ

#66daysofdata
#DataAnalytics #MachineLearning #DeepLearning #AI
#Coding #DataScience #Analytics #Dataviz #Python #100DaysOfCode",1,1
1331291398503608322,1108001526872723461,datapride_net,Tue Nov 24 17:39:38 +0000 2020,"Master the basics of data analysis in Python. Expand your skillset by learning scientific computing with numpy.
https://t.co/jZgf9jh7JZ

#66daysofdata
#DataAnalytics #MachineLearning #DeepLearning #AI
#Coding #DataScience #Analytics #Dataviz #Python #100DaysOfCode",1,1
1331291290542149634,1108001526872723461,datapride_net,Tue Nov 24 17:39:12 +0000 2020,"Get hands-on data science experience.
https://t.co/jZgf9jh7JZ

#66daysofdata
#DataAnalytics #MachineLearning #DeepLearning #AI
#Coding #DataScience #Analytics #Dataviz #Python #100DaysOfCode",7,2
1331291174745886730,1108001526872723461,datapride_net,Tue Nov 24 17:38:44 +0000 2020,"The best site to learn data science online. 
https://t.co/jZgf9jh7JZ

#66daysofdata
#DataAnalytics #MachineLearning #DeepLearning #AI
#Coding #DataScience #Analytics #Dataviz #Python #100DaysOfCode",3,2
1331291026242351105,1108001526872723461,datapride_net,Tue Nov 24 17:38:09 +0000 2020,"Become a data science expert and get all the support you need.
https://t.co/jZgf9jh7JZ

#66daysofdata
#DataAnalytics #MachineLearning #DeepLearning #AI
#Coding #DataScience #Analytics #Dataviz #Python #100DaysOfCode",5,4
1331290909233868800,1108001526872723461,datapride_net,Tue Nov 24 17:37:41 +0000 2020,"Whether you’re just starting out or a seasoned pro, improve your skills in data manipulation, data visualization, statistics, machine learning, and more.
https://t.co/jZgf9jh7JZ

#66daysofdata
#DataAnalytics #MachineLearning #DeepLearning #AI
#DataScience #Python #100DaysOfCode",2,1
1331290685341904900,1108001526872723461,datapride_net,Tue Nov 24 17:36:48 +0000 2020,"Whether you’re just starting out or a seasoned pro, improve your skills in data manipulation, data visualization, statistics, machine learning, and more.
https://t.co/jZgf9jh7JZ

#66daysofdata
#DataAnalytics #MachineLearning #AI
#Coding #DataScience #Python #100DaysOfCode",3,1
1331290475593084934,1108001526872723461,datapride_net,Tue Nov 24 17:35:58 +0000 2020,"Master new skills with real-world projects and daily practice challenges.
https://t.co/jZgf9jh7JZ

#66daysofdata
#DataAnalytics #MachineLearning #DeepLearning #AI
#Coding #DataScience #Analytics #Dataviz #Python #100DaysOfCode",6,4
1331290349642215425,1108001526872723461,datapride_net,Tue Nov 24 17:35:28 +0000 2020,"The Smartest Way To
Learn Data Science Online.
https://t.co/jZgf9iZwlp

#100DaysOfCode #66daysofdata
#DataAnalytics #MachineLearning #DeepLearning #AI #Coding #DataScience #Analytics #Dataviz #Python #100DaysOfCode",3,3
1331290173682954247,1108001526872723461,datapride_net,Tue Nov 24 17:34:46 +0000 2020,"The best way to learn data science. 
https://t.co/Xy0YmzN0Mp

#100DaysOfCode #66daysofdata
#DataAnalytics #MachineLearning #DeepLearning #AI #Coding #DataScience #Analytics #Dataviz #Python #100DaysOfCode",2,3
1331290086521131008,1108001526872723461,datapride_net,Tue Nov 24 17:34:25 +0000 2020,"30 open data sources that you can you can get data for your projects.
https://t.co/jfP2BSY1Cg

#100DaysOfCode #66daysofdata
#DataAnalytics #MachineLearning #DeepLearning #AI #Coding #DataScience #Analytics #Dataviz #Python #100DaysOfCode",4,2
1331289942471925761,1108001526872723461,datapride_net,Tue Nov 24 17:33:51 +0000 2020,"Microsoft unveils a no code machine learning training app.
https://t.co/KLTvovECTg

#100DaysOfCode #66daysofdata
#DataAnalytics #MachineLearning #DeepLearning #AI #Coding #DataScience #Analytics #Dataviz #Python #100DaysOfCode",4,2
1331289811978776588,1108001526872723461,datapride_net,Tue Nov 24 17:33:20 +0000 2020,"Free resources that teach you SQL
https://t.co/BAZFbOnJae

#100DaysOfCode #66daysofdata
#DataAnalytics #MachineLearning #DeepLearning #AI #Coding #DataScience #Analytics #Dataviz #Python #100DaysOfCode",1,2
1331269207011463169,1281890679052857346,ShrutiJ87241031,Tue Nov 24 16:11:27 +0000 2020,"Day 8: #66daysofdata 
   - matplotlib histogram 
  - matplotlib pie chart 
  - matplotlib save the figure 
( Going to have a heavy cyclone over here so hope there won't be a power shut down✌️)
@KenJee_DS",0,4
1331255920689520641,1199473474202406912,SadounMohammad,Tue Nov 24 15:18:39 +0000 2020,"Day one of #66daysofdata challenges, I have completed the first two chapters form the book R for data science (R4DS) with the whole exercises. Now I am working in dplyr method hopefully, by the end of tomorrow night, I can finalize the entire activities of chapter three.",0,0
1331216543036764160,1244281058255704070,ShibiAkino,Tue Nov 24 12:42:11 +0000 2020,"Day 7 of my #66daysofdata
I did a refresher course of Math and User Interface in Python PL.
Indeed it is good to go back to the basics. ♡♡♡",0,0
1331134367918223361,2212129783,sam_jwalsh,Tue Nov 24 07:15:39 +0000 2020,"#66daysofdata 
Day 7:
-Finished Run Expectancy Chapter of Analyzing Baseball Data with R
-Calculated expected run value of base stealing",1,1
1331133779281371140,1295257646426214402,innovatesystem1,Tue Nov 24 07:13:18 +0000 2020,"Are you thinking of data science is a career?
You ate in the right path. Register at https://t.co/T0lWreaFHO.

#datascience #python #66daysofdata #coding #WomenWhoCode #Africa #GRAMMYs #JISOO #Jambokenya #programming #spotifyxbts #velence #iNovatesystems #100DaysOfMLCode #AI #ML https://t.co/APl5NHA9IB",18,8
1331129111973081089,1295257646426214402,innovatesystem1,Tue Nov 24 06:54:46 +0000 2020,"Do you want to know more about these languages?
Register with us at https://t.co/T0lWreaFHO for the course 😊

#python #coding #developer #businessintelligence #datascience #java #javascipt #R #WomenWhoCode  #66daysofdata  #ML #AI #Africa #iNovatesystems #cryptocurrency #GRAMMYs https://t.co/UGGUBNiqK4",5,1
1331095111564980224,2771098682,pigglymichele,Tue Nov 24 04:39:39 +0000 2020,"✅ DAY 34 of #66daysofdata aka my most productive day hands down so far 🤭

✨ Started and went through half of unit 5 today.

✨ Learned reference lines, bands, box plots, generating forecast, building histograms, box and whisker plots and using table joins 

#tableau #data",0,1
1331092426006482945,1300541186864590848,trainandtest,Tue Nov 24 04:28:59 +0000 2020,"#QuestionOfTheDay Which is the most important contribution on @kaggle ?

#Data #DataScience #MachineLearning #ArtificialIntelligence #100DaysOfCode #100DaysOfMLCode #66daysofdata",9,6
1331073153292926977,45938414,KiInoue,Tue Nov 24 03:12:24 +0000 2020,"Day34 of #66DaysOfData: starting to explore the world of Tensorflow by watching experts talk about/demo Tensorflow...invigorating. 

New goal: get @TensorFlow certified in the next six months.",0,1
1331062801998221312,1332613548,imkeller_5,Tue Nov 24 02:31:16 +0000 2020,Day 35 of #66daysofdata! Continued with the Voronoi diagrams but still have some debugging to do.,0,0
1331048816703836161,1320782511748927489,NoahHorsleyDS,Tue Nov 24 01:35:42 +0000 2020,"I've improved my top model ROC AUC by .05-.06 in the last two days through careful feature engineering and better model selection/optimization. Feels good!

Day 27 of #66daysofdata 
Days missed: 1 https://t.co/o34EKEPjEC",0,1
1331046882164895744,1214740859628818432,SripathiMohana1,Tue Nov 24 01:28:01 +0000 2020,"Day 49: Finished chapter 1 of Datacamp's Machine Translation in Python.

In this chapter, I Learnt what encoder-decoder architecture is and how it is used for machine translation. #66daysofdata",0,0
1330983992787668995,2527930848,joao96santos,Mon Nov 23 21:18:07 +0000 2020,"47 / #66DaysOfData
•  [Section 12] Deployment: App Authorization and Deploying to Heroku

•  Completed Interactive Python Dashboard with Plotly and Dash by Jose Portilla, Head of Data Science, Pierian Data Inc. &amp; @udemy https://t.co/bgOkX82ncW",1,2
1330968444628561935,1318596362703962119,dataleftovers,Mon Nov 23 20:16:20 +0000 2020,"Day 15 of #66daysofdata:

Started to learn about GutHub. I need to start to feel comfortable sharing my work.",0,1
1330956881389522946,3035877464,amansharma2910,Mon Nov 23 19:30:23 +0000 2020,"Day 12 of #66daysofdata:

Decided to post my journey so far in this challenge. The past few days have proved to be really productive, and I'm certainly benefitting a lot from it.

(College vacays over, so productivity 📉 from here.)

#Data #DataScience #MachineLearning https://t.co/CeegVh0xZr",0,4
1330939668037312512,1304478608883417088,deraozoh,Mon Nov 23 18:21:59 +0000 2020,"Day 5. of #66daysofdata, Read Practical Statistics for Data Scientists, watched 100 Days of python course",0,1
1330935264747819010,1281890679052857346,ShrutiJ87241031,Mon Nov 23 18:04:29 +0000 2020,"Day 7: #66daysofdata  
Matplotlib tutorial 
Machine learning basics
💯",0,8
1330931742954328064,959045924705026048,bhuvane73039768,Mon Nov 23 17:50:29 +0000 2020,Day 9 of  #66daysofdata I practised ggplot,0,1
1330930970824822785,1258031380136509441,thatshutterboi,Mon Nov 23 17:47:25 +0000 2020,"Day 8 &amp; 9 of #66daysofdata: Yesterday was all about reading books and attending a Great book club meet hosted by @amansharma2910
 
Today went into Understanding Cross validation and Working on Brain Tumour Classifier. The model was straight up trash. Gonna continue working on it.",0,3
1330925597367758849,1319794636915761152,kenwongkaien,Mon Nov 23 17:26:04 +0000 2020,"Day 28 of #66daysofdata:
Spent some time brushing up my understanding of the probability theory.",0,6
1330921650490011649,1244281058255704070,ShibiAkino,Mon Nov 23 17:10:23 +0000 2020,Paused my #66daysofdata challenge. I have to finish my thesis first! Lol. 🤣,0,1
1330907510245560320,285723440,geekanvesh,Mon Nov 23 16:14:12 +0000 2020,"Day 70 of #66daysofdata
Reviewed further concepts - Mathematics for Machine Learning
Reviewed #Microsoft #PowerApps fundamentals on #PowerAutomate #PowerBI on @MicrosoftLearn #StillSoMuchToLearn",1,8
1330906995046584322,1253326201352974337,MythBus51085985,Mon Nov 23 16:12:09 +0000 2020,"@KenJee_DS started #66daysofdata challenge. I was showing some progress. At the same time, I could see my gaps in programming. So I started #100daysofcode https://t.co/fkrdNfeiZ9",4,3
1330904950491160576,19448058,paulapivat,Mon Nov 23 16:04:01 +0000 2020,"Day 4: #66daysofdata

- Reading through Bayes Theorem (DSFS ch6), 

- published a post on Conditional Probability with Python: Concepts, Tables &amp; Code @ThePracticalDev 

https://t.co/GHQmJiGVLg",0,2
1330900363277430784,1308392951949725697,chanmantweeter,Mon Nov 23 15:45:48 +0000 2020,day 4 of #66daysofdata - learning the 1st module of Intro to Data Science on @udacity. Useful links re @numpy_team is: https://t.co/2VMTYosSFH and this vid on Lambda functions in Python: https://t.co/f1IcRhM6m0,2,2
1330893699924987905,1303725429132464128,rampand25356222,Mon Nov 23 15:19:19 +0000 2020,"Day 62,63 of #66daysofdata. Started learning CNN from Andrew Ng's videos.Learnt convolution, max pool layers and different architectures such as VGG16, AlexNet, ResidualNet, Inception network. In upcoming days I will start working on Computer vision tasks, though still leaning TF",0,6
1330850645381763078,970641039248703488,kohli_tripti,Mon Nov 23 12:28:14 +0000 2020,"Day 54-Day 60: #66daysofdata 
I couldn't update my progress from the past few days because I was working on wine quality dataset and today I've completed my analysis. It's good to apply skills which you have learnt.",0,8
1330847189971603457,1453368613,VivanVatsa,Mon Nov 23 12:14:30 +0000 2020,"it's war zone

Jupyter notebook vs IBM Watson vs google Collab

what's your pick?

#AI #DataScience #DataScientist #DataVisualization #66daysofdata #100DaysOfCode #100DaysOfMLCode #CodeNewbie #DEVCommunity #DEVCommunityIN #Python #RStats",5,9
1330788719545044993,2588345408,paulr_rohan,Mon Nov 23 08:22:10 +0000 2020,"My Blog and #kaggle Notebook on the three most important Gradient Boosting #MachineLearning Algorithm.

#DataScience #100DaysOfMLCode #Python #DataScientist #66daysofdata #Statistics #Mathematics 

https://t.co/VdTcV9JlHo",3,3
1330785195079864322,1300541186864590848,trainandtest,Mon Nov 23 08:08:09 +0000 2020,"#QuestionOfTheDay Model deployment requires API building. What kind of APIs are used? Any useful sources to learn? 

#MachineLearning #ArtificialIntelligence #Data #DataScience #BigData #100DaysOfCode #100DaysOfMLCode #66daysofdata",13,7
1330782864875548672,1453368613,VivanVatsa,Mon Nov 23 07:58:54 +0000 2020,"looking forward for contributing to open-source data integration.

#66daysofdata https://t.co/aZTc2gKyEk",0,0
1330778460151713793,1214799165500248066,ShivSivakumaran,Mon Nov 23 07:41:24 +0000 2020,"Day 97 of #100DaysOfCode and Day 52 of #66daysofdata
- Working on Chapter 3 of Hands On Machine Learning. Learning about Precision and Recall - 
- Worked on blog post about starting with Linux
#python #machinelearning #datascience #Python",8,3
1330769113417879556,2212129783,sam_jwalsh,Mon Nov 23 07:04:15 +0000 2020,"#66daysofdata 
Day 6:
couldnt fit it in today cuz i was busy being was too successful in other areas like making this graphic of #marcoluciano

let's see if i can get back on this train and make it to day 73 https://t.co/KfRNbzebDw",0,1
1330756123964678146,1295257646426214402,innovatesystem1,Mon Nov 23 06:12:38 +0000 2020,"Let's jog our brains.
Monday challenge 😊

Comment with your answer 😊

#python #coding #programing #66daysofdata #100DaysOfCode #WomenWhoCode #ML #AI #datscience #AMAs #BLACKPINK #iNovatesystems #Lockdown2 #mondaythoughts #100DaysOfMLCode #BigData #Undertaker30 #XIUMIN_IS_BACK https://t.co/RmSRHjKToV",32,13
1330753678601437187,1453368613,VivanVatsa,Mon Nov 23 06:02:55 +0000 2020,"glued to @KenJee_DS YouTube.
there are small tweaks that needs improvisation.
working on it.

#66daysofdata",0,2
1330751375660105728,1453368613,VivanVatsa,Mon Nov 23 05:53:46 +0000 2020,"anyone can cook
oh wait.
anyone can code.

just Ratatouille of web.

#Python #CodeNewbie #100DaysOfCode #100DaysOfMLCode #66daysofdata #DEVCommunity #DEVCommunityIN #DataScience #Data",16,13
1330737201865494536,2771098682,pigglymichele,Mon Nov 23 04:57:27 +0000 2020,"✅ DAY 33 of #66daysofdata 

🥳 today marks the halfway mark of my journey

✨ I just did the 4 practice problems for unit 4 and watched the review vid that went over it. 

🤓Will start unit 5 tomr lesgoo 

#Tableau #data",1,1
1330723303783280640,1316026606880604161,isaac_sarver,Mon Nov 23 04:02:13 +0000 2020,"Days 36, 37, and 38 of #66daysofdata: Starting the multivariate calculus course for machine learning on Coursera. It's been so great to dive in to my second course in this specialization after how much I enjoyed the linear algebra course.",0,8
1330699840926461953,1332613548,imkeller_5,Mon Nov 23 02:28:59 +0000 2020,Day 34 of #66daysofdata! Worked on the voronoi diagrams a bit more. Need to debug tomorrow.,0,0
1330692422804926475,1318596362703962119,dataleftovers,Mon Nov 23 01:59:31 +0000 2020,"Day 13 and 14 of #66daysofdata:

It was hard to find the time. But I held myself accountable to think on DS and build that habit. 
I read some pieces that I found very thought provoking by @quaesita. 
I resolved and then created a bug in my code. Something to look forward too.",0,0
1330676425020624898,1320782511748927489,NoahHorsleyDS,Mon Nov 23 00:55:57 +0000 2020,"I revisited an old project today to try and do a better job predicting the target. It is cool to see how far I have come.

Day 26 of #66daysofdata 
Days missed: 1",0,4
1330624626049900548,1308392951949725697,chanmantweeter,Sun Nov 22 21:30:07 +0000 2020,day 3 of #66daysofdata - learning Python on @udacity - Programming Foundations with Python.,0,0
1330599768184266754,2527930848,joao96santos,Sun Nov 22 19:51:20 +0000 2020,"46.2 / #66DaysOfData
• [Section 10] Code Along Milestone Project: Dashboard that Allows Users to Select One or More Stocks, Start and End Date and Display Closing Stock Prices 
• [Section 11] Live Updating: Layout Updating; Simple Web Scraping Flight Radar Data Automatic Update",0,0
1330583395856879616,3035877464,amansharma2910,Sun Nov 22 18:46:17 +0000 2020,"Day 11 of #66daysofdata:

Organized my first #webinar! Well technically a #bookclub meet but yeah...

This initiative, a part of @dsc_vit is aimed at bridging the gap b/w ML beginners and experienced ML practitioners.

@googlestudents @gdg @DscWow https://t.co/l1TmbKu1lP https://t.co/VDy06iExwA",0,3
1330573707467624448,959045924705026048,bhuvane73039768,Sun Nov 22 18:07:47 +0000 2020,Day 8 of  #66daysofdata did 4 hours of class again,0,1
1330548082229055488,19448058,paulapivat,Sun Nov 22 16:25:57 +0000 2020,"Day 3: #66daysofdata 

- Wrote about Marginal, Joint and Conditional Probability here: 

https://t.co/H1Hx4wsBvp",0,1
1330545958468288512,285723440,geekanvesh,Sun Nov 22 16:17:31 +0000 2020,"Day 69 of #66daysofdata 
Had great insights into architecture of modular systems by @superdatasci 
https://t.co/0Cz0xHjV5J",0,3
1330545252852142081,285723440,geekanvesh,Sun Nov 22 16:14:43 +0000 2020,"Day 67, 68 and 69 of #66daysofdata 
Completed week 4 assignments of Mathematics for Machine Leaning @coursera",0,7
1330537891588608006,1281890679052857346,ShrutiJ87241031,Sun Nov 22 15:45:28 +0000 2020,"Day 6: #66daysofdata 
 -Full Numpy Tutorial 
       (By code basics)",0,1
1330535659384270850,1293201010840797184,r7asmu7s_en,Sun Nov 22 15:36:36 +0000 2020,"Day 48 of #66daysofdata:
It might sound weird, but I worked my way weirdly. First learned about ML algorithms, then on core pandas and data visualization libraries, and today on POWER BI.",0,0
1330515656161234946,2214590456,__peagah,Sun Nov 22 14:17:06 +0000 2020,"Day 38. Studying Empirical Risk Minimization.

#66DaysOfData @KenJee_DS",0,1
1330417486731251712,2212129783,sam_jwalsh,Sun Nov 22 07:47:01 +0000 2020,"#66daysofdata 
Day 5:
-Added to my code on my mlb farm system project to group different types of prospects (HS, college, INTL)
-will have to figure out how to solve issues of sample size in resulting groups that may be small.",0,0
1330375315483406347,2771098682,pigglymichele,Sun Nov 22 04:59:27 +0000 2020,"✅ DAY 32 of #66daysofdata 

✨ did the two exercises on creating parameter and halfway into the unit 4 review vid 

🤧 I hate when I go outside and come back home I don’t feel like doing work hence how little I did 

#tableau",1,1
1330349852593713158,1332613548,imkeller_5,Sun Nov 22 03:18:16 +0000 2020,Day 33 of #66daysofdata! Halfway there! Did mostly stuff for an database assignment about about relation and functional dependencies. Also looked at @lastrowview's voronoi implementation to have a model for my own implementation for the #BigDataBowl,0,2
1330284582751653888,1304478608883417088,deraozoh,Sat Nov 21 22:58:54 +0000 2020,Day 3. of #66daysofdata Read part of chapter 1 of Hands on Machine Learning with Sckit-Learning Keras and Tensorflow,0,1
1330253018252652545,1214799165500248066,ShivSivakumaran,Sat Nov 21 20:53:29 +0000 2020,"Day 96 of #100DaysOfCode and Day 51 of #66daysofdata
Working on Chapter 3 of Hands On Machine Learning. Learning about Precision and Recall tradeoff with a binary classifier. Also, going to finish of Automate the Boring Stuff - Chapter 16.
#python #machinelearning #datascience https://t.co/McHH6VOX1j",10,6
1330215875283202048,1258031380136509441,thatshutterboi,Sat Nov 21 18:25:53 +0000 2020,"Day 7 of #66daysofdata and today I spent my day reading Python Data science handbook. Really good means to refresh some basics. Also tried making a Brain tumour classifier but still learning about multi class classification so that might take some time. That's it!
#learning",1,3
1330215219415625736,1281890679052857346,ShrutiJ87241031,Sat Nov 21 18:23:17 +0000 2020,"Day 5: #66daysofdata
 Union in SQL 
  Union All in SQL
Does anyone know how much SQL is enough for data science or analyst ?
@KenJee_DS",0,2
1330198049109520386,19448058,paulapivat,Sat Nov 21 17:15:03 +0000 2020,"Day 2 cont: #66daysofdata 

- working through Probability chapter, Data Sci from Scratch.
- found an exceptional resource🤩 for marginal and conditional probability (and Essential Math for DS book): https://t.co/C4tK9ZiaqW from @_hadrienj",0,1
1330198046320308225,19448058,paulapivat,Sat Nov 21 17:15:02 +0000 2020,"Day 2 cont: #66daysofdata 

Inspirational sources🤩 for end2end ML:
- Applied ML in Production: https://t.co/fJ2QpAEfDf from @GokuMohandas and team
- End-to-End ML courses https://t.co/zyltX4DtDQ from @_brohrer_",0,1
1330198043434553350,19448058,paulapivat,Sat Nov 21 17:15:02 +0000 2020,"Day 2 #66DaysOfData

1. Curated a list of inspirational 🤩sources for end-to-end ML projects, including: 
- This step-by-step guide: https://t.co/kFdRx6rQ4S
- Full Stack Deep Learning from Berkeley: @full_stack_dl https://t.co/aexu1qTC5m",0,0
1330181578660716547,959045924705026048,bhuvane73039768,Sat Nov 21 16:09:36 +0000 2020,Day 7 of  #66daysofdata did 4 hours of class,0,0
1330181391884185600,959045924705026048,bhuvane73039768,Sat Nov 21 16:08:52 +0000 2020,Day 6 of  #66daysofdata I learnt about univariate analysis,0,0
1330141769279868936,1244281058255704070,ShibiAkino,Sat Nov 21 13:31:25 +0000 2020,"Day 6 of my #66daysofdata

Studying Text Analytics with Python. Understanding NLP and doing some Python Refreshers again.",1,0
1330078029037658114,1214799165500248066,ShivSivakumaran,Sat Nov 21 09:18:08 +0000 2020,Day 95 of #100DaysOfCode. Day 50 of #66DaysofData. Working on Chapter 3 of Hands On Machine Learning. Playing around with the MNIST dataset of numbers and creating a binary classifier. https://t.co/eBU8Tjg0Ih,12,3
1330043299328122881,2212129783,sam_jwalsh,Sat Nov 21 07:00:08 +0000 2020,"#66daysofdata 
Day 4:
-Worked on writeups for Yankees and Red Sox farm systems. (here's a glimpse of what I'm working with below) https://t.co/nKKvh07AHT",0,1
1330020126440132615,134117592,SouzaMarvin,Sat Nov 21 05:28:03 +0000 2020,"Day 56-62 of #66daysofdata 

Close to finishing Chp4 of HandsOnML, although my head is spinning from the Math.

It's definitely time for a project and a micro course on Kaggle",0,3
1330011930879283207,2771098682,pigglymichele,Sat Nov 21 04:55:29 +0000 2020,"✅ DAY 31 of #66daysofdata 

🤩 today I went to live review sessions for units 1,2,3

😎 also went through a large portion of unit 4 and learned calculations with aggregation, table calculations, ranking, and using parameters 

#Tableau #data",1,1
1329998378910904321,45938414,KiInoue,Sat Nov 21 04:01:38 +0000 2020,Day33 of #66DaysOfData: Pandas practice,0,0
1329984032327798784,1332613548,imkeller_5,Sat Nov 21 03:04:37 +0000 2020,Day 32 of #66daysofdata! Looked at Devin's Soccer Analytics Notebook about Linear Regression. Also looked of FoT Voronoi implementations to build a better bridge to the Field control. I wanna take a further Look at that tomorrow.,0,2
1329926545822117895,1318596362703962119,dataleftovers,Fri Nov 20 23:16:12 +0000 2020,"Day 11 and 12 of #66daysofdata:

Worked on an edx assignment. It required me to code python classes. I have struggled with them in the past. I continued to struggle through them again. Lol. 
But I did watch @keithgalli's video on python classes to help.",0,1
1329909351067377664,1304478608883417088,deraozoh,Fri Nov 20 22:07:52 +0000 2020,"Day 2 of #66daysofdata, I watched part of day l of 100 Days of Code The Complete Python Course and I appreciate @yu_angela for this amazing projects packed python course",0,1
1329876744984203266,1320782511748927489,NoahHorsleyDS,Fri Nov 20 19:58:18 +0000 2020,"I worked through some 'medium' SQL problems today. Thanks @LeetCode 

Day 24 of #66daysofdata",0,1
1329870533865975809,264448841,Studawsonstats,Fri Nov 20 19:33:37 +0000 2020,More learning about @ThePSF on @superdatasci for day 25 of #66daysofdata #perseverance,0,0
1329852150478893057,1258031380136509441,thatshutterboi,Fri Nov 20 18:20:34 +0000 2020,"Day 6 of #66daysofdata spent majority of the day Editing so couldn't do much today. Spent some time reading some ML stuff and papers. Didn't do a whole lot tbh. Read Atomic Habits as well. That's it for today!
#machinelearning #TensorFlow #relax #breakday #readingisfun #dayoff",0,1
1329845942326075396,1300017281666363394,mrvsokolovsky,Fri Nov 20 17:55:54 +0000 2020,"Right after finishing #66DaysOfData by @KenJee_DS I decided to do #100DaysOfMLCode. Should I stop for a second? Nah, don't think so 😄",0,3
1329843186148077568,1319794636915761152,kenwongkaien,Fri Nov 20 17:44:57 +0000 2020,"Day 27 of #66daysofdata:
I learned how to compare frequency distributions using graphs. https://t.co/GvR3ByEFxV",0,3
1329832753861455886,951871594376376320,JackRaifer,Fri Nov 20 17:03:30 +0000 2020,"Amazing conversation with Jason West on #DSGOCONNECT today.
#DataScience 
#66daysofdata https://t.co/AmK1umOe7O",1,1
1329832102854987777,2588345408,paulr_rohan,Fri Nov 20 17:00:55 +0000 2020,"#Python slice notation, in a nutshell, to select elements from a list

#pythonprogramming #66daysofdata #100DaysOfMLCode https://t.co/k7SsFimX0v",2,1
1329828373460185089,1303725429132464128,rampand25356222,Fri Nov 20 16:46:05 +0000 2020,"Day 60,61 of #66daysofdata. Watched Andrew Ng's deep learning video of
-How to decide bias, variance given human level performance for a particular problem
-Error analysis, Includes marking wrongs detections in Dev set
-Handle data where train,test are from different distribution",0,4
1329810479355609088,1244281058255704070,ShibiAkino,Fri Nov 20 15:34:59 +0000 2020,"Day 5 of my #66daysofdata 
Now doing my research and study still in Data Structure and Algo.",0,0
1329801586521026560,2149586883,vperez2000,Fri Nov 20 14:59:39 +0000 2020,"#66daysofdata #Round2 #Day1

Goal: Watch or listen to every single video (Oldest to most recent) from @KenJee_DS 

#1 -&gt; Predicting Crypto-Currency Price Using RNN lSTM &amp; GRU https://t.co/KyhVhOPGq9 via @YouTube",0,8
1329781021089304581,19448058,paulapivat,Fri Nov 20 13:37:56 +0000 2020,"Time 4 another #66DaysOfData. 

Goals 🏁
- finish Data Science from Scratch by Joel Grus
- Improve 🐍 skills
- Complete 1 end-to-end project 
- document it all #LearnInPublic

Prev Round:
https://t.co/DSX61nvcz5

Round 2, Day 1: 

Stats from Scratch w 🐍
https://t.co/6tqnprto4F",1,1
1329688811161456642,1295257646426214402,innovatesystem1,Fri Nov 20 07:31:31 +0000 2020,"Register for data science training at https://t.co/T0lWreaFHO
* more pics on the comment 

#datascience #python #programing #66daysofdata #coding #WomenWhoCode #python #AI #ML #BEbyBTS #Fleets #iPhone12Th #iNovatesystems #LekkiGenocide #LatinGRAMMY #PinkFridayAnniversaryParty https://t.co/0as1X2xMBn",20,8
1329674115838586880,2212129783,sam_jwalsh,Fri Nov 20 06:33:08 +0000 2020,"#66daysofdata 
Day 3:
- Continued writing about a mlb farm system analysis project
as a side note:
I've got a big week ahead with midterms and work, but my goal is to continue to contribute everyday, even minimally, so I continue to build this habit.",0,0
1329667656543211520,1453368613,VivanVatsa,Fri Nov 20 06:07:28 +0000 2020,"what kind of tech-stack y'all fluent with and working on currently?

#100DaysOfCode #Python #66daysofdata #100DaysOfMLCode #programmers #programming #DEVCommunity #DEVCommunityIN #CODECON20",13,4
1329652458633781252,2771098682,pigglymichele,Fri Nov 20 05:07:04 +0000 2020,"✅ DAY 30 of #66daysofdata 

✨ started working on unit 4 today and learned using the calculated field and datediff 

🔥 datediff in tableau has a very similar syntax as sql so I’m like yassss 

#Tableau #DataScience",2,4
1329636705201254401,1316026606880604161,isaac_sarver,Fri Nov 20 04:04:28 +0000 2020,Day 35 of #66daysofdata: tokenization can become much more of a problem in languages where words aren’t delimited orthographically. https://t.co/lEkYf2p22T,0,4
1329623631270473730,1320782511748927489,NoahHorsleyDS,Fri Nov 20 03:12:31 +0000 2020,"I spent a lot of time tuning models today. Tuning can help with model fit, but I find the biggest improvements come from good feature engineering and good preprocessing.

Day 23 of #66daysofdata",0,6
1329620787410702349,1332613548,imkeller_5,Fri Nov 20 03:01:13 +0000 2020,Day 31 of #66daysofdata! While playing with the BDB data I still struggle with pandas. Today I took a look at this Pandas Tutorial https://t.co/eaZLRHzbs4 by @petermckeever. It really helped to get the hang of it a little bit more.,1,1
1329564432431628288,45938414,KiInoue,Thu Nov 19 23:17:17 +0000 2020,Day32 of #66DaysOfData: Numpy.,0,0
1329549184555503617,1017584707,liamskop1,Thu Nov 19 22:16:42 +0000 2020,"Day 14-15 of #66DaysOfData:
Always frustrating when data prepping takes so much longer than the actual analysis. This is taking longer than expected. 😅",0,6
1329548054878359557,1304478608883417088,deraozoh,Thu Nov 19 22:12:12 +0000 2020,"Today being the first day, I read part of chapter one of Practical Statistics for Data Scientists, also watched Statistics for Data science and business analysis by 365 careers #66daysofdata",0,1
1329548053787840514,1304478608883417088,deraozoh,Thu Nov 19 22:12:12 +0000 2020,"In this journey, will be reading books, blogs, learning with dataquest  and watching videos related to Statistics, Python, SQL, and Machine Learning. #66daysofdata",0,0
1329548052802244618,1304478608883417088,deraozoh,Thu Nov 19 22:12:12 +0000 2020,Officially starting to tweet about my #66daysofdata thanks to @KenJee_DS for this challenge idea.,0,6
1329533519811506176,1327737682164846592,aysnrdurak,Thu Nov 19 21:14:27 +0000 2020,Day 3 of #66DaysOfData today ı continue the tensorflow course and totally ı watch 20 videos. I think this course will end tomorrow,0,0
1329506713318215680,1320782511748927489,NoahHorsleyDS,Thu Nov 19 19:27:56 +0000 2020,"I'm working on a predictive model that, given the right combination of parameter values, can produce an exponentially large target value. The features themselves are uniformly distributed. So far, it has been challenging to greatly reduce MSE or even MAE.

Day 22 of #66daysofdata https://t.co/f5pHdBNi5l",0,0
1329500213640384514,1308392951949725697,chanmantweeter,Thu Nov 19 19:02:06 +0000 2020,Day 2 of #66daysofdata - more @tableaupublic learning on @365datascience - learning about joins and blending data. There really is no substitute for following along in your own workbook whilst watching the videos! Also refreshed myself on the @pandas_dev micro-course on @kaggle,0,0
1329498895303413761,959045924705026048,bhuvane73039768,Thu Nov 19 18:56:52 +0000 2020,Day 5 of  #66daysofdata I learnt two interesting things today-A. How to replace 2 NAs in the same column with 2 different values. B. “How outliers helped defeat Cholera”- podcast by linear digression in Spotify,0,0
1329492938158587908,1319794636915761152,kenwongkaien,Thu Nov 19 18:33:11 +0000 2020,"Day 26 of #66daysofdata:
Learned the concept of LSTM networks.
https://t.co/FGaX2oC4JR",0,7
1329492171712434177,3035877464,amansharma2910,Thu Nov 19 18:30:09 +0000 2020,"Day 9 of #66daysofdata:

Learned face detection and face recog using @opencvlibrary. Then read a bit about neural style transfer and other DL stuff.

Tomorrow will be book-reading day. Gotta prepare for a book club meeting that I'll be heading.

#DeveloperStudentClubs #BookClub",0,2
1329477982558236673,1258031380136509441,thatshutterboi,Thu Nov 19 17:33:46 +0000 2020,"Day 5 of #66daysofdata and today I made a Classifier that can classify a patient having Pneumonia or not by looking at the chest X-ray. It was fun to do and helped me a lot in practicing the @TensorFlow concepts that I had learnt.
#DeepLearning #TensorFlow #Data #MachineLearning",0,2
1329467527798218752,1281890679052857346,ShrutiJ87241031,Thu Nov 19 16:52:13 +0000 2020,"Great initiative by @KenJee_DS
 for upskilling your knowledge 
  Day 4: #66daysofdata 
 - Cross join 
- Joining two table using Join
- Tip and trick of using Join",0,8
1329462734497349632,285723440,geekanvesh,Thu Nov 19 16:33:10 +0000 2020,"Day 66 of #66daysofdata 
Completed @kaggle #MachineLearning 
Thanks @KenJee_DS for sharing the idea of building #Data habit and networking with like minded folks on the path
#StillSoMuchToLearn",1,19
1329430539082862597,264448841,Studawsonstats,Thu Nov 19 14:25:14 +0000 2020,Learning about @ThePSF on @superdatasci for day 24 of #66daysofdata,0,0
1329336155196669952,1244281058255704070,ShibiAkino,Thu Nov 19 08:10:11 +0000 2020,"Day 4 of my #66daysofdata 
Doing a back track of my Data Structure and Algo class. This is way much better than the ""throwback thursday photo"" thing. I am on my Traversal and Insertion class. To become a Data Scientist, it is good to understand how data are being allocated 😁😌",0,2
1329323088023089154,1295257646426214402,innovatesystem1,Thu Nov 19 07:18:16 +0000 2020,"Programing languages!
Comment with more languages below 😊

Learn about these languages at https://t.co/T0lWreaFHO

#100DaysOfCode #programing #coding #python #datascience #javascript #66daysofdata #WomenWhoCode #AI #ML #iNovatesystems #Fleets #honktwtselfieday #kimberlyloaiza https://t.co/Xr0HC1oe6A",42,9
1329287923875803137,2212129783,sam_jwalsh,Thu Nov 19 04:58:32 +0000 2020,"#66daysofdata 
Day 2:
-Finished part 1 of 5 in my SQL course
-Learned more in depth about bias/variance tradeoff in my Econometrics class",0,0
1329286482029252608,1281890679052857346,ShrutiJ87241031,Thu Nov 19 04:52:48 +0000 2020,"Forgot to post about my yesterday's update on #66daysofdata so here it is
Day 3:  using WHERE  and JOIN clause together .
(Busy day but  can take few minutes to learn something new 🤭🙂",0,2
1329285625472815104,2771098682,pigglymichele,Thu Nov 19 04:49:24 +0000 2020,"DAY 29 of #66daysofdata 

🤭 finally finished unit 3 of tableau. Learned to build bar in bar charts, bullet graphs and did practice problems for the entire unit. 

😭 someone told me he finished the tableau course in a week and here I am only half way done 

#tableau",1,0
1329272819285331968,45938414,KiInoue,Thu Nov 19 03:58:31 +0000 2020,"Day31 of #66DaysOfData: is there a more robust package than the libraries that comprise Tidyverse?  Still trying to get used to magrittr and pipe, %&gt;% operators. R",0,0
1329268654349955074,1316026606880604161,isaac_sarver,Thu Nov 19 03:41:58 +0000 2020,Day 34 of #66daysofdata: Reading sentiment analysis notebooks on Kaggle!,0,2
1329244942447861762,1332613548,imkeller_5,Thu Nov 19 02:07:45 +0000 2020,Day 30 of #66daysofdata! Kinda got lost in time. So I just read in the data-8 book and finished it. But don't feel that I take too much from just reading because I always try to get through by speeding up without really reading.,0,0
1329218347427385347,1301248170022838274,hannahleblancm,Thu Nov 19 00:22:04 +0000 2020,Day 35 / #66daysofdata I'm attending @reworkAI 's Women in AI virtual evening,0,4
1329213808984907776,2214590456,__peagah,Thu Nov 19 00:04:02 +0000 2020,"Day 37. A bit more of hands-on on AWS.

#66DaysOfData @KenJee_DS",0,1
1329210056919937036,1327737682164846592,aysnrdurak,Wed Nov 18 23:49:07 +0000 2020,Day 2 of #66DaysOfData today I continue the course i started yesterday. I installed tensorflow and i train my first tensorflow model :). Still i hope the course will end in the next two days.,0,0
1329203552313626629,1308392951949725697,chanmantweeter,Wed Nov 18 23:23:16 +0000 2020,Day 1 (cont) #66daysofdata - installed MySQL on my MacOs using @MacHomebrew and using the @365datascience instruction on their SQL course,0,0
1329199149548523528,1318596362703962119,dataleftovers,Wed Nov 18 23:05:47 +0000 2020,"Day 10 of #66daysofdata:

Watched @keithgalli 's yt video on Pandas. Thought it was one of the best DS tutorial videos I've seen. The video was a great sanity check that my self taught pd habits weren't completely out there.  

Then used some lessons from the video on my own data",1,1
1329193286209179649,1327577395776299008,jwfaureDS,Wed Nov 18 22:42:29 +0000 2020,"Day 6 of #66DaysOfData

Categorical encoding

A key step in EDA for data science projects. Some approaches are

1. One-hot (my default method)
2. Count encoding
3.Leave-one-out
4. Labeling 
5. Weight of Evidence

#datascience #machinelearning #deeplearning #dataanalytics #bigdata https://t.co/q2QdrV2Mug",0,0
1329189379420672001,1308392951949725697,chanmantweeter,Wed Nov 18 22:26:57 +0000 2020,"day 1 of #66daysofdata  - going through @365datascience's great courses and found @KenJee_DS  course on getting a DS job towards the of the syllabus! This led me to his Youtube and the latest vid on this hashtag and challenge! Today on the 365 course, I worked on @tableaupublic",0,7
1329184493996019712,3207971,koder,Wed Nov 18 22:07:33 +0000 2020,"Day 34 #100DaysOfCode 1/3 finished 

Learned about Seaborn and Pokemons during my #DataScience class: 

The Ultimate #Python Seaborn Tutorial https://t.co/gsL9wb0t2K 

#66daysofdata #Pokemon https://t.co/xtAGaZnjPk",6,5
1329175983488811008,3035877464,amansharma2910,Wed Nov 18 21:33:44 +0000 2020,"Day 8 of #66daysofdata:

Was a relatively less productive day. Read a chapter of the DL book, then brushed up on some of the PyTorch concepts.

@TensorFlow is good for quick modeling, but @PyTorch is where the heart lies🙃

#data #Python #PyTorch",2,6
1329147784390270976,1071884929200340992,UchihaItachi_e,Wed Nov 18 19:41:40 +0000 2020,"Day 1 of #66DaysOfData
Completed watching videos of week 4 of the ML course by Andrew NG on Coursera and finished the quiz.",0,0
1329140549052473344,4794068541,drjlburgess,Wed Nov 18 19:12:55 +0000 2020,"Days 39/40 of #66DaysofData
Algebra: having more fun with the maths problems the last few days. Nothing too heavy.
#SQL: reading the book chapter to get a handle on it. The code for data insertion is a little cumbersome.

#GirlsWhoCode #CodeNewbie #Python #PythonBeginner",2,3
1329139128680787969,230954247,pevansimpson,Wed Nov 18 19:07:17 +0000 2020,"Most useful thing I've read today: ""Setting your commit email address in #Git""   https://t.co/CgwtlCNiBx  

 #66daysofdata #DataScience",0,0
1329128699728261120,1258031380136509441,thatshutterboi,Wed Nov 18 18:25:50 +0000 2020,"Day 4 of #66daysofdata and today I continued Learning and Implementing YOLO. After which I tried applying what I had learnt about CNNs on some Real world data sets. Hopefully I will get comfortable writing Tensorflow code real soon! Untill then, we learning!
#ML #DL #DataScience",0,2
1329121489530941441,1453368613,VivanVatsa,Wed Nov 18 17:57:11 +0000 2020,"working a django problem set.
their documentation is really cool. one of the clearest have read so far.

#Python #100DaysOfCode #100DaysOfMLCode #66daysofdata #DEVCommunity #DevCommunityIN",8,6
1329121070687739905,360668611,daniellabrito26,Wed Nov 18 17:55:31 +0000 2020,Day 24 - started working on EDA end to end on a Risk management analysis to give complete insight of data - univariate and bi-variate analysis. #66daysofdata,0,3
1329107107119939586,1319794636915761152,kenwongkaien,Wed Nov 18 17:00:02 +0000 2020,"Day 25 of #66daysofdata:
I learned to visualize the distributions of various kinds of variables.
#perseverance #NeverGiveUp https://t.co/IbdYQFNsVe",0,7
1329106286407938048,959045924705026048,bhuvane73039768,Wed Nov 18 16:56:46 +0000 2020,"Day 4 of  #66daysofdata .
Today I saw “Data science project from Scratch” videos by @KenJee_DS  learnt a lot. Thank you!",0,6
1329102332139749376,285723440,geekanvesh,Wed Nov 18 16:41:04 +0000 2020,"Day 64 and 65 of #66daysofdata 
Completed Week 3 of Mathematics for Machine Learning:Linear Algebra @coursera 
Halfway through @kaggle #MachineLearning 
#StillSoMuchToLearn",0,11
1329102203857104898,1142126360317612032,shinwei_chong,Wed Nov 18 16:40:33 +0000 2020,"Days 47-x of #66daysofdata:

Slightly overdue but this challenge deserves a 'wrap-up' tweet. Halfway through I stopped sharing daily updates  because turns out it did become an enjoyable pastime so I didn't have to rely on this as a prompt anymore!",0,0
1329085629762654208,264448841,Studawsonstats,Wed Nov 18 15:34:42 +0000 2020,"I've done some @TensorFlow learning, @tableaupublic viz work with school data and data collection from video for  PE assessment.  It would be great to do this using an athlete ID code to track the pupils. Day 23 of #66daysofdata",0,1
1329085351957200898,1244281058255704070,ShibiAkino,Wed Nov 18 15:33:35 +0000 2020,"Day 3 of my #66daysofdata 
Motivation. It is really hard to find it, knowing that there is a pandemic and lack of time doing your stuff.",0,1
1329081926943002633,1313632170007642112,olivevaw,Wed Nov 18 15:19:59 +0000 2020,D12 of #66daysofdata. Reading about NLP and how it can be very useful in my day job.,0,3
1329068608484384768,209191879,bhatnagarkush,Wed Nov 18 14:27:03 +0000 2020,"Starting long pending 66 days of data  challenge today
Day 1: Trying to understand about LSTM networks
 #66daysofdata @KenJee_DS",0,2
1329068035378876424,918457171121119233,shivamnegi404,Wed Nov 18 14:24:47 +0000 2020,"Day 21 | #66DaysofData

- Read Chapter 1: "" The Machine Learning Landscape "" of ""Hands-on Machine Learning with Scikit-Learn, Keras, and
TensorFlow: 2nd Edition"" by @aureliengeron.",0,4
1329030519309430788,1295257646426214402,innovatesystem1,Wed Nov 18 11:55:42 +0000 2020,"A food for thought 😊

https://t.co/zRVPVXYap0

#DataScience #66daysofdata #100DaysOfCode #coding #programing #python #climatechange #flattypatty #Fleets #HudumaNamba #Israeli #onlineclasses #TheBachelorette #wednesdaythought #YEDNEnvironmentKE #iNovatesystems #MySQL",14,8
1329022059385556992,1327577395776299008,jwfaureDS,Wed Nov 18 11:22:05 +0000 2020,"Day 5 of #66DaysOfData

Today was less about algorithms and math, and more about the systems I use to run all this. Spent the better part of today looking at a new laptop.

Mac or windows? 

#machinelearning #datascience #deeplearning #data #sportsanalytics #mac #pc #linux https://t.co/sxmVwvH5X0",0,0
1328967564953792512,1453368613,VivanVatsa,Wed Nov 18 07:45:33 +0000 2020,"django wasn't just a movie
not until it got unchained with python.

#100DaysOfCode #Python #Django #wednesdaythought #DataScience #66DaysofData",8,3
1328956945118744577,1295257646426214402,innovatesystem1,Wed Nov 18 07:03:21 +0000 2020,"Which more can you add?
Comment below 😊

#Database #mysql #programming #climatechange #GBBO #askJAYPARK #bachelorette #coding #DataScience #oracle #DWCS #omannationalday #Python #rtept #iNovatesystems #postgresql #coding #COVID19 #KarachiKings #yasaklar #technology #66daysofdata https://t.co/dZteSMGivh",0,5
1328941081581514763,1230211224337432576,aaronpetryio,Wed Nov 18 06:00:19 +0000 2020,"Day 58 of #66DaysOfData:
- Earned another star on @hackerrank while working on SQL practice problems!

BACK ON THE GRIND. As someone who has a hard time finishing projects, I want to make sure I finish all 66 of my days. :)",0,10
1328939143641042947,1303725429132464128,rampand25356222,Wed Nov 18 05:52:36 +0000 2020,"Day 59 of #66daysofdata. Continuing with the Coursera tutorial of tensorflow. Learnt how to load images from file and in batches when u don't have much memory to load all the images, TFRecord format to store sequence of binary records.  https://t.co/wCkopRK29a",0,6
1328925334989901825,2771098682,pigglymichele,Wed Nov 18 04:57:44 +0000 2020,"✅ DAY 28 of #66daysofdata

✨ Learned to create crosstabs and highlight tables, also heatmaps and geographic maps. A lot to remember 🤯

#tableau #dataviz",1,1
1328924340461572097,2588345408,paulr_rohan,Wed Nov 18 04:53:47 +0000 2020,"My next blog.

#DataScience #MachineLearning #100DaysOfMLCode #66daysofdata #Python 

https://t.co/8t5TykSFQf",3,0
1328913438563725312,2212129783,sam_jwalsh,Wed Nov 18 04:10:28 +0000 2020,"#66daysofdata Day 1:
-worked on a farm system analysis project of all 30 mlb teams
-began an SQL course

excited to see where this challenge takes me!",0,3
1328894988181250049,2214590456,__peagah,Wed Nov 18 02:57:09 +0000 2020,"Back to the challenge!

Day 36. Overview of AWS, focusing on S3 and SageMaker.

#66DaysOfData @KenJee_DS",0,7
1328889280895328256,1320782511748927489,NoahHorsleyDS,Wed Nov 18 02:34:28 +0000 2020,"Today I learned the ins and outs of sklearn's feature_selection library. I'm excited to test how these methods compare to the feature selection methods I already practice.

Day 21 of #66daysofdata",0,5
1328885573780602881,45938414,KiInoue,Wed Nov 18 02:19:44 +0000 2020,"Day30 of #66DaysOfData: Twitter sentiment analysis and wordcloud - my last 100 tweets/responses. 🐍

Neutral: 47
Positive: 40
Negative: 13 https://t.co/WizOyjke1e",0,5
1328882478220718081,264448841,Studawsonstats,Wed Nov 18 02:07:26 +0000 2020,Trying to do image recognition from video using @ThePSF on day 22 of #66daysofdata. I've hit a brick wall but I need to keep trying.,0,3
1328833435323002880,2527930848,joao96santos,Tue Nov 17 22:52:34 +0000 2020,"44 / #66DaysOfData
Completed the Introduction to Relational Databases in SQL by @DataCamp

• [Section 3/4] Keys and Super Keys; Primary Keys; Surrogate Keys

• [Section 4/4] Model 1:N and N:M Relationships w/ FOREIGN KEY; Referencial Integrity

https://t.co/m513lSYZMj",0,4
1328831706598662145,1318596362703962119,dataleftovers,Tue Nov 17 22:45:42 +0000 2020,"Day 8 and 9 of #66daysofdata:

I did a lot of data cleaning to make my Big Brother dataset more functional. 

I'm hopeful for what all that cleaning will allow me to do with that data.",0,5
1328829256814702597,1327737682164846592,aysnrdurak,Tue Nov 17 22:35:57 +0000 2020,"Day1 #66DaysOfData I started tensorflow course today and worked for 1 hour. I think, and i hope :), this course will end in the next 3 days.",0,0
