tweet_id,user_id,user_name,created_at,full_text,retweets,favorite
1394215678400372738,1059200207756423170,Aamna__Suhail01,Mon May 17 08:58:15 +0000 2021,"#66daysofdata 
Day 26  with @KenJee_DS

not consistent for a month 😔
I'll try to be consistent from today onwards. 

@Krishnaik06 
Feature Engineering Playlist Vid1,Vid2.
@AnalyticsVidhya 
article on Outliers",0,0
1394198969832542209,1266599735881687040,ChinWuChen1,Mon May 17 07:51:52 +0000 2021,D43 #66daysofdata - keeping moving with join practice.,0,1
1394178793141510144,1363855621628465153,korasaju_a,Mon May 17 06:31:41 +0000 2021,"Day 64 of #66DaysofData with @KenJee_DS 

•Finished Statistics for Data Science with Python class by IBM today.

Also earned Data Science Fundamentals with Python and SQL Specialization Certificate from IBM and Coursera. 

Last 2 days will be about my learnings and realizations.",0,3
1394175941476327424,271648123,MisterBroma,Mon May 17 06:20:21 +0000 2021,"Day 0️⃣1️⃣-0️⃣2️⃣ of #100DaysOfCode
1st and 2nd day with the python course of @yu_angela on @udemy 😊
Let's go on data road
#66daysofdata @KenJee_DS @TinaHuang
#LearnToCode #DataScience #codingbasics #Python",7,8
1394175373902958594,1058366132883603456,ShubhangiChatu8,Mon May 17 06:18:06 +0000 2021,@SwatiBansal4 What's #66daysofdata challenge?,0,0
1394150132405440516,397272525,shatandv,Mon May 17 04:37:48 +0000 2021,"Day 132 of #66DaysOfData:
- Did some tutoring on statistics and probability,
- Completed Part 14 of @python_engineer's PyTorch tutorial,
- Watched tutorials on and practiced SVD. Gonna be diving into Recommendation systems soon!",0,9
1394131649474990081,1179254091521941508,jasonvero,Mon May 17 03:24:21 +0000 2021,"Day 15 - of #66DaysOfData

Today I learned how to use PIP to install #Python modules through the command prompt.

Issues faced:
- cmd could not recognize PIP through the PATH variable (resolved)
- The module cannot be found in PyCharm to import (still outstanding)

#DataScience",4,6
1394130825449459716,25925939,Dataenergy_DS,Mon May 17 03:21:05 +0000 2021,"Day 9️⃣ of #66daysofdata:

- Learning about Gradient Descent in DataCamp's 'Introduction to #DeepLearning'.
- Working on portfolio website using #python and #Flask.

#datascience #machinelearning",4,2
1394125452248223745,2238460753,KennethB23,Mon May 17 02:59:44 +0000 2021,"#66daysofdata day 2 in the books!
#SQL intro to data types and writing queries to create databases and tables in MySQL Workbench.
Also worked through some more #python practice problems from Hello, Python intro course on Kaggle",3,2
1394124358872977409,722533518,nelotsak,Mon May 17 02:55:23 +0000 2021,"Model versioning and its perks (Stability , streamlined processes and reproducibility) by Clayton Davis
 
#66daysofdata

https://t.co/iiSbxd48I5",0,2
1394119863581519872,1389606414474227715,Nobre_Lucas18,Mon May 17 02:37:31 +0000 2021,"Day 13 of #66daysofdata

Today I worked very hard to get some data for my small project using web scraping and it was much more difficult than I imagined. With that, I ended up studying a little bit about JSON files too",0,6
1394107609402134529,1267805283511750660,Binal_BP,Mon May 17 01:48:50 +0000 2021,"Day 19-20: #66DaysOfData

Completed week 1 of Ask questions to make Data-Driven Decisions. 

▪️There are 6 phases that will help you make seamless decisions: Ask, Prepare, Process, Analyse, Share, and Act. 
▪️Effective questions follow the SMART methodology.",0,4
1394102850066714624,1389723445664096256,chelsfitzpat,Mon May 17 01:29:55 +0000 2021,"D6 of #66daysofdata 

Spent my day with @mike_dane YouTube series on #sql to try to understand my assignment better. And of course some colour coded relationships https://t.co/7OfsNFjNe6",0,1
1394086770522955777,734167027997347842,_liamconnors,Mon May 17 00:26:01 +0000 2021,"Day 3 of #66daysofdata - today I worked with API response content in XML, using xmltodict to parse it. Nice to work with and the docs very good for getting started with it.",0,6
1394077705994391556,186120957,Saoussenlabidi,Sun May 16 23:50:00 +0000 2021,"Day 3 of #66DaysofData :
- Mostly watched my Udemy course + done the first set of exercises that come with it 
Honestly I've learned new things in Python like lambda, filter, dictionaries manipulation and other stuff that will be used later in pandas",1,3
1394035095296782345,1324652185964204033,meyke9976,Sun May 16 21:00:41 +0000 2021,"Day 127 of #66daysofdata by @KenJee_DS 
continued with the #8weeksSQLChallenge and also worked some on my new product dataset. Have to decide how to deal with the highly imbalanced data... to be continued!",0,12
1394032995888205827,929998650,KehalHoussem,Sun May 16 20:52:20 +0000 2021,"Day 1⃣3⃣:

Not that productive day 😔, still I've revised the concept of analysis of variance (ANOVA) from this article.

https://t.co/nWFrs4aHXl

#66daysofdata #DataScience #MachineLearning",2,4
1394028346472816641,1361227694889967616,dataQueen_pend,Sun May 16 20:33:52 +0000 2021,"D. 23 R. 2 of #66daysofdata

✨ Data manipulation with Pandas
➡️ Pivot tables
✅ Subsetting and slicing pivot tables
✅ Calculations on pivot tables

Done with slicing and indexing!

➡️Creating and visualizing DF started!
✅ Different kinds of plots and theirs uses
✅ Exercises!",0,10
1394028231959982082,1393682765938413568,yousefi_ds,Sun May 16 20:33:24 +0000 2021,"Day 20:
I took a test about Bokeh visualization and i got 11 out of 14 questions right!!
#66daysofdata",0,2
1394015141247737856,1352186511433805824,balalaikagrunge,Sun May 16 19:41:23 +0000 2021,"Day 12 of #66daysofdata with @KenJee_DS 
Finally revised most of my time series lectures. Trend estimation, trend removal, seasonality estimation, and seasonality removal as time series decomposition. Did a little bit of coding in R following the lecture videos.",0,6
1394011625397567494,71251893,MirceaMesesan,Sun May 16 19:27:25 +0000 2021,"Day 14 of #66DaysOfData. Model validation, getting some practice with the mean_absolute_error from sklearn.metrics",0,1
1394003664612769794,1295354412794249219,thebrowndeity,Sun May 16 18:55:47 +0000 2021,"Day 40 of @KenJee_DS #66daysofdata:
I learnt about plotting bar charts, heatmaps, bar plots, scatterplots and histogram

Probably for some time next week, I may still tweet more on Data Visualization, cause I still want to solidify my learning",0,6
1394000549914177536,901324520346091520,Sanskar1531,Sun May 16 18:43:25 +0000 2021,"day 20 of #66daysofdata 
Researched furthermore on eigenvectors, it's properties related to projection on the plane, diagonalization, and simplifying the quadratic form using eigenvalues.",0,4
1393997309499871232,1240953896,asvn90,Sun May 16 18:30:32 +0000 2021,"Day 6+7 of #66daysofdata with @KenJee_DS
 
Created my @NotionHQ account to track my progress and finished off the videos on Data Governance hosted by @365datascience . When collecting data, ethics and trust are really important for the long term success of the project. https://t.co/LElWI8Q9JM",0,5
1393985060949438464,1392958037497892871,AntoneEvansJr,Sun May 16 17:41:52 +0000 2021,"#Day8 of #66DaysOfData by @KenJee_DS

Before creating my project's front-end, I fixed and cleaned up data. 
1. Added Comments
2. Added re for Artist Names which will be user inputs
3. Added a statement to handle colors ending with ()
4. Handled similar words
5. Create readmes https://t.co/jPAHKINV1z",0,5
1393977761778257920,602408175,golubovalex,Sun May 16 17:12:51 +0000 2021,"Day 27 of #66daysofdata: lesson on spreadsheet functions form 3-rd week of the 2-nd course of Google Data Analytics certificate, completing the lesson on aggregate functions, practice workout of Introduction to SQL course on DataCamp, and the Introduction to Python workout there.",0,9
1393977178132389890,731856877139558400,ABYA80,Sun May 16 17:10:32 +0000 2021,"R2: #66daysofdata with @KenJee_DS 

Day 57: Today, I was working💻 on the EDA on Zomato🍜. Completed the cleaning🧹 part, started exploring and visualizing📊 the data.",0,15
1393971394157809665,19448058,paulapivat,Sun May 16 16:47:33 +0000 2021,"R3: Day 32 #66daysofdata 

• Exploring Eth2 staking on @DuneAnalytics 
(still work-in-prog...)

https://t.co/uTfrX4ZvgX",0,1
1393961551628021762,1649054340,a_escontrela,Sun May 16 16:08:27 +0000 2021,"Day 46 #66daysofdata today I was playing around for first time with AWS, creating IAM roles, clusters, and a postgreSQL database. The idea is to move the ETL project done on premise to the cloud in the following days or weeks, let's see",0,5
1393959931246612483,4422261493,inder1996singh,Sun May 16 16:02:00 +0000 2021,"Day 6 of #66daysofdata :

Was reading about wordcloud and its implementation and what’s better than using it for earth's mightiest heroes: The Avengers!!
Check out the complete post : (https://t.co/XI3CJUMIv3)

#Data #Python #DataAnalytics https://t.co/jRdGVvrnnE",1,4
1393951394055393282,1362442599747870721,art9793,Sun May 16 15:28:05 +0000 2021,"D15-21 #66daysofdata @KenJee_DS 
Haven't updated here in a while but I've been slowly chipping away at the Learn #Python 3 course on @Codecademy and have completed 88%. The course has been a good introduction and also helped me get some practice writing #code 
#Data #DataScience",2,3
1393947231661674499,1393699686876209153,theRishonR,Sun May 16 15:11:32 +0000 2021,"Day 1 of #66daysofdata brushed up on python syntax, sql, basic stats and data analysis using Numpy, Pandas and Matplotlib.
@KenJee_DS",1,4
1393942205404835840,1329313525974532097,AyubRasool14,Sun May 16 14:51:34 +0000 2021,Day 37-39/66: My motivation to do work is not there at the moment but I still managed to get go thru plotly documentation and understand when and how to to use the different type of plots. Also managed to catch up on my data analytics course #66daysofdata,0,10
1393905156429795328,1322620958327255040,Datavisz,Sun May 16 12:24:21 +0000 2021,Day 56 of #66daysofdata: Exploring statsmodels package for statistical analysis.,0,11
1393899062802272258,2352929006,AkirasGames,Sun May 16 12:00:08 +0000 2021,"Day 30 : 
* Started Machine Learning Explainability course from Kaggle and learnt about feature importance and partial plots
* Read Logistic Regression article
https://t.co/aENOuAiP1y

#66DaysOfData",0,2
1393894925213728770,1276070101196795904,thinam_,Sun May 16 11:43:42 +0000 2021,"I have presented the implementation of Training Word Embedding Model using PyTorch here in the snapshot. 

📚 Dive into Deep Leaving : https://t.co/4vpKQHzkRz
📒 Journey on Machine Learning and Deep Learning : https://t.co/I7KFrKDaJI

#66daysofdata #MachineLearning #DeepLearning https://t.co/B9UCxNfJNP",1,2
1393859892469919745,1360185873862594561,SwatiBansal4,Sun May 16 09:24:29 +0000 2021,"Thanks to 
@KenJee_DS, I am inspired and excited to join #66daysofdata where I will learn various tools used by Data Scientists and will try to follow the steps in this blog.
https://t.co/fUXCij1pQk",0,8
1393858735764697089,1360185873862594561,SwatiBansal4,Sun May 16 09:19:53 +0000 2021,"Hey, all
As I'm into machine learning and data science, I'm taking the #66daysofdata challenge.👩‍💻
Every day I will take one dataset and perform EDA, Data analysis, and machine learning algorithms and will do some basic visualizations.
Hope to continue this challenge.
#KeepGoing",0,3
1393850152457277442,397272525,shatandv,Sun May 16 08:45:47 +0000 2021,"Day 131 of #66DaysOfData:
- Completed @DataCamp's Writing Functions in Python course. Very nice material on decorators,
- Made a model to solve a churn problem. Practiced some GridSearch and Pipelines along the way,
- Watched Part 13 of @python_engineer's PyTorch tutorial.",0,13
1393848992715345923,1363855621628465153,korasaju_a,Sun May 16 08:41:10 +0000 2021,"Day 61–63 of #66DaysofData with @KenJee_DS 

•Finished MySQL Class by 365 Data Science — last lessons and exercises were about SQL and Tableau integration. I must say that I really enjoyed learning SQL (and answering SQL queries at StrataScratch) these past few weeks!",0,15
1393835810684760068,1137782574036635649,thedataprof,Sun May 16 07:48:48 +0000 2021,"How to paraphrase text in Python using the PARROT library (Ft. @KenJee_DS)
https://t.co/RPqNnccLFc
#66daysofdata #python #nlp #datascience https://t.co/S2d6jhi07M",5,21
1393833835356311553,901324520346091520,Sanskar1531,Sun May 16 07:40:57 +0000 2021,"day 19 of #66daysofdata 
Read about graphs and graph algorithms, their running times and efficiency on different kinds of problems.",0,1
1393770749614120962,94308247,poetratron,Sun May 16 03:30:16 +0000 2021,"Day 14 of #66daysofdata 

Finished week 3 of Duke University Data Science Math Skills on Coursera. Plan to finish the course today.",0,1
1393762602518384641,1369840035726581766,DustinVo10,Sun May 16 02:57:53 +0000 2021,"Day 3 #66daysofdata 
Learn some basic functions to clean data drop duplicate
drop null, fill data, cast data type, deal with string.",0,1
1393745275399729153,1389723445664096256,chelsfitzpat,Sun May 16 01:49:02 +0000 2021,"D5 of #66daysofdata 

Working through a SQL assignment for class",0,1
1393722888579129348,1295354412794249219,thebrowndeity,Sun May 16 00:20:05 +0000 2021,"Day 39 of @KenJee_DS #66daysofdata;
Learnt about DateTime objects in Pandas,

Solved @JovianML Pandas Exercise Assignment",0,9
1393722797583749125,186120957,Saoussenlabidi,Sun May 16 00:19:43 +0000 2021,"Day 3 of #66daysofdata :
Just went home but decided I would start my Udemy course today. Result: Kind of slow start with 10 videos for just reviewing basic concepts of Jupyter and Python for now. Hope I stay motivated and finish an online course for once.",0,7
1393720918703230979,734167027997347842,_liamconnors,Sun May 16 00:12:15 +0000 2021,Day 2 of #66daysofdata with @KenJee_DS - built on my knowledge of the Requests library; explored the docs in more detail. I am building a tool to send me notifications related to Fantasy Premier League so wrote an article on how I use Requests for this,0,5
1393717345391190017,1389606414474227715,Nobre_Lucas18,Sat May 15 23:58:03 +0000 2021,"Day 12 of #66daysofdata.

Today was a day that I saved to dive into web scraping with Python. I feel comfortable to start trying to apply this technique to my small project starting tomorrow.",0,1
1393713278920978433,406512519,rohan_kumawat,Sat May 15 23:41:54 +0000 2021,@SankethYS I have just recently completed #66daysofdata and it helped me a lot. Here's a thread about the lessons learned by completing this challenge. This is for everyone who wants to build a habit in anything they want to achieve but not just Data Science. I hope it motivates everyone.💙,0,2
1393712426395176965,406512519,rohan_kumawat,Sat May 15 23:38:31 +0000 2021,"6️⃣. Lessons learned for next #66daysofdata :
- I should focus more on becoming a Notebook expert and continue moving forward for a while.
- I should focus on showing my work more. 
- I should tell people how I look at algorithms.",0,2
1393712411970990081,406512519,rohan_kumawat,Sat May 15 23:38:27 +0000 2021,"Lessons learned:
1️⃣. It wasn't perfect.😀
I tried doing #66daysofdata earlier too (Twice) but I wasn't successful at that. By doing it this time I do know the answer why!
One line answer would be:
""I was looking for Perfection while studying and applying my knowledge earlier.""",0,1
1393712410096148484,406512519,rohan_kumawat,Sat May 15 23:38:27 +0000 2021,"I am delighted to tell you guys that yesterday I completed my #66daysofdata challenge. There are a few things that I would like to share from my end with you guys❤.
First of all, thank you @KenJee_DS for making a video on this and I can't wait to start my round 2🌈.
🧵",0,6
1393701341239840770,71251893,MirceaMesesan,Sat May 15 22:54:28 +0000 2021,Day 13 of #66DaysOfData. Exploring the scikit-learn library to create models.,0,1
1393697448892248072,1392958037497892871,AntoneEvansJr,Sat May 15 22:39:00 +0000 2021,Week 1 of 9.4 to go. This week was really fun. I went to bed every day this week excited for the next day to work on my project. I hope to continue and complete this project before the end of week 2 followed by picking up another. #66DaysOfData,0,5
1393696942924967938,1392958037497892871,AntoneEvansJr,Sat May 15 22:36:59 +0000 2021,"#Day7 of #66DaysOfData by @KenJee_DS
I focused on integrating lyrics search into my code today using the lyricsgenius package which pulls songs from https://t.co/DdDiC8n7Qg. The package outputs songs in a JSON file so several functions were made to handle data in this package.",0,8
1393694933647777795,32453704,anyachocolat,Sat May 15 22:29:00 +0000 2021,"Day 41 of #66DaysOfData:
- read ""A Byte of Python""",0,7
1393690734679711747,1179254091521941508,jasonvero,Sat May 15 22:12:19 +0000 2021,"Day 14 - of #66DaysOfData

For today's lesson, I learned about the uses of modules and how to import these modules into existing projects. 

There's definitely a lot of utility and detail here, I will go over this more in tomorrow's study session.

#DataScience #Python",4,14
1393686286536413192,1207501893582442496,HeliBaez11,Sat May 15 21:54:38 +0000 2021,"🥳Day 4️⃣2️⃣ of #100daysofcode 🐍

Expanding my knowledge🏋🏽‍♂️ @DataCamp #66daysofdata https://t.co/lNY5sQwNQK",9,12
1393681221557932033,1324652185964204033,meyke9976,Sat May 15 21:34:31 +0000 2021,"Day 126 of #66daysofdata by @KenJee_DS 
In addition to some work on the new dataset, i looked into the sql challenge (week 1) from @DataWithDanny. Fun and challenging 🙂",0,21
1393679512659976195,1649054340,a_escontrela,Sat May 15 21:27:43 +0000 2021,"Day 45 #66daysofdata continue with data lake and data warehouse course. I did struggle a bit with JSON and array data in BigQuery, still need to review some queries. Also, I added documentation to the ETL project for NoSQL",0,12
1393672868861521929,1352186511433805824,balalaikagrunge,Sat May 15 21:01:19 +0000 2021,"Day 11 of #66daysofdata with @KenJee_DS 
Spent most of the day hangover listening to Andy Weir's new book Project Hail Mary. But I did manage to read a bit of a Training Models chapter from the Hands-On ML Holy Bible by Geron. I class it as success.",0,11
1393661547457753096,929998650,KehalHoussem,Sat May 15 20:16:20 +0000 2021,"Day 1⃣2⃣:

I end up reading about air quality to find out some ways to improve the performance of my model and get a better score on AirQo Low-Cost Air Quality Monitor Calibration Challenge on Zindi. 

I'm feeling overwhelmed 🤯😅.

#66daysofdata #MachineLearning #DataScience",3,6
1393655884430159874,1361227694889967616,dataQueen_pend,Sat May 15 19:53:50 +0000 2021,"D. 22 R. 2 of #66daysofdata

✨ Data manipulation with Pandas
Continues...
➡️ Slicing and indexing

✅ Indexes (setting, removing, subsetting, multilvls, sorting)
✅ Slicing and subsetting with .loc and .iloc (index values, both directions, time series, by row/col number)",0,20
1393636544385196034,4422261493,inder1996singh,Sat May 15 18:36:59 +0000 2021,"Day 5 of #66daysofdata :
- read implementation of worldcloud and looked into pillow library.",0,8
1393635419351289858,602408175,golubovalex,Sat May 15 18:32:31 +0000 2021,"Day 26 of #66daysofdata: lesson on spreadsheet formulas form 3-rd week of the 2-nd course of Google Data Analytics certificate, completing the lesson on aggregate functions, practice workout of Introduction to SQL course on DataCamp, and the Introduction to Python workout there.",0,7
1393634294866788354,1352186511433805824,balalaikagrunge,Sat May 15 18:28:03 +0000 2021,"Day 10 of #66daysofdata with @KenJee_DS 
More struggle with hyperparameter tuning. Resorting to coarse to fine method I learned on Datacamp. Managed to get my model to acceptable precision and recall scores. Hyperopt still giving worse results than random search.",0,11
1393627751643443201,1322620958327255040,Datavisz,Sat May 15 18:02:03 +0000 2021,Day 55 of #66daysofdata: Working on the lab section of linear regression.,0,7
1393627679279120384,731856877139558400,ABYA80,Sat May 15 18:01:45 +0000 2021,"R2: #66daysofdata with @KenJee_DS 

Day 56:
- Watched a short video on the Lambda function.
- Continued that Intro to SQL course from Kaggle.
- Started EDA on Zomato Dataset.",0,19
1393586829908070401,19448058,paulapivat,Sat May 15 15:19:26 +0000 2021,"R3: Day 31 #66daysofdata 
• Continue on FCC time_calculator
• address old bugs, new bugs 🪲 emerge 😅
• learn about built in func divmod() to separate integers from decimals. https://t.co/ELtAne0wRJ",0,2
1393574624470896646,25925939,Dataenergy_DS,Sat May 15 14:30:56 +0000 2021,"Days 7️⃣ and 8️⃣ are my 1st
#DeepLearning weekend:
- Watching @freeCodeCamp Deep Learning Crash Course.
- Advancing on @DataCamp's 'Introduction to Deep Learning' Course.
- Reading @TeachTheMachine book on Deep Learning. 
#datascience #66daysofdata #machinelearning #python",3,5
1393556407547437056,2352929006,AkirasGames,Sat May 15 13:18:33 +0000 2021,"Day 29 : Revisit Probability basic on Udemy
#66DaysOfData",0,6
1393541257792692230,1276070101196795904,thinam_,Sat May 15 12:18:21 +0000 2021,"I have presented the implementation of Embedding Layer, Skip Gram Model Forward Calculation and Binary Cross Entropy Loss Function. 

📚 Dive into Deep Leaving : https://t.co/4vpKQHzkRz
📒 Journey on Machine Learning and Deep Learning : https://t.co/I7KFrKDaJI

#66daysofdata https://t.co/wQKr7r4hns",0,7
1393529215648161794,186120957,Saoussenlabidi,Sat May 15 11:30:30 +0000 2021,"Forgot to tweet yesterday about my #66DaysofData journey. I haven't done much in reality but managed to do the following:
-Read a few cheat sheets read on Linkedin and SuperDataScience (very efficient Newsletter)
-Listened to a podcast
-Stalked Steve Nouri",0,8
1393507669114298369,71251893,MirceaMesesan,Sat May 15 10:04:53 +0000 2021,"Day 12 of #66DaysOfData. Steps to build a Machine Learning model: Define, Fit, Predict, Evaluate.",0,12
1393489570638016513,1240953896,asvn90,Sat May 15 08:52:58 +0000 2021,@_liamconnors @KenJee_DS Welcome to #66daysofdata the pandas documentation is great! The examples at the end of each function is really helpful 👌🏻,0,5
1393472754247155712,397272525,shatandv,Sat May 15 07:46:08 +0000 2021,"Day 130 of #66DaysOfData:
- Really busy today,
- Learned about the DISTINCT ON keyword in Postgres. Played around with it,
- Started reading an article on Transfer Learning on https://t.co/0RgwzA3b2W.",0,13
1393432113249099777,1267805283511750660,Binal_BP,Sat May 15 05:04:39 +0000 2021,"Day 18: #66DaysOfData

Here I go once again with starting a new course😅 
Inspired by my previous courses.
This time I’ll be taking Ask Questions to Make Data-Driven Decisions by @Google on @coursera.",0,10
1393394786971922432,1392958037497892871,AntoneEvansJr,Sat May 15 02:36:19 +0000 2021,"#Day6 of #66DaysOfData by @KenJee_DS (1/2)
My color prediction algorithm was outputting colors such as Alice Blue; however, I highly doubt Alice Blue will be mentioned in song lyrics. I split the strings to return to the root color. Luckily it seemed to always be the last word.",0,11
1393383927151095810,830730942968852481,nirmalya08,Sat May 15 01:53:10 +0000 2021,@shatandv @python_engineer Hey @shatandv and @python_engineer can you suggest some curriculum for #66DaysofData . Thank You!,0,3
1393382952839565316,25925939,Dataenergy_DS,Sat May 15 01:49:18 +0000 2021,"Very useful tips for those of us seeking a job in Data Science. For more suggestions, listen to this interview with @KenJee_DS  on the ""Towards Data Science Podcast.

https://t.co/PCm0nP3xb8

#MachineLearning #python #DataScience #66daysofdata",4,5
1393382712254283776,2149586883,vperez2000,Sat May 15 01:48:21 +0000 2021,"#66daysofdata #R3 #Day28 by @KenJee_DS

No DataCamp DS track today, but I couldn't refuse to watch this video ⬇️

https://t.co/MuLPqTlS3A

I struggle trying to do everything &amp; not having the 48 hours that I need, now I'm using the Eisenhower matrix to find the time ⏳⏳⏳",0,11
1393378267105746946,1389723445664096256,chelsfitzpat,Sat May 15 01:30:41 +0000 2021,"Starting out #66daysofdata journey. 
D1-4 review SQL and database terminology for class + YouTube videos regarding process of beginning a data science project",0,11
1393372322275414017,1291243974611668992,pristdata,Sat May 15 01:07:03 +0000 2021,"Day 57&amp;58 of #66daysofdata:
Focused on preparing for job interviews but also continued listening to AI podcasts and read articles about selection of easily explainable features when reporting to stakeholders for better communication. I wish you guys a great weekend. Cheers.",0,26
1393351838729228289,1207501893582442496,HeliBaez11,Fri May 14 23:45:40 +0000 2021,"Day 4️⃣1️⃣ of #100DaysOfCode 
Creating and Visualizing DataFrames almost done ✅🐍

Soon I will be able to realize a mini personal project.🏋🏽‍♂️📊📈  #66daysofdata https://t.co/pFoGeJComy",4,7
1393346122161303552,602408175,golubovalex,Fri May 14 23:22:57 +0000 2021,Day 25 of #66daysofdata: completing the 2-nd and starting the 3-rd week of the 2-nd course of Google Data Analytics certificate.,0,9
1393337924826116096,1179254091521941508,jasonvero,Fri May 14 22:50:22 +0000 2021,"Day 13 - of #66DaysOfData

Happy Friday! Today, I continued my #Python lessons which went over how to write and append to files. 

I also read a very interesting article about the different levels of data driven organizations. @JackRaifer 

https://t.co/COrr5O4ZEN

#DataScience",4,10
1393330134229282816,1369840035726581766,DustinVo10,Fri May 14 22:19:25 +0000 2021,"DAY 2 #66daysofdata Some basic stuff in Pandas
Will focus on data cleaning in DAY 3

NOTE: https://t.co/AgGgMDo7RY

Book: https://t.co/kLKHWmxCGd",0,5
1393327727399350274,929998650,KehalHoussem,Fri May 14 22:09:51 +0000 2021,"Day 1⃣1⃣:

Yesterday was Eid al-Fitr, so I've take the day-off 😅.
For today, I read this article about the 'Boosting Algorithms' (GBM, XGBoost, LightGBM &amp; CatBoost)
what they stand for and  what's the diff btw them.

https://t.co/yEuxhuZ7Vg

#66daysofdata  #MachineLerning",0,6
1393327637460828166,1324652185964204033,meyke9976,Fri May 14 22:09:30 +0000 2021,"Day 125 of #66daysofdata by @KenJee_DS 
After fixing Anaconda, I loaded a new dataset containing lots of products. The goal is to see if I can build a classification model in order to auto-classify the products based on various descriptions of the products.",0,19
1393327550538059776,1096479301074063361,Petec0x0,Fri May 14 22:09:09 +0000 2021,"Day x of #66daysofdata 
I publish an article about two methods I discovered while working on a recent project.
https://t.co/y1b6xVT7ii
This is the first time I'm sharing my knowledge through writing. So I need honest feedback on this.

#Python #datascience #66daysofdata",4,11
1393313948221517824,1389606414474227715,Nobre_Lucas18,Fri May 14 21:15:06 +0000 2021,"Day 11 of #66daysofdata 

Today was a very full day of Data Science

I read superficially about:
- Bayes' theorem
- Baysean Inference
- Beta Distribution
- Bernoulli distribution 

But I will leave to study these subjects in a deeper way for later",0,4
1393308039743148035,734167027997347842,_liamconnors,Fri May 14 20:51:37 +0000 2021,"Day 1 of #66daysofdata with @KenJee_DS. I focused on exploratory data analysis with pandas. For learning, I used the pandas documentation itself (Often I go straight to tutorials). Really happy to have done so. Learned a lot. Well written and great examples in there.",0,20
1393306659737378818,4422261493,inder1996singh,Fri May 14 20:46:08 +0000 2021,"Day 4 of #66daysofdata :
- worked on a case study - 1 from @DataWithDanny on https://t.co/VpQtyfIHzB. Please find my solution below (https://t.co/jNoj4mJyJw) All critics are welcome. If you hop on this let's work together and optimise each other’s query. #8weeksqlchallenge #data",0,10
1393305139327299584,1266599735881687040,ChinWuChen1,Fri May 14 20:40:06 +0000 2021,D42 #66daysofdata - still in the zoo practicing sum and count. 💪,0,11
1393299259815038982,32453704,anyachocolat,Fri May 14 20:16:44 +0000 2021,"Day 40 of #66DaysOfData:
- practiced grouping with Pandas",0,13
1393296640975511557,1295354412794249219,thebrowndeity,Fri May 14 20:06:20 +0000 2021,"Day 38 of @KenJee_DS #66daysofdata:
• Learnt about adding line markers, colours, markersize and some others
• Shorthand Fmt for plotting with marker, linestyle and color 
• Changing the size of graph/plot
• Using Seaborn's Set-Style for Background Style 

Getting more sweet!!",0,13
1393294164889010176,2562318241,NeemaMV,Fri May 14 19:56:29 +0000 2021,"Day 62 of #66daysofdata  #DataScience Day 87 of #100DaysOfCode 
Completed phase I of the forecasting model. Working on timeseries modeling to improve accuracy
Day 37 of #100DaysofSQL
Enrolled for 8 week serious SQL challenge. Started with first course lesson.",12,18
1393290681423044609,901324520346091520,Sanskar1531,Fri May 14 19:42:39 +0000 2021,"day 18 of #66daysofdata 
Worked on complex numbers, their operations, the implications of their products, eigenvectors and its values, and matrices. Solved a bunch of question papers on the same. https://t.co/N29jjfHdgM",0,12
1393282740599021572,1649054340,a_escontrela,Fri May 14 19:11:05 +0000 2021,"Day 43 &amp; 44 #66daysofdata more on data warehouses and data modeling, doing some changes on the ETL project and watched a few videos of Data lakes and data warehouse on Google Cloud course",0,15
1393280408075259904,1361227694889967616,dataQueen_pend,Fri May 14 19:01:49 +0000 2021,"D. 21 R. 2 of #66daysofdata

✨ Data manipulation with Pandas 
Continuessss
➡️ Grouped Summary statistics
➡️ Pivot tables

✅ Done! With Aggregating Data 🎉💥
Next ➡️ slicing and indexing in Pandas 🐼",0,18
1393273127585599490,324583975,georgekanellos,Fri May 14 18:32:54 +0000 2021,"Days 39-43(R2) of #66daysofdata by @KenJee_DS

These were some slow days but I did make progress on my NBA project:
-&gt; Created a ""player efficiency metric""
-&gt; Added feature selection in catboost
-&gt; Improved test accuracy to 67% for games
Next step to actually implement stacking😃",0,14
1393262428104708096,406512519,rohan_kumawat,Fri May 14 17:50:23 +0000 2021,"Day 54 to 66 of #66daysofdata and #100DaysofCode
I learned more about Dimensionality Reduction, Principal Component Analysis, etc. I didn't code every day but I at least read about Data Science things approximately every single day. Learned ore about Cross-Validation techniques.",3,7
1393258179123761154,822280007502295041,_paulo_lopez_,Fri May 14 17:33:30 +0000 2021,"#100DaysOfMLCode #100DaysOfCode #66daysofdata #pythondeveloper #Python 

🔹 Read an article explaining various machine learning algorithms along with code in Python and R.

https://t.co/cztebz4AoR",0,8
1393242422159810563,731856877139558400,ABYA80,Fri May 14 16:30:53 +0000 2021,"R2: #66daysofdata with @KenJee_DS 

Day 55: Brushing up on the basics of SQL.",0,25
1393241130704072708,2352929006,AkirasGames,Fri May 14 16:25:45 +0000 2021,"Day 28 : Made a new submission with Pipeline and XGBoost on Housing Price Competition. Model got improved but still need more data preprocessing. 
#66DaysOfData https://t.co/pDEHYbLeYm",0,6
1393235806928588801,1347114536944340993,delivialiauw,Fri May 14 16:04:36 +0000 2021,"Because i'm still stuck with my undergraduate thesis, and can't do the #66daysofdata...

so here's a poem written by me 😘

I'll really appreciate it if you read it 🥺 https://t.co/RuaikKQIsj",0,2
1393214243483357194,1377113586145751042,sustainablersyd,Fri May 14 14:38:54 +0000 2021,"Days 41-43 of #66daysofdata with @KenJee_DS 
- lots of postgresql exercises, lookML and dbt modelling 
- recursive queries are kind of confusing and not as applicable to my work but still interesting!",0,13
1393212655083483143,1384179766551400448,SpaceAxolotl2,Fri May 14 14:32:36 +0000 2021,"Day 6 of #66daysofdata 
Decision Trees 🌲🌳🌴",0,2
1393209710099247106,602408175,golubovalex,Fri May 14 14:20:54 +0000 2021,"Day 24 of #66daysofdata: completing the lesson on rows filtering and practice workout of Introduction to SQL course on DataCamp, also the Introduction to Python workout there. Kind of day off.",0,10
1393178602011693066,1276070101196795904,thinam_,Fri May 14 12:17:17 +0000 2021,"📌 Function for Loading PTB Dataset: 

📒 Journey on Machine Learning and Deep Learning : https://t.co/I7KFrKDaJI

#66daysofdata #MachineLearning #DeepLearning https://t.co/JvjfJokQeT",0,3
1393121392678277120,1324652185964204033,meyke9976,Fri May 14 08:29:57 +0000 2021,"Day 124 of #66daysofdata by @KenJee_DS 
I tried to load a new dataset into a notebook but encountered numerous problems... I imported a package that was not compatible with others (I think) so at this point, nothing is working... will try to fix it later today...",0,18
1393117568366485508,1352186511433805824,balalaikagrunge,Fri May 14 08:14:45 +0000 2021,"Day 9 of #66daysofdata with @KenJee_DS 
Required senior data scientists to help with with hyperopt. Still no luck. I'm beginning to feel I am cursed. Cleaned up my code, documented everything I've done, wrote some functions to reduce the amount of copy pasted code.",0,13
1393065516135337985,397272525,shatandv,Fri May 14 04:47:55 +0000 2021,"Day 129 of #66DaysOfData:
- Learned some concepts of online advertising,
- Attended a webinar on Positive Unlabeled Learning. Potentially very useful,
- Explored a dataset and built a small model for a churn problem,
- Watched Parts 11-12 of @python_engineer's PyTorch tutorial.",1,14
1393046141441232897,1267805283511750660,Binal_BP,Fri May 14 03:30:56 +0000 2021,"Day 17: #66DaysOfData 

Completed the Intro to Data Engineering course by @coursera. Overall, it was a pretty good course. It did a great job at breaking down what the role entails and how one can transition into this role.",0,10
1393037451330007041,168046022,ribhunirek,Fri May 14 02:56:24 +0000 2021,"Day 19 of #66daysofdata 
- completed Course 2 of Google DA Certification, learned about SQL delete vs truncate, table locking",0,0
1393028032315551745,1369840035726581766,DustinVo10,Fri May 14 02:18:58 +0000 2021,"Day 1 #66daysofdata 
Go through the beginner Kaggle dataset with the example of Ken Jee.
Know the process when analyzing a data set.
Need to learn some knowledge about modeling.",0,11
1393026773324029960,1179254091521941508,jasonvero,Fri May 14 02:13:58 +0000 2021,"Day 12 - of #66DaysOfData

I was particular excited about today's #Python lesson which encompassed how to read from files. 

It was always one of the pieces to this programming puzzle that I hoped to be able to utilize. Very happy about that!

#DataScience",3,9
1392991920821993477,1266599735881687040,ChinWuChen1,Thu May 13 23:55:29 +0000 2021,D41 #66daysofdata - took some time off to learn about smart grid. Now back to sql practicing select within select.,0,9
1392991565107314689,1382846393597972481,Achraf81659754,Thu May 13 23:54:04 +0000 2021,"Hey, stand a chance to win $500 in the SHIB giveaway on LATOKEN. It’s free, very easy, and fun. #LATOKEN 
#ShibOnLatoken 
https://t.co/psu7nyxRxU
 #business #analytics #cybersecurity #devops  #datascience #ai #bot #Serverless #womenintech #100DaysOfCode #66DaysOfData #DataScience",15,4
1392978161110028291,1326132466055323655,Nonyedollars,Thu May 13 23:00:48 +0000 2021,"7/66

Paid for my Google data analytics Certificate. I'm currently in the third course. Learnt data sets and data models. Also learnt about structured and unstructured data with examples. I'm still wondering why email inboxes are unstructured data sets🤔

#66daysofdata #data",0,2
1392977126396157954,1295354412794249219,thebrowndeity,Thu May 13 22:56:41 +0000 2021,"Day 37 of @KenJee_DS #66daysofdata:
Reviewed on the Data Visualization concepts I already know, also learnt that adding a semicolon at the end of a statement in MatPlotLib removes function location output",0,11
1392975464394788867,186120957,Saoussenlabidi,Thu May 13 22:50:05 +0000 2021,"Day 1 of #66DAYSofdata :
-Read 3 articles from SuperDataScience
-Watched a podcast with @andradaolteanuu in it @ctdsshow 
-Bought 2 Udemy courses to start tomorrow 
🥳🥳 it's the beginning of a new journey !",0,2
1392966553398910985,1392958037497892871,AntoneEvansJr,Thu May 13 22:14:41 +0000 2021,"#Day5, I spent the day cleaning up my object and color detection files. In addition, to handling data exceptions such as no objects or colors could be found. Most of all now calling all functions from the https://t.co/iyJcEuMmhp file.

#66DaysOfData",0,3
1392966068331765761,71251893,MirceaMesesan,Thu May 13 22:12:45 +0000 2021,Day 11 of #66DaysOfData. Short introduction to Machine Learning. Course on #kaggle.,0,9
1392965876366856196,1392958037497892871,AntoneEvansJr,Thu May 13 22:11:59 +0000 2021,"Day #4 - 05/12. I compared opencv2 and KNN to read and find the ""N"" dominate colors in each image. KNN returned the html color code so I used the colors.csv file to find the closest color.

#66DaysOfData #Day4",0,2
1392965245409374209,1392958037497892871,AntoneEvansJr,Thu May 13 22:09:29 +0000 2021,"Day #3 - 05/11. I began to conduct research into color detection. I found this to be more difficult to implement compared to the object detection algorithm. My time was spent attempting to using opencv solely to get the job done.

#66DaysOfData #Day3",0,2
1392964715576537099,1392958037497892871,AntoneEvansJr,Thu May 13 22:07:22 +0000 2021,"Day #2 - 05/10. I began to read up and develop an object detection algorithm using opencv2. I ran into issues with opencv2 not registering the dnn_DetectionModel function within my Jupyter Notebook. Therefore, I ended up using PyCharm's IDE instead.

#66DaysOfData #Day2",0,6
1392963982038810626,1392958037497892871,AntoneEvansJr,Thu May 13 22:04:27 +0000 2021,"I decided to start this challenge by working on projects which I've been putting off for a while. 

Day #1 - 05/09. I took this time to developed the basic architecture of how I believed my project be connected.

#66DaysOfData #Day1",0,3
1392963344840241152,1392958037497892871,AntoneEvansJr,Thu May 13 22:01:56 +0000 2021,"Throughout this semester, I've seen and learned about @KenJee_DS #66DaysOfData. With the semester now ending, I've started my 66 days. I'm currently on day 5. My next 5 tweets will recap my process thus far.",0,10
1392962366283845632,32453704,anyachocolat,Thu May 13 21:58:02 +0000 2021,"Day 39 of #66DaysOfData:
- continued learning and practicing with Pandas",0,9
1392921183667073028,1361227694889967616,dataQueen_pend,Thu May 13 19:14:24 +0000 2021,"D. 17,18,19 ⬅️ offff
D. 20 of #66daysofdata

➡️ Summary statistics
➡️ Counting

From 🐼 Data Manipulation with 🐼🐼
@DataCamp",0,13
1392914230387556355,1352186511433805824,balalaikagrunge,Thu May 13 18:46:46 +0000 2021,"Day 8 of #66daysofdata with @KenJee_DS
Did a fair amount of reading on hyperparameter tuning. Still no luck with hyperopt though - results are worse than random search. Learned to pickle and pickled all my models and hyperopt trials.",0,9
1392910868485054465,901324520346091520,Sanskar1531,Thu May 13 18:33:24 +0000 2021,"day 17 of #66daysofdata
Read about Genetic algorithms and Intelligent agents in Artificial Intelligence, was not quite what I expected it to be. Will continue on complex numbers tomorrow!",1,7
1392909258853912585,1189482935537168384,spokestack,Thu May 13 18:27:00 +0000 2021,"We believe in 👇

🤩 Open source software
🤩 Best practices around privacy
🤩 Full autonomy of the conversations you have with your users
🤩 Giving you + your platform a voice

#OwnYourVoice #embedded #ai #machinelearning #mobile #web #iot #opensource #66daysofdata",3,0
1392908961251151874,4422261493,inder1996singh,Thu May 13 18:25:50 +0000 2021,"Day 3 of  #66daysofdata :
- completed numpy chapter from Python for data analysis by Wes McKenny
- Came across this great guy @DataWithDanny and his resource #8weeksqlchallange. Going through his 1st case study and liking it. Check it out guys. #Python #DataScience #sql",1,7
1392895259156299790,951871594376376320,JackRaifer,Thu May 13 17:31:23 +0000 2021,"Thoughts and comments welcome.
@KenJee_DS, @smasis, @DataWithDanny, @thedataprof, would love to hear your thoughts on this.

#DataScience 
#66daysofdata",0,9
1392888458012729344,2149586883,vperez2000,Thu May 13 17:04:21 +0000 2021,"#66daysofdata #R3 #Day27 by @KenJee_DS
@DataCamp DS track

Done with Fine-tuning the data, slow but steady. 
One more chapter to be done with Supervised Learning!!!
🎉🎉🎉🎉🎉",0,8
1392866241891631111,2352929006,AkirasGames,Thu May 13 15:36:04 +0000 2021,"Day 27 : Learnt about Cross-Validation, XGBoost, and Data Leakage. Finished Intermediate Machine Learning course from Kaggle. Planned to learn more about data leakage. 
#66DaysOfData",0,10
1392858800449855493,1389606414474227715,Nobre_Lucas18,Thu May 13 15:06:30 +0000 2021,"Day 10 of #66daysofdata 

- I studied the describe method of the pandas library
- I did my first analysis of the dataset of my first project, applying the describe and groupby methods, which I had learned.",0,10
1392844741738332162,3041718695,suminohh,Thu May 13 14:10:38 +0000 2021,"📅 Day 9 of #66daysofdata 

Today, I explored topics of NLP, mostly sentiment analysis and topic modeling. I also reflected on potential research questions for my term paper where I could apply NLP.",0,13
1392809647107629061,602408175,golubovalex,Thu May 13 11:51:11 +0000 2021,"Day 23 of #66daysofdata: completing the 1-st week of the 2-nd course of Google Data Analytics certificate, further reading about creating tables in SQL from Learning SQL book.",0,6
1392806854884040704,71251893,MirceaMesesan,Thu May 13 11:40:05 +0000 2021,"Day 10 of #66DaysOfData. Getting started with Titanic Tutorial on #kaggle. Made a first submission, planning to to a second one with better score.",0,9
1392801694287810560,25925939,Dataenergy_DS,Thu May 13 11:19:35 +0000 2021,"🐍Day 05 of #66daysofdata:
Using NLP and Python to analyze and get insights on Data Science Job Postings. 

⚙️WIP: Linear Classifiers in Python by @datacamp 

#machinelearning #datascience #python https://t.co/7AC2TxI6vm",3,7
1392726699050246144,1306505184911208453,mt0rm0,Thu May 13 06:21:35 +0000 2021,Days 60&amp;61 of my #66daysofdata: I've started putting all my notes and code together for finding everything easily. I keep reading and learning Interpretable ML with Python.,0,11
1392702600886333445,397272525,shatandv,Thu May 13 04:45:49 +0000 2021,"Day 128 of #66DaysOfData:
- Lots of work again :(,
- Played around with uplift models while doing my homework,
- Completed Parts 8-10 of @python_engineer's PyTorch tutorial. It's 🔥.",0,14
1392676451850362880,1179254091521941508,jasonvero,Thu May 13 03:01:55 +0000 2021,"Day 11 - of #66DaysOfData

For today's #Python lesson, I reviewed the application of  2D Lists and Nested loops. There's so much more I want to study, but I will save this energy and focus it during my day off tomorrow.

#DataScience",2,14
1392668528575225856,1291243974611668992,pristdata,Thu May 13 02:30:26 +0000 2021,"54, 55 &amp; 56 of #66daysofdata:
-Studied pipelines,Amazon EMR and S3.
-Listened to episodes of the 'AI in Business' podcast, the highlights were efficient use of AI beyond  simple automation and prediciton, and recognizing when heuristics could solve problems instead. Recommended.",0,17
1392652470724222989,2149586883,vperez2000,Thu May 13 01:26:37 +0000 2021,"#66daysofdata #R3 #Day26 by @KenJee_DS
@DataCamp DS track

Still Supervised Learning, halfway on fine-tuning your model, I love this topic, I'm not sure if it's because sounds similar to fine-tuning the performance for a big competition ... 💖🙌🏻 https://t.co/Hwmb275m49",0,13
1392628593579151362,1389606414474227715,Nobre_Lucas18,Wed May 12 23:51:45 +0000 2021,"Day 09 of #66daysofdata 

- I plunged more deeply into groupby;
- I downloaded the DataSet that I will use for my first solo project.",0,6
1392616189759787009,1207501893582442496,HeliBaez11,Wed May 12 23:02:27 +0000 2021,"Day 3️⃣9⃣ #100DaysOfCode 
I finished my second @DataCamp project, with #pandas  and #matplotlib📊

⚡️The best part is that I learned things I was supposed to ready know.

#66daysofdata #Python https://t.co/bZd9eKpwmq",10,16
1392608755955552256,94308247,poetratron,Wed May 12 22:32:55 +0000 2021,"Day 13 of #66daysofdata

Read the match behind linear and logistic regressionm",0,7
1392604710373261315,1295354412794249219,thebrowndeity,Wed May 12 22:16:50 +0000 2021,"Day 36 of @KenJee_DS #66daysofdata:
Learnt about Box-Plots
I've noticed I've been drifting too much on Statistics, I actually wanted to know the types of plots before Data Visualization, and I have so I'll start Data Visualization tomorrow",0,13
1392598339527614465,1240953896,asvn90,Wed May 12 21:51:32 +0000 2021,"Day 5 of #66daysofdata with @KenJee_DS 

Polished my #python skills. Renamed 700 files. Code took 46s to do that. I took 2 hours to code it 🤣 still more fun than doing it all manually. #mechanicalengineering https://t.co/PF1shUNeFy",1,11
1392585635169460224,32453704,anyachocolat,Wed May 12 21:01:03 +0000 2021,"Day 38 of #66DaysOfData:
- started the course module about Pandas",0,11
1392584723348721665,1324652185964204033,meyke9976,Wed May 12 20:57:25 +0000 2021,"Day 123 of #66daysofdata by @KenJee_DS 
Continued playing with the tweets data :) submission on Kaggle also returned a 0.81 accuracy... want to improve a little more. 
So what to do with the following? 
several tweets occur more than once. Probs retweets. But... 👇 https://t.co/Cyqbn5prwh",0,17
1392575805482442752,901324520346091520,Sanskar1531,Wed May 12 20:21:59 +0000 2021,"day 16 of #66daysofdata
Started with optimisation today, studied and solved problems on transportation problem using north west approach and VAM. https://t.co/2U4IUsUfbi",0,14
1392575775489069056,397272525,shatandv,Wed May 12 20:21:52 +0000 2021,"Day 127 of #66DaysOfData:
- Tons of work!,
- Finished @python_engineer's Part 7 of the PyTorch tutorial.",0,14
1392560080701304839,929998650,KehalHoussem,Wed May 12 19:19:30 +0000 2021,"Day 1⃣0⃣:

Trayed to solve the Case Study #2 - Pizza Runner on https://t.co/UJS6b7su5S

#66daysofdata #DataScience #8weeksqlchallenge",2,1
1392558016956936196,1300492664308146176,MarkusM99098101,Wed May 12 19:11:18 +0000 2021,"In Round 2 I was mainly focused on:
- learning the basics of Deep Learning
- rehashing the fundamentals of Machine Learning (Book: Python  Machine Learning)
- analyzing  tweets from #66DaysOfData
- creating my portfolio website 

All in all it was quite successful.",0,8
1392558015765696517,1300492664308146176,MarkusM99098101,Wed May 12 19:11:18 +0000 2021,"Day 66 of #66DaysOfData r2: on the final day I kept working with R on the visualization for TidyTuesday.
I will post the visualization in the following days.

👇 My summary of Round 2",0,11
1392552142288957441,1649054340,a_escontrela,Wed May 12 18:47:57 +0000 2021,"Day 42 of #66daysofdata finished week 1 of data lakes and data warehouse on Google Cloud, creating some instances and load data into a database",0,14
1392528653490270208,602408175,golubovalex,Wed May 12 17:14:37 +0000 2021,"Day 22 of #66daysofdata: 2-nd part of the lesson on rows filtering of Introduction to SQL course on DataCamp, starting the 1-st week of the  2-nd course of Google Data Analytics certificate, reading about creating tables in SQL from Learning SQL book.",0,10
1392511416310149127,1384179766551400448,SpaceAxolotl2,Wed May 12 16:06:07 +0000 2021,"Day 5 of #66daysofdata Naive Bayes classifier. I'm kinda tired 🥱 because of school of course 😅, other than that this challenge is going pretty well. Hope it stays this way🤞",0,2
1392490905135767557,3041718695,suminohh,Wed May 12 14:44:37 +0000 2021,"📆Day 8 of #66daysofdata 

I took a break from it for a couple of days because I had to catch up with school, but I managed to squeeze in some time for web scraping! 

https://t.co/AdVVnD3JCh",0,4
1392490886483697669,2352929006,AkirasGames,Wed May 12 14:44:33 +0000 2021,"Day 26 : Did not do much relating to data. Tried Pipeline to the housing dataset. Currently reading Deep Work by Cal Newport, recommendation by James Scholz
#66DaysOfData",0,3
1392471584875565059,1363855621628465153,korasaju_a,Wed May 12 13:27:51 +0000 2021,"Day 59–60 of #66DaysofData with @KenJee_DS 

•Studied and Learned Python OOP.
•Continued SQL Mastery Class — studied Advanced SQL topics.

I’ll make sure to finish MySQL Mastery Class and Statistics for Data Science and Python before my R1 of #66DaysofData ends.",1,10
1392464658016063488,4422261493,inder1996singh,Wed May 12 13:00:19 +0000 2021,"Day 2 of #66daysofdata :

Learnt how to Initialise flask to make a simple web app and test it then how to post it on the Google cloud and more about gcloud

#Python #flask #gcloud",1,7
1392446621754044417,1324652185964204033,meyke9976,Wed May 12 11:48:39 +0000 2021,@jo_grammer WhoopWhoop! Virtual high five for you! And it is not even a #66daysofdata day... You are on a roll.... 🥳🥳🥳 https://t.co/PD27MCAsZ9,0,5
1392438660226682882,444522096,BristowColin,Wed May 12 11:17:01 +0000 2021,Join the most curious minds in analytics at SAS Global Forum 2021! #SASGF #ArtificialIntelligence #AI #DataScience #100DaysOfCode #Python #MachineLearning #BigData #DeepLearning #NLP #Robots #IoT #RPA #futureofwork #Linux #CuriosityForever #66daysofdata https://t.co/d3D1blRVMe,14,7
1392427412772716554,1276070101196795904,thinam_,Wed May 12 10:32:19 +0000 2021,"I have presented the implementation of Extracting Central Target Words and Context Words using PyTorch here in the snapshot. 
📚 Dive into DL:https://t.co/4vpKQHzkRz
📚 Speech and Language Processing:https://t.co/Y0eTQj1hZX
#Machinelearning #Deeplearning #66daysofdata https://t.co/abAqUchbQN",1,3
1392425070706843648,444522096,BristowColin,Wed May 12 10:23:01 +0000 2021,Artificial intelligence yields breakthrough innovation in crop science. #ArtificialIntelligence #AI #DataScience #100DaysOfCode #Python #MachineLearning #BigData #DeepLearning #NLP #Robots #IoT #RPA #futureofwork #Serverless #CuriosityForever #66daysofdata https://t.co/OXSGk8c4ii,31,15
1392412963420590086,705259722761306113,ankittahlawat,Wed May 12 09:34:54 +0000 2021,"&lt;abbr&gt;

The &lt;abbr&gt; tag is much akin to the &lt;acronym&gt; tag, except the &lt;abbr&gt; tag is only used to define abbreviated words. Just like &lt;acronym&gt;, you define a title within the tag.

#100DaysOfCode #66daysofdata #javascript",2,1
1392397105239531521,1329313525974532097,AyubRasool14,Wed May 12 08:31:54 +0000 2021,Day 35-36/66: finished the first course on Google data analytics and watched plotly video. #66daysofdata,0,12
1392386123931037696,1324652185964204033,meyke9976,Wed May 12 07:48:15 +0000 2021,"Day 122 of #66daysofdata by @KenJee_DS 
In order to try to improve my model, I did some more feature engineering and added BERT to my model. Will continue trying different stuff later today.",0,19
1392353635669929986,209191879,bhatnagarkush,Wed May 12 05:39:10 +0000 2021,"Day 90-96/R2 of #66daysofdata : Watched videos from @awscloud SageMaker deep dive series. Also, learned about Hypothesis Testing and did some practical implementation on the same
 #MachineLearning #AWS #DataScience",2,5
1392333738256658434,1267805283511750660,Binal_BP,Wed May 12 04:20:06 +0000 2021,"Day 16: #66DaysOfData

Completed week 2 of Intro to Data engineering! Learned about Big Data processing technologies: Apache Hadoop, Apache Hive, and Apache Spark. Also, started week 3 of the course. The main objective is to walk through the data engineering lifecycle.",0,12
1392314256243240962,1179254091521941508,jasonvero,Wed May 12 03:02:41 +0000 2021,"Day 10 - of #66DaysOfData

Today I decided to slow it down and dedicate time in reviewing While/For loops, and If/Else statements. 

I realized that I was building a mindset to keep pursuing the newest lesson, without always fully grasping the previous. 

#DataScience #Python",0,17
1392294521124311042,929998650,KehalHoussem,Wed May 12 01:44:16 +0000 2021,"Day 0⃣9⃣:

Finished Feature Engineering course on @kaggle.
It was a great course for some tips and tricks that can be used for creating features that improve the performance of ML models   

#66daysofdata #MachineLearning #DataScience https://t.co/oL8DErnE1l",0,9
1392288706451607559,2149586883,vperez2000,Wed May 12 01:21:09 +0000 2021,"#66daysofdata #R3 #Day25 by @KenJee_DS
@DataCamp DS track

Moving forward with Supervised Learning:
✅ Classification (KNN - Ken Nearest Neighbors 🤣)
✅ Regression

🔮 https://t.co/0KMVCU5SvP",0,9
1392277843086827521,25925939,Dataenergy_DS,Wed May 12 00:37:59 +0000 2021,"Day 04 of #66daysofdata

Takeaway: Hierarchical clustering doesn't scale well because runtime increases in a quadratic fashion as the number of points increase. For large datasets, K-Means clustering could be the only feasible option.

#machinelearning #datascience #python https://t.co/p4twqrQHLm",3,2
1392267415891980291,1389606414474227715,Nobre_Lucas18,Tue May 11 23:56:33 +0000 2021,"Day 08 of #66daysofdata

Today I delved into pandas, and read the groupby method documentation. I intend to go even deeper into this method by reading some chapters of Data Science books about it.",0,2
1392225320527409153,71251893,MirceaMesesan,Tue May 11 21:09:17 +0000 2021,"Day 09 of #66DaysOfData. Finished a course on #kaggle. Also, ordered the #AutomateTheBoringStuff to dive deeper into #Python understanding.",4,2
1392224112026824709,1649054340,a_escontrela,Tue May 11 21:04:29 +0000 2021,"Day 41 of #66daysofdata today I spent the time practicing visualization in R, but struggled to install zipcodeR and to plot some maps in R",0,17
1392216320175902730,1300492664308146176,MarkusM99098101,Tue May 11 20:33:31 +0000 2021,"Day 65 of #66DaysOfData r2: spend some time working on the new tidytuesday dataset. First time I tried plotting geospaital data with R so I struggled a lot, will post the result tomorrow since I am running out of time for today.",0,12
1392206539939790849,1240953896,asvn90,Tue May 11 19:54:39 +0000 2021,"Day 4 of #66daysofdata with @KenJee_DS 

Learned about the difference between structured and unstructured data, self-help dashboards and curated dashboards, and how a bucher used a $100 sensor to collect data to inform some business decisions 👌🏻 https://t.co/Rdz2ASCR43",0,6
1392203707102777349,1295354412794249219,thebrowndeity,Tue May 11 19:43:24 +0000 2021,"Day 35 of @KenJee_DS #66daysofdata:

Before I start stating what I've learnt, I've noticed I havent posted for 9 days, I've been procrastinating a lot lately, and it takes 66 days to make a habit and I've been sparsely using mine. Even if it's at least 5 minutes a day",0,3
1392201261626413056,1352186511433805824,balalaikagrunge,Tue May 11 19:33:41 +0000 2021,"Day 7 of #66daysofdata with @KenJee_DS
I had a whole day of learning prepared only to have my internet cut off. Ran to the office and managed to revise all my seasonality lectures and go through coding examples. Did not make it to today's lecture though. The saga continues ♥️",0,6
1392194019489325057,901324520346091520,Sanskar1531,Tue May 11 19:04:54 +0000 2021,"day 15 of #66daysofdata
Started with databases and IR today. Read quite a lot on that, focused a bit more on big data, it's implementation using NoSQL database models, their applications and imitations. https://t.co/mn52j9sEJh",0,9
1392190982507180033,1284445574511636480,Tommy_McLennan,Tue May 11 18:52:50 +0000 2021,D11. Rd 2. #66DaysofData struggling for time recently. Almost finished my security coursework. Hopefully get some consistency back in my learning soon!,0,20
1392185534684991495,1384179766551400448,SpaceAxolotl2,Tue May 11 18:31:11 +0000 2021,Day 4 of #66daysofdata reviewing notes and making J Notebooks for GitHub repo 📘🖋️,0,4
1392181589455646722,32453704,anyachocolat,Tue May 11 18:15:31 +0000 2021,"Day 37 of #66DaysOfData:
- struggled with recursion... again https://t.co/amtEPNwRr5",0,8
1392177650337140738,731856877139558400,ABYA80,Tue May 11 17:59:51 +0000 2021,"R2: #66daysofdata with @KenJee_DS 

Day 54: Today, I completed the EDA on US accidents and then watched a video on web scrapping using selenium. Will try web scarping with selenium tomorrow.",0,25
1392170748052086788,94308247,poetratron,Tue May 11 17:32:26 +0000 2021,"Day 12 of #66daysofdata 

I don't have that much free time today, so I just resume the google data analyst course and read a machine learning book",0,2
1392164629984387076,822280007502295041,_paulo_lopez_,Tue May 11 17:08:07 +0000 2021,"#100DaysOfMLCode #100DaysOfCode #66daysofdata #pythondeveloper #Python 

🔹Read an article on how Artificial Intelligence Powers Rapid COVID-19 Antibody Test.

https://t.co/Agy06fR0rP",9,9
1392160321217777667,1310565371389177858,R1SE_823,Tue May 11 16:51:00 +0000 2021,"R2 Day1 of #66daysofdata
- Explore ml models for imbalanced dataset and techniques to deal with it
- Finished writing API for Thai text sentiment analysis",0,4
1392148618275135491,1326132466055323655,Nonyedollars,Tue May 11 16:04:30 +0000 2021,"""As a beginner, I experience a great deal of confusion on where to start. I always thought that I need to start from the fanciest thing, yet in reality, going from zero to one is much more important than going from one to ten."" #66daysofdata 
https://t.co/kdYjK5I8jQ",0,2
1392119346823106565,25925939,Dataenergy_DS,Tue May 11 14:08:11 +0000 2021,"On Day 03 of #66daysofdata, I Completed @Datacamp 'Machine Learning with Tree-Based Models in Python' course. 

Takeaway: we can improve our single model prediction performance using Ensemble Methods that can...(1/3) 

#machinelearning #artificialintelligence #datascience #python",1,6
1392117261209583619,1377113586145751042,sustainablersyd,Tue May 11 13:59:54 +0000 2021,"Day 40 (yesterday) of #66daysofdata with @KenJee_DS 
- just some postgresql exercises :)",0,13
1392099635536166917,2352929006,AkirasGames,Tue May 11 12:49:51 +0000 2021,"Day 25 : Tried implementing Label Encoding and One-hot Encoding for data preprocessing on Housing Price Competition from Kaggle, and submitted two predictions. After that, I learnt about Pipelines.
#66DaysOfData",0,9
1392093607365066753,1326132466055323655,Nonyedollars,Tue May 11 12:25:54 +0000 2021,"6/66

I was only able to finish 70% of my tasks on Qwiklabs before the time ran out. I'm almost done with the second course on the Google data analytics series. The course is becoming more challenging but I'm enjoying it.

#66daysofdata",0,4
1392081668903563266,360668611,daniellabrito26,Tue May 11 11:38:28 +0000 2021,"Day 38 - Starting classification model SVM .
-Maximal Margin classifier 
-Soft Margin classifier 
How they deal with non linear data in focus . #66daysofdata #MachineLearning",1,17
1392081072410611717,1276070101196795904,thinam_,Tue May 11 11:36:05 +0000 2021,"I have presented the implementation of Reading and Preprocessing the Dataset, Subsampling and Comparison using PyTorch here in the snapshot.
📒 Journey on Machine Learning and Deep Learning:https://t.co/I7KFrKDaJI
#MachineLearning #DeepLearning #66daysofdata https://t.co/elNszHgTsQ",1,7
1392065876128632834,602408175,golubovalex,Tue May 11 10:35:42 +0000 2021,"Day 21 of #66daysofdata: 1-st part of the lesson on rows filtering of Introduction to SQL course on DataCamp, completing 1-st course of Google Data Analytics certificate, reading about SQL data types from Learning SQL book.",0,7
1391994877555118080,397272525,shatandv,Tue May 11 05:53:35 +0000 2021,"Day 126 of #66DaysOfData:
- Read about uplift modeling with ML,
- Attended a webinar on solving a churn problem with ML.",0,19
1391939860601229313,1179254091521941508,jasonvero,Tue May 11 02:14:58 +0000 2021,"Day 9 - of #66DaysOfData

If I'm being honest with myself, I had very little energy or drive to do any self-studying today

Even so, I pushed through and utilized If statements and While loops to build a guessing game, and learned about For loops. 

#DataScience #Python",1,23
1391937181254488066,1363855621628465153,korasaju_a,Tue May 11 02:04:19 +0000 2021,"Day 56–58 of #66DaysofData with @KenJee_DS 

•Reviewed Statistics for Data Science and Python. 
•Continued SQL — Learned stored routines
•Worked on a McDonald’s Dataset",1,17
1391928282153586689,1137782574036635649,thedataprof,Tue May 11 01:28:57 +0000 2021,"Are you thinking of using #AutoML for your #datascience and #machinelearning projects? Then, check out this amazing article from Bojan (@tunguz) to get you started.
#66daysofdata https://t.co/lYlAy0tP7x",6,16
1391908616114884609,2149586883,vperez2000,Tue May 11 00:10:49 +0000 2021,"#66daysofdata #R3 #Day24 by @KenJee_DS
@DataCamp DS track

I start with Supervised Learning with scikit-learn, finally the fun stuff 🙌🏻🙌🏻
.
Side note: 
I'm really happy about feeling lost in all of this concepts one year ago, learn is a beautiful process 🎉📊 https://t.co/tCr3lnv7KP",0,18
1391873597254348803,32453704,anyachocolat,Mon May 10 21:51:40 +0000 2021,"Day 36 of #66DaysOfData:
- continued with the course, did some exercises with linear and square equations",0,13
1391868010168819716,1324652185964204033,meyke9976,Mon May 10 21:29:27 +0000 2021,"Day 121 of #66daysofdata by @KenJee_DS 
Tried to improve the tweets model today... no breakthrough yet. I'll sleep on another (a new and improved) plan and if nothing comes to me in my sleep, I will  try to do some decent online research tomorrow to see if I can come up with smth",0,22
1391866645946249222,1240953896,asvn90,Mon May 10 21:24:02 +0000 2021,"Day 3 of #66daysofdata with @KenJee_DS 

Started with the Data Strategy course on @365datascience hosted by @BernardMarr Looking forward to see all the real-world scenarios of where companies have used data to their benefit https://t.co/m7xHHv7syE",0,11
1391856471181299712,1300492664308146176,MarkusM99098101,Mon May 10 20:43:36 +0000 2021,"Day 64 of #66DaysOfData r2: watched the new video in the Generating Python code with GPT series.
https://t.co/RE6hUuC76L",0,14
1391828704792387587,1389606414474227715,Nobre_Lucas18,Mon May 10 18:53:16 +0000 2021,"Day 07 of #66daysofdata 

- I finished the last class of Alura's ""Data Immersion"" event, which introduced me to basic concepts of Machine Learning
- I studied the basics of histograms and how to use them.",0,3
1391827771664605191,71251893,MirceaMesesan,Mon May 10 18:49:34 +0000 2021,"Day 08 of #66DaysOfData. Did some exercises on my own to better understand some methods in python. Strings and dictionaries, explored the power of list comprehensions. I love the rstrip() method.",0,6
1391824293420544006,951871594376376320,JackRaifer,Mon May 10 18:35:45 +0000 2021,"I have always been a big fan of Entrepreneurship, and even more since becoming a Data Scientist.
All I can say is Never Wait for a Job to Start Working in #DataScience.

Join me for more at the @odsc Europe 👇👇👇

https://t.co/06KYG7DcXt

#66DaysOfData
#DATApreneurship",0,7
1391822515710959616,929998650,KehalHoussem,Mon May 10 18:28:41 +0000 2021,"Day 0⃣8⃣:

Today I've worked on the AirQo Low-Cost Air Quality Monitor Calibration Challenge on @ZindiAfrica.
I couldn't improve the performance of the model. hoping to get a better score next time xD.

#66daysofdata #MachineLearning #DataScience",3,9
1391819359274868739,901324520346091520,Sanskar1531,Mon May 10 18:16:08 +0000 2021,"day 14 of #66daysofdata 
Continued with survival analysis. Today I covered life tables, their types, how they're made and operation on its components, the relationship between all of the components (lx, dx, qx) followed by law of mortality covering gompertz law and makehem's law. https://t.co/nuYGaXewkN",0,16
1391817382365122560,1649054340,a_escontrela,Mon May 10 18:08:17 +0000 2021,"Day 39 &amp; 40 of #66daysofdata started another ETL mini project, but this time using NoSQL database, using Cassandra Python wrapper",0,19
1391813801603862533,731856877139558400,ABYA80,Mon May 10 17:54:03 +0000 2021,"R2: #66daysofdata with @KenJee_DS

Day 53: Today, I did some Visualization using seaborn. Currently, studying the graphs to write some insights. 
Learned about the folium and made a map chart and a heatmap. https://t.co/cwj1YQSVqL",0,35
1391794112479694848,19448058,paulapivat,Mon May 10 16:35:49 +0000 2021,"R3: Day 30 #66daysofdata

• Been all about SQL to query token trading patterns and understanding foundational concepts of Ethereum

https://t.co/BFs6r7EIjH",0,3
1391780354512408577,2352929006,AkirasGames,Mon May 10 15:41:09 +0000 2021,"Day 24 : Still reading the same chapter about pandas
#66DaysOfData",0,13
1391768814417817601,1352186511433805824,balalaikagrunge,Mon May 10 14:55:17 +0000 2021,"Day 6 of #66daysofdata with @KenJee_DS 
Nevermind the plan of doing more reading. My project has stalled because all my hyperparameter tuning code is returning worse and worse results the more I'm trying to tweak it 😒 brb, just need to bash my head on the table for a little bit",0,15
1391761861394243586,1377113586145751042,sustainablersyd,Mon May 10 14:27:40 +0000 2021,"Day 35 (may 5th) of #66daysofdata with @KenJee_DS
- lagging behind on updates but all of last week was just lots of SQL, lookML, dbt stuff and then my work laptop broke on Thursday :( not much data since thursday",0,11
1391748352941854723,1310565371389177858,R1SE_823,Mon May 10 13:33:59 +0000 2021,"Day 66 of #66daysofdata 
- Working on a Thai text classification project",0,5
1391729235690082306,444522096,BristowColin,Mon May 10 12:18:01 +0000 2021,Uniting the power of the cloud with #AI and #analytics creates possibilities for everyone to innovate. Check out how society benefits in this @nytimes paid post. #ArtificialIntelligence #AI #DataScience #100DaysOfCode #Python #RPA #66daysofdata https://t.co/bF7v6uh02J,2,2
1391705656726544384,4422261493,inder1996singh,Mon May 10 10:44:19 +0000 2021,"Day1:
Created a python script which would email the available vaccine slots for a particular area in India to the user.
Data concept used : pandas
Feel free to drop your suggestions.
#programming #python #data #66daysofdata #vaccination2021 

https://t.co/5jb499nrfI",0,13
1391700076716773377,1356609984163889154,jo_grammer,Mon May 10 10:22:09 +0000 2021,"#66daysofdata 

I'll be back in a couple of days for  round 2

I'll structure this one and focus on some concepts I want to master https://t.co/zIYZhrQIjh",0,12
1391695816184717316,1356609984163889154,jo_grammer,Mon May 10 10:05:13 +0000 2021,"Day 66 #66daysofdata 

yesterday had it off
 
Decided to make it today, spent the morning going through topics I have learned so far and evaluating skill wise where I'm at &amp; what the plan is next
Read a few articles on TDS about concepts and ideas.

https://t.co/dlwVbpyTC5",0,13
1391689477735788544,1384179766551400448,SpaceAxolotl2,Mon May 10 09:40:02 +0000 2021,Day 3 of #66daysofdata. K-means clustering and K-nearest neighbors. @joshuastarmer Your videos are very helpful. Thanks 🤜,0,14
1391677869970034691,397272525,shatandv,Mon May 10 08:53:54 +0000 2021,"Day 125 of #66DaysOfData:
- Went through some asyncio fundamentals,
- Read an article on RabbitMQ and Apache Kafka,
- Put together an example for async task execution via RabbitMQ, Redis, FastAPI, Docker,
- Went through parts 4-6 of @python_engineer's PyTorch tutorial.",0,18
1391677205332172806,1276070101196795904,thinam_,Mon May 10 08:51:16 +0000 2021,"I have presented the implementation of Defining the Training Function using PyTorch here in the snapshot. 
📒 Journey on Machine Learning and Deep Learning:https://t.co/I7KFrKDaJI
📔 Dog Breed Identification:https://t.co/kZWJNazVEE
#Machinelearning #66daysofdata https://t.co/wM0Aa6z7aA",4,16
1391636463540838401,1266599735881687040,ChinWuChen1,Mon May 10 06:09:22 +0000 2021,D40 #66daysofdata - continued learning Rasa and building models.,0,7
1391619286276329473,1267805283511750660,Binal_BP,Mon May 10 05:01:07 +0000 2021,"Day 15: #66DaysOfData

Today I learned about different types of data repositories: Databases, data warehouses, data lakes, data marts, and big data stores! Also learned about Extract, Transform, and Load (ETL), a process to convert raw data into analysis ready data!",1,25
1391600011809628167,168046022,ribhunirek,Mon May 10 03:44:32 +0000 2021,Day 15 of #66DaysOfData - completed AWS Cloud Tech certification. Moving on to SQL Interview Questions,0,8
1391583190192582656,901324520346091520,Sanskar1531,Mon May 10 02:37:41 +0000 2021,"day 13 of #66daysofdata 
Started with survival analysis. Read about cdf, pdf, survival function, hazard function, and their parametric survival models(exponential distribution, weibull distribution). Eventually came across their relationship with each other as well. https://t.co/rCdidWxHZx",0,16
1391547236711030787,25925939,Dataenergy_DS,Mon May 10 00:14:49 +0000 2021,"Day 02 of #66daysofdata

WIP: @Datacamp 'Machine Learning with Tree-Based Models in Python' 

🎗️Takeway: How to improve prediction model accuracy using Ensemble Methods. We can implement: a) a  Voting Classifier that applies different models to the training set (1/2)",0,4
1391546915754586117,929998650,KehalHoussem,Mon May 10 00:13:33 +0000 2021,"Day 0⃣7⃣:

Just solved all Basic Select challenges in SQL on @HackerRank. Try it out! https://t.co/Cw4YUwLAJK #programming 

#66daysofdata #DataScience #SQL",0,8
1391526246845140998,1179254091521941508,jasonvero,Sun May 09 22:51:25 +0000 2021,"Day 8 - of #66DaysOfData

Continuing through my Python tutorial, I built a simple calculator utilizing If statements, while also learning about Dictionary data structures and While loops. 

#DataScience #Python",5,15
1391525034523508744,71251893,MirceaMesesan,Sun May 09 22:46:36 +0000 2021,Day 07 of #66DaysOfData. Went over the Strings and Dictionaries exercise in #kaggle.,0,6
1391502254407094276,1389606414474227715,Nobre_Lucas18,Sun May 09 21:16:04 +0000 2021,"Day 06 of #66daysofdata

Today again it was not a very productive day, but I managed to finish my study planning for the next 6 months to 1 year and organized all the materials and courses I intend to take.",0,7
1391498939501797378,1207501893582442496,HeliBaez11,Sun May 09 21:02:54 +0000 2021,"Day 3️⃣7️⃣ of #100DaysOfCode 
✂️Slicing and indexing done ✅

#66daysofdata #DataScience https://t.co/wt7Y3KkAsK",9,18
1391498661931233288,602408175,golubovalex,Sun May 09 21:01:48 +0000 2021,"Day 20 of #66daysofdata: practice sessions of Introduction to SQL and Introduction to Python courses on DataCamp, completing the SQL and data visualisation basics lessons from the 4-th week of the 1-st course of Google Data Analytics certificate.",0,11
1391498366572507137,1326132466055323655,Nonyedollars,Sun May 09 21:00:38 +0000 2021,"5/66

Watched most of the videos on Alex the data analyst's channel on Youtube. He explains data analysis in a very simple and interesting way.

#66daysofdata",0,4
1391485728039874564,1352186511433805824,balalaikagrunge,Sun May 09 20:10:24 +0000 2021,"Day 5 of #66daysofdata with @KenJee_DS
Figured out how to use lapply() instead of for loops in R. Not much else. Tomorrow more reading on seasonality.",0,8
1391482131998670850,1243246008303112192,samarthgupta39,Sun May 09 19:56:07 +0000 2021,"Finally completed the #66daysofdata challenge started by Ken Jee. 🥳
Thanks to everyone in the community for supporting and sharing your stories. Going to start next round soon have to cover lots of stuff.",0,12
1391481690929864705,1243246008303112192,samarthgupta39,Sun May 09 19:54:22 +0000 2021,"day66 of #66daysofdata
Learnt about Hybrid soft computing techniques and application of soft computing from book Principles of soft computing 
Practised some leetcode questions",0,15
1391480166682173442,1240953896,asvn90,Sun May 09 19:48:18 +0000 2021,"Day 2 of #66daysofdata with @KenJee_DS 

Finished  Intro to Data and Data Science @365datascience course. Love the infographic which gives a great overview of the Data Science field and how everything links together #DataScience https://t.co/3jbqkD0rLp",1,11
