tweet_id,user_id,user_name,created_at,full_text,retweets,favorite
1396825916903346178,1347561005329514498,sydteo,Mon May 24 13:50:25 +0000 2021,"Day 8 of #66daysofdata 
Today, I reviewed everything i learnt the past week because i think active recall is really important for learning! Learnt about active recall from @AliAbdaal 
I also finished exploratory analysis on my project and will work on implementing ML tmr",0,0
1396788267329196035,1324652185964204033,meyke9976,Mon May 24 11:20:48 +0000 2021,"Day 133 of #66daysofdata by @KenJee_DS 
I read in Practical statistics for data scientists... took it easy! 🤷‍♀️",0,8
1396776378863861761,25925939,Dataenergy_DS,Mon May 24 10:33:34 +0000 2021,"Days 15-19 of #66daysofdata:

Completed @DataCamp's 'Machine Learning with python Fundamentals' skill track

Completed #DataAnalytics challenge

Sharpening my SQL skills with @DataCamp's 'Intermediate SQL' 

Learning how to deploy web apps and make websites with Flask",0,2
1396749878106198016,1361227694889967616,dataQueen_pend,Mon May 24 08:48:15 +0000 2021,"D. 30 R. 2(yesterday) of #66daysofdata

💫 Joining data with 🐼
➡️ Self Join
➡️ Merging on Indexes

✅ Merging tables with different Join types -&gt; done

✨ Advanced Merging and concatenating -&gt; started
➡️ Filtering joins",0,8
1396723332943433728,1607658019,_koredehassan,Mon May 24 07:02:47 +0000 2021,"I feel excited about joining the amazing #66daysofdata  community to develop great data science habits.

Over the course of 66 days, I'll replicate @KenJee_DS 's learning path with some changes. I'll also share my progress to hold myself accountable.

#MachineLearning",0,7
1396691087910072320,1266599735881687040,ChinWuChen1,Mon May 24 04:54:39 +0000 2021,D46 #66daysofdata - did some sql practice.,0,4
1396677622525054976,2238460753,KennethB23,Mon May 24 04:01:08 +0000 2021,"#66daysofdata day 9:
Select statement in SQL - and, or, operator precedence, in, not-in, like- not like 👨🏾‍💻",0,5
1396667173301460994,1267805283511750660,Binal_BP,Mon May 24 03:19:37 +0000 2021,"Day 24: #66DaysOfData

Started reviewing the Hands-On Machine Learning with Scikit-Learn book by Gèron.",0,10
1396664369354842114,1392958037497892871,AntoneEvansJr,Mon May 24 03:08:29 +0000 2021,"#Day15 of #66DaysOfData @KenJee_DS 

It was a short day. I worked on a medium post for my last project. I hope to post it tomorrow.",0,10
1396658516174295042,2384674350,WoleAdewumi,Mon May 24 02:45:13 +0000 2021,D7: Studied a bit about feature engineering today #66daysofdata,0,5
1396654481622724611,1137782574036635649,thedataprof,Mon May 24 02:29:11 +0000 2021,"Hi friends, have you subscribed to my @Medium  publication called ""Data Professor"" (https://t.co/eIIC5iMGMy), there are 2 blog articles:
1. 101 Data Science Articles https://t.co/YA4KDfAwuS 
2. Data Science is like Cooking https://t.co/KGxGgdlYxT 
#66daysofdata #datascience #AI",5,16
1396653337609588742,1137782574036635649,thedataprof,Mon May 24 02:24:38 +0000 2021,"Hi friends, I just published a new blog ""Data Science is like Cooking"" https://t.co/KGxGgdlYxT 
#66daysofdata #datascience #machinelearning #cooking",4,12
1396639372343226369,1179254091521941508,jasonvero,Mon May 24 01:29:09 +0000 2021,"Day 22 - of #66DaysOfData

Today, I built my first machine learning model. By defining the model and applying it to my dataframe, I was able to make predictions off of my prediction target. 

I am also working to continue deepening my #Python knowledge base. 
 
#DataScience",9,18
1396633327298351107,734167027997347842,_liamconnors,Mon May 24 01:05:08 +0000 2021,Day 10 of #66daysofdata with @KenJee_DS. Found out that https://t.co/QGMFhQ2sBO has an API. Had a lot of fun exploring stats about my games. Learned a lot about pandas in the process. Also learned that I have opened with d4 in 97% of games this year 😀,0,15
1396593089700040705,1393682765938413568,yousefi_ds,Sun May 23 22:25:14 +0000 2021,"Day 27:
While i was working on my Netflix movie recommendation web app for 3 hours i faced a lot of issues and errors. So i decided to take a couple of steps back and work on my Python then go back to the project.
#66daysofdata",0,8
1396584302360645636,232069724,rahul40patel,Sun May 23 21:50:19 +0000 2021,"Day 5 of #66DaysOfData

I​ am excited to attend one more course in the specialization, i.e. Data Wrangling, Analysis and AB Testing with SQL. After learning the basics of SQL,  I  would love to learn more capabilities of SQL and solve more complex problems.

@KenJee_DS",0,11
1396580396935098369,71251893,MirceaMesesan,Sun May 23 21:34:48 +0000 2021,Day 21 of #66DaysOfData. Explored lots of datasets at https://t.co/jRGiCB6hz8.,0,5
1396559464275271684,969343076442542081,JaimeAAvendano,Sun May 23 20:11:37 +0000 2021,"Day 4 - R2 of #66DaysofData 

Installed plotly and worked with it's Table object. I'm sure there's a better way to do the highlighting, but I like how it came out. 

Next week I'll see if there's any correlation to win percentage. I might not have enough data for ML. https://t.co/P0wPjpagQQ",0,6
1396550686339260416,901324520346091520,Sanskar1531,Sun May 23 19:36:44 +0000 2021,"day 27 of #66daysofdata 
Practiced decision tree induction, solved a couple of problems on it, pretty interesting topic. Finished my survival analysis module with Copulas and measure of association. https://t.co/gLdcjEFZUv",0,8
1396529193786150912,1649054340,a_escontrela,Sun May 23 18:11:20 +0000 2021,"After a few days disconnected, not much progress these days, just reading some Medium posts. Today I came back to #66daysofdata watching the second video of the project portfolio of Alex the Analyst, building a dashboard in Tableau",0,5
1396528653115150338,406512519,rohan_kumawat,Sun May 23 18:09:11 +0000 2021,"Machine Learning as I see it!💙
@KenJee_DS Here's my very first analogy (a thread) for the #66daysofdata community. What do you think about this?

https://t.co/PpNTZBA0ZK",0,7
1396527133036589056,406512519,rohan_kumawat,Sun May 23 18:03:09 +0000 2021,"Day 2 of #66daysofdata 
▶ Learnt more about Transformers.💙
▶ Wrote an analogy on Machine Learning. Have a look at it: 
https://t.co/PpNTZBiq8c
❤",0,2
1396489497848606726,1322620958327255040,Datavisz,Sun May 23 15:33:36 +0000 2021,Day 57 of #66daysofdata :Been away for a while. Revised ML algorithms.,0,4
1396479654194663424,1051512590445105152,hb_khanh,Sun May 23 14:54:29 +0000 2021,"D5 of #66daysofdata 
Studied descriptive measures. Got to research about the meaning of the differences between formulas of population &amp; sample. TBH I didn't remember those formulas existed in my high school programs. 🤯

I am surely gonna take a lottttt more practice with them!",0,5
1396475431553961986,2352929006,akira_rafhael,Sun May 23 14:37:42 +0000 2021,"Day 37 :
* Reading Chapter 9 of Python for Data Analysis book by Wes McKinney on Plotting and Visualization
* Learned Discrete Distribution on Udemy
#66DaysOfData",0,8
1396473955574112260,1362442599747870721,art9793,Sun May 23 14:31:50 +0000 2021,"D27,28 #66daysofdata @KenJee_DS 

Took rest yesterday and did not feel guilty lol
Today:
- Started with a #Statistics foundation course on @LinkedIn 
- Read this article on #numpy on @AnalyticsVidhya 
https://t.co/JVUfvXMkRi

#Python #CodeNewbie #DataScience #learning #goals",5,10
1396462488586162180,1352186511433805824,balalaikagrunge,Sun May 23 13:46:16 +0000 2021,"Day 17 of #66daysofdata
Reviewed stationarity lectures. Managed to get in 1,5h this Saturday and had no will to do anything else. Listened to the Brain Inspired podcast by @pgmid. As always, great content.",0,8
1396461983717683209,1347561005329514498,sydteo,Sun May 23 13:44:16 +0000 2021,"Day 6 &amp; 7 of #66daysofdata 
Spent the weekends chilling abit 🙆‍♀️ Anyways, I started practising SQL on hackerrank and watched some SQL Sundays by @hellotinah which was really helpful. Still working on the project! Let’s get back on track tmr 💪",0,13
1396447813597376523,397272525,shatandv,Sun May 23 12:47:58 +0000 2021,"Day 138 of #66DaysOfData:
- Watched some of Gilbert Strang's Linear Algebra lectures. He teaches so beautifully. Now I actually understand the ideas behind SVD, LU-factorization, and the nature of elimination in matrices,
- Read some of CatBoostClassifier docs.",1,16
1396446873863430144,209191879,bhatnagarkush,Sun May 23 12:44:14 +0000 2021,"Day 103-108/R2 of #66daysofdata : Did some hands on session on @awscloud SageMaker Studio, Experiment and Autopilot. Also, did some exercise on t-distribution and t-Test in statistics
 #MachineLearning #AWS #DataScience",2,4
1396415082180063232,1361227694889967616,dataQueen_pend,Sun May 23 10:37:54 +0000 2021,"D. 29 R. 2 of #66daysofdata 

➡️ Merging Tables with different Join types
✅ Left Join
✅ Right Join
✅ Outer Join",1,11
1396405237427019777,1281890679052857346,ShrutiJ87241031,Sun May 23 09:58:47 +0000 2021,"#66daysofdata
Hope you like this article and it will be useful for you!!
https://t.co/FMaK3iUQi4",1,8
1396360550343352320,1266599735881687040,ChinWuChen1,Sun May 23 07:01:12 +0000 2021,D45 #66daysofdata - data can be complex...reading about Taiwan’s current outbreak...🙁🙏 https://t.co/odIco2yIAd,0,3
1396337459626184704,1265391915278626817,MaeTafoya,Sun May 23 05:29:27 +0000 2021,"Day 5 of #66daysofdata

Read Ch. 4 of ‘Practical Statistics for Data Scientists’ &amp; refresh my brain on the formula for covariance.

#Statistics #math #DataScience https://t.co/wr9GE8sNwR",0,6
1396314951539728385,2238460753,KennethB23,Sun May 23 04:00:01 +0000 2021,"#66daysofdata day 8:
MySQL constraints recap and #SQL best practices. 

Intro to data manipulation - select statements. 👨🏾‍💻",0,4
1396314280048226306,1369840035726581766,DustinVo10,Sun May 23 03:57:21 +0000 2021,"Day 2 #66daysofdata 05/22/2021
Use numpy to manipulate text data
np.where
np.argwhere
isin/ isnan
chararray.strip
np.delete
astype(https://t.co/RUZAZIvN1O)",0,6
1396307876671594498,2384674350,WoleAdewumi,Sun May 23 03:31:54 +0000 2021,D5 &amp; D6: Refactored code from previous projects to improve efficiency #66daysofdata,0,6
1396266451636523008,734167027997347842,_liamconnors,Sun May 23 00:47:18 +0000 2021,Day 9 of #66daysofdata - continued with the text analytics from yesterday. Also read a couple of interesting articles on Real Python.,0,12
1396262848603594758,1295354412794249219,thebrowndeity,Sun May 23 00:32:59 +0000 2021,"Day 45(Yesterday) of @KenJee_DS #66daysofdata:

I'm taking the EDA Project part of @JovianML's Zeros To Pandas Course

I'm want to analyse the dat of my department level's WhatsApp group.

More Update soon",0,11
1396253653183471616,71251893,MirceaMesesan,Sat May 22 23:56:26 +0000 2021,"Day 20 of #66DaysOfData. Did some reports with a dataframe from the toggl api json. I want to be able to automate most of my admin work, that is mainly client communication. (Weekly project summaries / Monthly invoices)",0,12
1396252834069364738,969343076442542081,JaimeAAvendano,Sat May 22 23:53:11 +0000 2021,"Day 3 - R2 of #66DaysofData 

Ran KMeans on the NFL Salary data. No good elbow, but I was able to learn about alternatives like Silhouette scores and Davies-Bouldin scores.

Any suggestions for a good python library to create formatted tables? R's gt package would be my go-to. https://t.co/nXhjdCk1NC",0,17
1396252001458081798,1291243974611668992,pristdata,Sat May 22 23:49:52 +0000 2021,"Day 62 &amp; 63 of #66daysofdata:
Just out of curiosity spent a few minutes a day reading about computational biology/bioinformatics. 

Do you data scientists/analysts belong or would consider belonging to a specific domain in DS? Or do you prefer the multifaceted aspect of it?",0,25
1396245818794024962,1392958037497892871,AntoneEvansJr,Sat May 22 23:25:18 +0000 2021,"#Day14 of #66DaysOfData by @KenJee_DS
I've deployed the app using @streamlit! 🎉🎊
Check it out! https://t.co/EmHkpUsBTy",1,12
1396239951474343940,1179254091521941508,jasonvero,Sat May 22 23:01:59 +0000 2021,"Day 21 - of #66DaysOfData

For today's session, I used Pandas to explore the Kaggle Housing dataset, while also utilizing several different functions to manipulate and display the data in a usable way. 

#DataScience #Python",6,19
1396227372354056198,18383562,pathria,Sat May 22 22:12:00 +0000 2021,"#66daysofdata Day 20 Essential Linear Algebra for ML - size of a matrix, column matrices, square matrices, covariance matrix, transpose of a matrix, eigenvalues, dot products, etc. https://t.co/OW9GHYpIC1",0,0
1396202701604728832,1393682765938413568,yousefi_ds,Sat May 22 20:33:58 +0000 2021,"Day 26:
More Streamlit documentation reading and started working on a Netflix movie and tv-show recommendation web app.
#66daysofdata",0,14
1396181977070399489,406512519,rohan_kumawat,Sat May 22 19:11:37 +0000 2021,"Day 1 of #66daysofdata  
▶ I started EDA with the Pokemon Dataset.💙
▶ I started learning about Transformers and BERT. ❤",0,4
1396180916628688898,406512519,rohan_kumawat,Sat May 22 19:07:24 +0000 2021,3️⃣. I completed my #66daysofdata Round 1 journey and started my Round 2 with something different.🌈,0,3
1396170317949804545,232069724,rahul40patel,Sat May 22 18:25:18 +0000 2021,"Day 4 of #66DaysOfData

Complete the course on SQL by Giraffe Academy.

- how to create complex DB from scratch
- Triggers
- ER Diagrams

@KenJee_DS",0,14
1396160660724060162,901324520346091520,Sanskar1531,Sat May 22 17:46:55 +0000 2021,"day 26 of #66daysofdata 
worked on life tables from survival analysis using chi squared statistic, binomial model and Poisson model. https://t.co/EJ7Yi1fF0O",0,4
1396157606503206914,1159830350102781953,KenJee_DS,Sat May 22 17:34:47 +0000 2021,@rohan_kumawat Incredible! Be sure to share them to the #66DaysOfData Community!,0,2
1396148227733286915,731856877139558400,ABYA80,Sat May 22 16:57:31 +0000 2021,"R2: #66daysofdata with @KenJee_DS 

Day 63: Today, I automated a tweet using python selenium. Scrapped data from amazon then saved it in CSV format.",0,25
1396145596793245705,1356609984163889154,jo_grammer,Sat May 22 16:47:04 +0000 2021,"Day 6, R2 of #66daysofdata 
 
Review of probability with DS Bootcamp, Deep dive into ML:

ML 101 chapter from  Data Science (MIT Press Essential Knowledge Series) by John D. Kelleher &amp; Brendan Tierney
 
Then this article on How to Run ML projects
https://t.co/35JY3d9LNj",0,9
1396133300486512642,1706095092,swetagupta110,Sat May 22 15:58:12 +0000 2021,"Day 3. Did some data cleaning, still working with that.
Here is a book in case you are struggling with statistics https://t.co/CyBWpqT6P9
Also, if anyone needs to know about some basic statistics and how to get started, you can get back to me.
#66daysofdata",0,7
1396108955781242880,1051512590445105152,hb_khanh,Sat May 22 14:21:28 +0000 2021,"D4 of #66daysofdata is focused on descriptive statistics: Types of data and appropriate ways of plotting them

My highlights: Pareto's diagram and his 80/20 principle",0,17
1396090415250481155,2352929006,akira_rafhael,Sat May 22 13:07:47 +0000 2021,"Day 36 : Learned Bayesian Inference on Udemy
#66DaysOfData",0,10
1396085150732062724,1326409618843705344,walidcodes,Sat May 22 12:46:52 +0000 2021,Tonight is matplotlib night. #66DaysOfData,0,6
1396057642477395968,1276070101196795904,thinam_,Sat May 22 10:57:34 +0000 2021,"✨ I have presented the implementation of Next Sentence Prediction and BERT Model using PyTorch here in the snapshot.

📒 Journey on Machine Learning and Deep Learning : https://t.co/I7KFrKDaJI

#66daysofdata https://t.co/EWJ3Rnkd1m",5,11
1396053610451066880,1324652185964204033,meyke9976,Sat May 22 10:41:32 +0000 2021,"Day 132 of #66daysofdata by @KenJee_DS 
- continued with #8weekSQLChallenge
- finished the MS learn module for creating machine learning models: https://t.co/uowP4u8Kc8",1,17
1396012958971465728,397272525,shatandv,Sat May 22 08:00:00 +0000 2021,"Day 137 of #66DaysOfData:
- Lots of work :( At least it's exciting,
- Read about Kedro - a curious DS framework on Python,
- Started my homework on Positive Unlabeled Learning. Gonna finish it a bit later.",0,26
1395998416019197953,406512519,rohan_kumawat,Sat May 22 07:02:13 +0000 2021,"Journey of #66daysofdata 🌈
https://t.co/RgqZndLzlc",0,5
1395998414261735424,406512519,rohan_kumawat,Sat May 22 07:02:13 +0000 2021,"My very first successful round 1 of #66daysofdata ✨
(Personal feedback)
https://t.co/YZ1E0TlM4K",0,1
1395995533898960901,406512519,rohan_kumawat,Sat May 22 06:50:46 +0000 2021,"I will try to upload at least 2 blogs per week on what I've learnt in Round 1 and Round 2 side by side. 
I need to show my work!
Before starting my Day 1, I want to thank @KenJee_DS first for introducing me to #66daysofdata",0,2
1395995528450564108,406512519,rohan_kumawat,Sat May 22 06:50:44 +0000 2021,"I've decided to start Round 2 of #66daysofdata today, and I'm going to show my work this time regularly and share daily about what I'm doing.  The first round was amazing. I made some mistakes, but this time I'll try to avoid them. @KenJee_DS I'm finally starting the 2nd Round
🧵",0,8
1395971346765471745,1267805283511750660,Binal_BP,Sat May 22 05:14:39 +0000 2021,"Day 23: #66DaysOfData

Completed Ask Questions to Make Data-Driven Decisions course on @coursera. Learned about strategies for managing stakeholders expectation while effectively communicating with the team.",0,9
1395965585217843204,822280007502295041,_paulo_lopez_,Sat May 22 04:51:45 +0000 2021,"#100DaysOfMLCode #100DaysOfCode #66daysofdata #pythondeveloper #Python 

🔹Currently working on an image classification project - As a base model will start with 4 state-of-the-art (SOTA) pre-trained models.

1. VGG-16
2. ResNet50
3. Inceptionv3
4. EfficientNet https://t.co/z5E7TJZeRr",12,22
1395955591940616192,1392958037497892871,AntoneEvansJr,Sat May 22 04:12:03 +0000 2021,"#Day13 of #66DaysOfData by @KenJee_DS 
- Optimized my lyrics search by moving a potion of code which was running n times. It only needed to be generated once.
- Wrote a draft of my medium post.
- Looked into deploying @streamlit apps which require large files not on GitHub.",0,13
1395952471793676295,2238460753,KennethB23,Sat May 22 03:59:39 +0000 2021,"The struggle was real to put in the time on a Friday night after a hectic week, but day 7 is done ✅ 

Getting lots of practice writing queries in MySQL and getting familiar with the syntax. Learned default constraints today and wrote some more practice queries 👨🏾‍💻#66daysofdata",0,4
1395942202304573440,734167027997347842,_liamconnors,Sat May 22 03:18:51 +0000 2021,Day 8 of #66daysofdata -  read the feature engineering chapter of Text Analytics with Python by Dipanjan Sarkar. Really great book. Have been working with data I collected from the NYT Articles API.,0,12
1395938621132181514,1369840035726581766,DustinVo10,Sat May 22 03:04:37 +0000 2021,"Day 1 #66daysofdata 05/21/2021
Use numpy to set up data, import, check for incomplete and manipulating text data.",0,12
1395928980826505225,951871594376376320,JackRaifer,Sat May 22 02:26:18 +0000 2021,"Yup. One click or keystroke at a  time.
#programminghumor 
#66daysofdata
#learning https://t.co/N2JD5gAZX3",1,12
1395916046763180033,969343076442542081,JaimeAAvendano,Sat May 22 01:34:55 +0000 2021,"Day 2 - R2 of #66DaysofData 

Scraped some salary data from https://t.co/TXXEIyD5B9 and did a bunch of feature engineering.  

Next steps will be applying KMeans to see what are the most common team building approaches are.

#SportsAnalytics https://t.co/ioBBAzV1g2",0,11
1395899778366689284,1207501893582442496,HeliBaez11,Sat May 22 00:30:16 +0000 2021,"Day 4️⃣4️⃣ of #100DaysOfCode 

I know the basics to join two DataFrame📈🔁📈

#66daysofdata #PANDAS #Python https://t.co/gcE0qedQSB",18,15
1395892462518820869,1265391915278626817,MaeTafoya,Sat May 22 00:01:12 +0000 2021,"Day 4 of #66daysofdata 

Read Ch. 3 - ‘Practical Statistics for Data Scientists’ &amp; begin @kaggle mini course on Natural Language Processing... #datascience #machinelearning #statistics #python https://t.co/JQnzenph7c",3,11
1395883125947908100,1179254091521941508,jasonvero,Fri May 21 23:24:06 +0000 2021,"Day 20 - of #66DaysOfData

Happy Friday! Today, I began Kaggle's Intro to Machine Learning course. It's a nice change of pace and the lesson plan seems very interesting.

I also watched a video diving more into detail about #Python Object Oriented Programming.

#DataScience",6,15
1395879410008530952,1295354412794249219,thebrowndeity,Fri May 21 23:09:20 +0000 2021,"Day 44 of @KenJee_DS #66daysofdata:
Wrapped up on the visualization I know, learnt about despining, size and aspect, and others

I'll start applying the Pandas, Numpy, Statistics, and Visualization techniques I've learnt on some EDA projects, I'm so excited!!!!",0,17
1395875881827119105,32453704,anyachocolat,Fri May 21 22:55:19 +0000 2021,"Day 47 of #66DaysOfData:
- read ""A Byte of Python""",0,17
1395861256133828608,1393682765938413568,yousefi_ds,Fri May 21 21:57:11 +0000 2021,"Day 25:
Read more documents about Streamlit and made a web app about different Cryptocurrency price changes!
#66daysofdata",0,16
1395848983839399937,1377113586145751042,sustainablersyd,Fri May 21 21:08:26 +0000 2021,"Day 49-51 of #66daysofdata with @KenJee_DS 
- finished setting up my dev environment for the second time because my laptop got wiped but we’re happy bc she’s back🤧
- added to dbt models for data requests
-started creating product metrics dashboard for PM",0,18
1395837589714788356,1389606414474227715,Nobre_Lucas18,Fri May 21 20:23:09 +0000 2021,"Day 18 of #66daysofdata

Today I reviewed what I studied yesterday and I reviewed groupby once again, through the kaggle platform. In addition, also through kaggle, I studied superficially about Multi-Indexes and Sorting. Finally, I worked on my personal project.",0,8
1395832472013733889,232069724,rahul40patel,Fri May 21 20:02:49 +0000 2021,"Day 3 of #66DaysOfData

Started the course on SQL by Giraffe Academy.
It's pretty much basics that I learnt from the past course. Despite I have learnt couple of new things like writing queries in @popsql. Creating db from scratch was not covered in the past course.

@KenJee_DS",0,11
1395826987567140869,1706095092,swetagupta110,Fri May 21 19:41:01 +0000 2021,"Day 2 Completed Numpy Revision, worked some more with Tableau, read an article which I am mentioning below.
https://t.co/0WT3k5nNNv
#66daysofdata",0,10
1395824088241815554,1361227694889967616,dataQueen_pend,Fri May 21 19:29:30 +0000 2021,"D. 26-27 R. 2 ➡️ days off
D. 28 of #66daysofdata 

💫 Merging Data with 🐼
-&gt; for now, it seems a pleasant topic🤔, that's suspicious...
➡️ Merging tables
➡️ Merging multiple tables
➡️ Merging on multiple arguments

✅ Inner Join module completed!",0,16
1395820269743312896,1352186511433805824,balalaikagrunge,Fri May 21 19:14:20 +0000 2021,"Day 16 of #66daysofdata
Finished feature importance and feature selection work.Visualised PC components relating them to feature names. Read the rest of the Dimensionality Reduction chapter in Hands-On ML.
https://t.co/fFjM6cjizK via @DataCamp",0,8
1395816600624779265,901324520346091520,Sanskar1531,Fri May 21 18:59:45 +0000 2021,"day 25 of #66daysofdata
Practiced some more survival analysis. Revised Artificial intelligence for my next exam. Ooh also I watched this amazing video by @computer_phile on recursive problems - https://t.co/2YU4mR9CVW",0,8
1395796671280386050,1356609984163889154,jo_grammer,Fri May 21 17:40:33 +0000 2021,"Day 5, R2 of #66daysofdata 
 
DS Bootcamp Numpy fundamentals + documentation + practice
Reading of the Matplotlib documentation
Python coding w/ App Brewery course instances, State, Higher order functions
practice of outlier detection 
https://t.co/cVnZ6gKklB",0,8
1395793981615742976,1309899642373656577,Dhruvks03,Fri May 21 17:29:52 +0000 2021,"Day3 of #66daysofdata:
- watched some of this https://t.co/zKGtHAFtAT (Best series to learn statistics and prob)
- Did some visualization stuff with matplotlib",0,12
1395789293323390979,1393699686876209153,TheRishonR,Fri May 21 17:11:14 +0000 2021,Day 6 of #66daysofdata Revised calculus and probability theory while also spending some more time on classification problems using Machine Learning.,0,7
1395788030942662656,731856877139558400,ABYA80,Fri May 21 17:06:13 +0000 2021,"R2: #66daysofdata with @KenJee_DS 

Day 62:
- Today, I played a lot with selenium automation.
- Read an article on 'Twitter Automation using Selenium.'",0,23
1395786198552088589,25925939,Dataenergy_DS,Fri May 21 16:58:56 +0000 2021,"11 Data Analyst Skills You Need to Get Hired in 2021

https://t.co/KSZsZpA1ee

#DataScience #Python #66daysofdata",2,0
1395765109260161030,271648123,MisterBroma,Fri May 21 15:35:08 +0000 2021,"Day 0️⃣6️⃣-0️⃣7️⃣ of #100DaysOfCode
6 and 7th day with the python course of @yu_angela on @udemy
Let's go on data road #66daysofdata @KenJee_DS @TinaHuang #LearnToCode #DataScience #codingbasics #Python",5,10
1395761253377662979,3041718695,suminohh,Fri May 21 15:19:49 +0000 2021,"📅 Day 13 of #66daysofdata 

I read more about aspect based sentiment analysis. 

The next couple of days will be a lot of reading because I decided to write about it for one of my school assignments :)",0,8
1395751613583826944,71251893,MirceaMesesan,Fri May 21 14:41:31 +0000 2021,Day 19 of #66DaysOfData. So one of the projects that I've started these days is working with the api from #toggl.,0,11
1395747390859091971,1362442599747870721,art9793,Fri May 21 14:24:44 +0000 2021,"D25, 26 #66daysofdata @KenJee_DS 

- Practised some #Python problems on @Codecademy .
- Watched #Numpy and #pandas videos on YT by @keithgalli 

Will try to work on #statistics for the next couple of days.

#learning #DataScience #DataAnalytics 
#CodeNewbie #programming",4,18
1395740276958842883,995452348280573955,Just_Jordan_T,Fri May 21 13:56:28 +0000 2021,"Running a pandas data frame with 6mil records.
#DataScience #Python #66daysofdata https://t.co/YOJpbAQ1Xg",1,6
1395734534683955204,1347561005329514498,sydteo,Fri May 21 13:33:39 +0000 2021,"Day 5 of #66daysofdata
Practiced some SQL and started data exploration on a new project, will probably be spending the next few days figuring it out.",0,20
1395732614544203776,2352929006,akira_rafhael,Fri May 21 13:26:01 +0000 2021,"Day 35 : Read an article on data monitoring and data observability
#66DaysOfData
https://t.co/Y3QHPvlG7w",0,10
1395727562727256071,1137782574036635649,thedataprof,Fri May 21 13:05:56 +0000 2021,"Hi friends, wondering what project to work on next? Here's a new video on How to build #bioinformatics tools
https://t.co/BhCaDbXRFc
#66daysofdata https://t.co/yjYcsO5h2N",6,20
1395725875740495880,1329313525974532097,AyubRasool14,Fri May 21 12:59:14 +0000 2021,Day 41-44/66: finished EDA on stroke data and started studying on how to use Tableau. Watched a few YouTube videos on Tableau. #66daysofdata,0,11
1395700564860755972,1369643950395564032,AsgharMarvi,Fri May 21 11:18:40 +0000 2021,"Hello fam! I know I haven't been updated on twitter but I have been active with my #66daysofdata challenge. I have documented my earlier progress on my KNIME's Hub profile. Please find the link: https://t.co/XPugb1SlPf

#KNIME #DataScience #ML",2,3
1395682903808479239,1384179766551400448,SpaceAxolotl2,Fri May 21 10:08:29 +0000 2021,Day 7 of #66daysofdata I just finished Random forest &amp; Chapter 1 - all the topics for my yt channel. Today I'll start writing script for my vids. 🎉 Any tips or suggestions for the videos?,0,10
1395640920876351489,1137782574036635649,thedataprof,Fri May 21 07:21:39 +0000 2021,"Hi friends, Today let's highlight a YouTube channel from a member of the #66daysofdata @JackRaifer who has launched a channel on #datascience #machinelearning check out his channel
https://t.co/qRNuBCWItM https://t.co/SzwNcuJASn",3,17
1395637370234441734,360668611,daniellabrito26,Fri May 21 07:07:33 +0000 2021,"Day 40 - Just started Sql hacker rank challenges have to get more used to writing more queries . 
-Will follow up with some interview question practice too .
-Covered database design concepts also.  
#66daysofdata",0,13
1395621543158427653,397272525,shatandv,Fri May 21 06:04:39 +0000 2021,"Day 136 of #66DaysOfData:
- Watched some Linear Algebra lectures,
- Attended a webinar on the general process of A/B testing for ML solutions,
- Finished the last part of @python_engineer's PyTorch tutorial! The whole tutorial is awesome. Thank you for this gem, Patrick!",0,18
1395619928233893894,1324652185964204033,meyke9976,Fri May 21 05:58:14 +0000 2021,"Day 131 of #66daysofdata by @KenJee_DS and #8weekSQLChallenge by @DataWithDanny  
Again a day filled with SQL delight :) https://t.co/idvyEcCM1k",0,17
1395590408382685184,2238460753,KennethB23,Fri May 21 04:00:56 +0000 2021,"Just wrapped day 6 on this journey. 
Recap and practice of primary key, foreign key and unique key constraints in MySQL 
#66daysofdata",0,5
1395589368945856520,1267805283511750660,Binal_BP,Fri May 21 03:56:49 +0000 2021,"Day 22: #66DaysOfData

Skimmed through week 3 of Ask questions to make Data-Driven Decisions. This module was mainly focused on using spreadsheets to do very simple data analysis. I’ll probably complete this course by tomorrow and then start brainstorming some ideas for projects.",0,10
1395589137248493572,168046022,ribhunirek,Fri May 21 03:55:53 +0000 2021,"Day 26 of #66DaysOfData:
- interviewed for a Data Scientist position",0,18
1395578529195167744,2384674350,WoleAdewumi,Fri May 21 03:13:44 +0000 2021,D4: Explored the various data storage offerings on Azure #66daysofdata,0,6
1395572724869775360,1395488825162534912,lukenigro,Fri May 21 02:50:40 +0000 2021,Day 1 of #66DaysofData dove into this community and did some Kaggle courses to refresh my ML knowledge.,0,14
1395566478334861316,1179254091521941508,jasonvero,Fri May 21 02:25:51 +0000 2021,"Day 19 - of #66DaysOfData

For today's session, I completed the Titanic Tutorial from #Kaggle.

It moved through the code pretty quick, so for my next steps, I will review this code while working through the Intro to #MachineLearning course in Kaggle.

#DataScience #Python",1,12
1395555980210020354,1291243974611668992,pristdata,Fri May 21 01:44:08 +0000 2021,Day61of #66daysofdata: This is a very useful statistics book that I've consulted while learning and building my portfolio. Today I took some time to review regression models' evaluation metrics. RMSE -&gt; model comparison. R-squared -&gt; variance proportion explained by the model. https://t.co/7vIsMP6rYU,0,32
1395544660253286404,1207501893582442496,HeliBaez11,Fri May 21 00:59:09 +0000 2021,"Day 4️⃣3️⃣ of #100DaysOfCode 

Get started with Data Merging Basics
📈🔁📉
The speed of the internet did not help me much but I managed to learn something🧗
#66daysofData https://t.co/G0Hf0XLyqC",12,14
1395535920963768327,734167027997347842,_liamconnors,Fri May 21 00:24:26 +0000 2021,Day 7 of #66daysofdata -  watched some more videos from the #datacated conference. Worked with python time objects today - part of my effort to complete my FPL notifications tool.,0,15
1395528426803576833,1393682765938413568,yousefi_ds,Thu May 20 23:54:39 +0000 2021,"Day 24:
I watched more tutorials regarding Streamlit on @thedataprof 's youtube channel which was really really helpful!
He's a great teacher.
#66daysofdata",0,20
1395526420533764098,969343076442542081,JaimeAAvendano,Thu May 20 23:46:40 +0000 2021,"Round 2 - Day 1 of #66DaysofData! 

I've been continuing to study data, but have also been doing interview prep from one of the resources provided by the Google Analytics course. 

Trying to focus on deep learning, NLP, and project work this round.",0,13
1395523473909460992,1392958037497892871,AntoneEvansJr,Thu May 20 23:34:58 +0000 2021,"#Day12 of #66DaysOfData by @KenJee_DS 
- I prototyped adding nltk cleaning to lyrics however the outcome was not significant. Therefore, this idea was scrapped. 
- Updated my .gitignore
- Entered the @streamlit queue to gain an invitation to deploy the app.",0,13
1395518101270142984,1265391915278626817,MaeTafoya,Thu May 20 23:13:37 +0000 2021,"Day 3 of #66daysofdata 

Read through @valohaiai’s ebook ‘Practical MLOps’ - highlights the importance of investing time and energy in data pipelines. 

Some good tips in building good habits as a #datascientist or #dataengineer. https://t.co/337fy4Fwya",2,13
1395499698149068801,71251893,MirceaMesesan,Thu May 20 22:00:29 +0000 2021,Day 18 of #66DaysOfData. Gathering some ideas of data science projects. Projects that will keep me interested and build-up various skills.,0,14
1395488099166261249,1389606414474227715,Nobre_Lucas18,Thu May 20 21:14:24 +0000 2021,"Day 17 of #66daysofdata

Today I reviewed loc and iloc from the pandas library and learned the isin conditional selector. In addition, I learned how to use the map and apply methods from the pandas library.",0,12
1395472114434682884,1352186511433805824,balalaikagrunge,Thu May 20 20:10:53 +0000 2021,"Day 15 of #66daysofdata 
Played with t-SNE. Visualised some PCA results. Redid the graphs for base models' cv results. Then finally started looking into feature importances for my best models. Didn't quite finish what I planned for today, so tomorrow will be busy.",0,8
1395465668049326083,901324520346091520,Sanskar1531,Thu May 20 19:45:16 +0000 2021,"day 24 of #66daysofdata 
Read through likelihood ratio test in survival analysis. Solved a paper on databased and gave my second year final exam for data structures. https://t.co/inAFEBOf8x",0,5
1395465318034780161,1240953896,asvn90,Thu May 20 19:43:52 +0000 2021,"Day 11 of #66daysofdata with @KenJee_DS 

Watched the video by Ken about Github portfolios and created my own. 🥳 empty now - but I have got some nice personal projects in mind... stay tuned! #github #DataScience https://t.co/VzISHUkdUj",0,10
1395461566884204549,602408175,golubovalex,Thu May 20 19:28:58 +0000 2021,"Day 31 of #66daysofdata: completed the #Google_Data_Analytics professional certificate 2-nd course - Ask Questions to Make Data-Driven Decisions, started the Joining Data in #SQL course on #DataCamp, practiced SQL and #Python basics also on DataCamp.",0,15
1395452708711288832,32453704,anyachocolat,Thu May 20 18:53:46 +0000 2021,"Day 46 of #66DaysOfData:
- started a module about cleaning and preparing data",0,15
1395435898662178816,1706095092,swetagupta110,Thu May 20 17:46:58 +0000 2021,"Day1: Revised Numpy.
And worked with tableau(have to finish something).
#66daysofdata",0,12
1395429589355089920,1309899642373656577,Dhruvks03,Thu May 20 17:21:54 +0000 2021,"Day 2 of #66daysofdata:
📊Statistics, Statistics, Statistics📊
- Learned the DEEEEEP meaning of Dispersion
- Tried visualizing the measures of Dispersion

And also if someone know a good resource of learning probability please let me know.🙏",0,12
1395420410259386368,719157417443987457,Mayibongwe_MS,Thu May 20 16:45:26 +0000 2021,"Round 2: Day 2 of #66daysofdata 

I figured out how to use HTML code to improve the formatting of my jupyter notebooks. This will make my data analysis reports much more readable and easy to understand.",0,8
1395420090779279361,1356609984163889154,jo_grammer,Thu May 20 16:44:09 +0000 2021,"Day 4 R2 of #66daysofdata 

re-started Intro to AI Ethics on Kaggle 
I listened to blinks to Invisible Women by Caroline Criado Perez that exposes gender related Data Bias across multiple dimensions of our society
basic Pandas, Numpy review and practice

https://t.co/VwFeGFDEox",0,5
1395419795923816455,1137782574036635649,thedataprof,Thu May 20 16:42:59 +0000 2021,"Want to learn how data is used in sports? Watch this talk at the recent DATAcated conference from my good friend Ken Jee (@KenJee_DS)
https://t.co/yavz1FgHEa
#datascience #sports #sportsanalytics #66daysofdata",5,20
1395419104169791492,1137782574036635649,thedataprof,Thu May 20 16:40:14 +0000 2021,"For those who missed the DATAcated Conference (May 2021), here's the YouTube playlist of talks
https://t.co/UMl9IReDHg
Follow Kate @datacated_  for updates on upcoming events.
#datascience #dataanalyst #dataanalytics #datascientist #dataanalysts #datascientists #66daysofdata https://t.co/UNQxW0yBCo",2,10
1395414505782272002,731856877139558400,ABYA80,Thu May 20 16:21:58 +0000 2021,"R2: #66daysofdata with @KenJee_DS 

Day 60 &amp; 61:
- Watching @TechWithTimm's python selenium tutorials series.
- Practicing whatever learned from those videos.
- Solving some SQL questions on @hackerrank.",0,24
1395404321366286336,1393699686876209153,TheRishonR,Thu May 20 15:41:30 +0000 2021,Day 5 of #66daysofdata continued working on this project. Will probably spend another day working on this! https://t.co/5iFJDMRv8c,0,11
1395397969646522370,2352929006,akira_rafhael,Thu May 20 15:16:15 +0000 2021,"Day 34 : Did Combinatorics exercises from Udemy
#66DaysOfData",0,7
1395382481440890884,1290875558453293057,sanyacodes,Thu May 20 14:14:43 +0000 2021,"day 2 &amp; 3 • #66DaysofData

reviewing pandas &amp; numpy documentation to prepare for my internship starting next week! 📝 getting ready for lots of data cleaning &amp; #DataVisualization",0,19
1395373522277396481,3041718695,suminohh,Thu May 20 13:39:07 +0000 2021,"📆 Day 12 of #66daysofdata 

I read through some published papers on aspect-based sentiment analysis. 

I learned that there are different approaches you can take to identify ""aspects.""",0,8
1395372415727796231,1347561005329514498,sydteo,Thu May 20 13:34:43 +0000 2021,"Day 4 of #66daysofdata
I learnt about overfitting and underfitting with ML algorithms and how I can solve them by early stopping.

Besides that, I learnt about DFS and wrote an article about it to solidify my understanding here: https://t.co/QXdarwXBqv ☺️",0,11
1395366576803782659,951871594376376320,JackRaifer,Thu May 20 13:11:31 +0000 2021,"Couple of spots left for the #DATApreneurship Workshop this Sunday.

#DataScience
#Entrepreneurship
#66DaysOfData

https://t.co/vDEa7yPWLi",0,4
1395327278113071107,1352900033608351744,mr_osna,Thu May 20 10:35:21 +0000 2021,Day 5 &amp; 6 consisted of doing up to 50% of the Intro to SQL Course on Kaggle. #66daysofdata,0,2
1395326313687363585,602408175,golubovalex,Thu May 20 10:31:31 +0000 2021,"Day 30 of #66daysofdata: learned about communication best practices at the 3-rd week of the #Google_Data_Analytics professional certificate 2-nd course, completed the Introduction to #SQL course on #DataCamp, practiced SQL and #Python basics also on DataCamp.",2,13
1395317981119270916,1276070101196795904,thinam_,Thu May 20 09:58:25 +0000 2021,"🎆 Bidirectional Encoder Representations from Transformers.

📚 Dive into Deep Leaving : https://t.co/4vpKQHzkRz
📒 Journey on Machine Learning and Deep Learning : https://t.co/I7KFrKDaJI

#66daysofdata #MachineLearning #DeepLearning https://t.co/PMJSaa9Gzi",0,2
1395260666383065090,2384674350,WoleAdewumi,Thu May 20 06:10:40 +0000 2021,"Day 3: Learnt how to import json data from Web APIs using pandas. Also, explored a protocol for choosing training and test data in machine learning #66daysofdata",0,3
1395259750053400576,232069724,rahul40patel,Thu May 20 06:07:01 +0000 2021,"Day 1 d 2 of #66DaysOfData

4th week of the SQL for Data Science course.

- complete the final assignment

and with this it comes to an end.

@KenJee_DS",0,8
1395253042224697344,397272525,shatandv,Thu May 20 05:40:22 +0000 2021,"Day 135 of #66DaysOfData:
- Read about some considerations of using S3 for a Data Lake,
- Learned about using Python dataclasses or the attrs package,
- Completed Part 16 of @python_engineer's PyTorch tutorial.",0,18
1395241982293725186,360668611,daniellabrito26,Thu May 20 04:56:25 +0000 2021,"Day 39 - Back to spending most time on MySQL .  Having to revise from scratch . Going to start deep learning on the side !! 
Touching Neural networks today . 
- backpropagation 
-optimisation techniques 
- hyperparameter tuning 
#66daysofdata #DataScience",0,16
1395237613687255040,1291114285507186690,jaimedatalatte,Thu May 20 04:39:04 +0000 2021,"D.15 #66daysofdata 

Learned about data collection methods for specific purposes. Like conjoint analysis, product affinity and price sensitivity meter.

All of them follow different paths but they try to achieve price optimization.",0,17
1395229554613096448,168046022,ribhunirek,Thu May 20 04:07:02 +0000 2021,"Day 25 of #66DaysOfData:
- continued with solving SQL interview Questions, learned new functions
- attended DATAcated conference
- began reading Mathletics, in the top 5 recommended reads for Sports Analytics by our very own @KenJee_DS",0,10
1395228667463229443,25925939,Dataenergy_DS,Thu May 20 04:03:31 +0000 2021,"Days 13 and 14 of #66daysofdata: worked on Data visualization assignments using #Python and #PowerBI. Noticed the importance of cleaning, transforming the data  and doing exploratory analysis before giving definitive shape to the reports. #DataScience #Analytics",2,5
1395227621521231875,2238460753,KennethB23,Thu May 20 03:59:21 +0000 2021,"Got some practice writing queries in #MySQL to create tables with primary and foreign keys. This is getting fun! 

#66daysofdata day 5",0,5
1395216381889499136,1267805283511750660,Binal_BP,Thu May 20 03:14:41 +0000 2021,"Day 21: #66DaysOfData

Completed week 2 of Ask questions to make Data-Driven Decisions. Week 2 was very short and straightforward. Got a quick overview of the difference between data-driven vs. data-inspired decision making.",0,14
1395211034621775875,1389606414474227715,Nobre_Lucas18,Thu May 20 02:53:27 +0000 2021,"Day 16 of #66daysofdata

I wasn't very motivated today, so I went after videos about Data Science on Youtube. I watched a @KenJee_DS's 10-minute video of about 7 common mistakes among Data Science beginners. Now it's time to put it into practice and try to avoid them😅",0,14
1395205595154706434,901324520346091520,Sanskar1531,Thu May 20 02:31:50 +0000 2021,"day 23 of #66daysofdata 
Read about cox PH model and Wald test in survival analysis. Solved a couple coding problems from @atcoder",0,8
1395203338854178817,1291243974611668992,pristdata,Thu May 20 02:22:52 +0000 2021,"Day 59 &amp; 60 of #66daysofdata:
Seriously busy but was able to skim several journal articles about the use of Neural Networks to predict shelf life of foods like Paneer, Burfi and dairy products. (Randomnly received them on my email, so... useful ""spam"" I guess😅)",0,25
1395190004712972288,1179254091521941508,jasonvero,Thu May 20 01:29:53 +0000 2021,"Day 18 - of #66DaysOfData

It was a slow and steady pace, but I finally wrapped up this beginner's course to #Python.

I feel both joyful and overwhelmed knowing how much I've learned, but how much more there is to master and apply. 

Either way, I'm looking forward to more!",0,23
1395189471335813127,2149586883,vperez2000,Thu May 20 01:27:45 +0000 2021,"#66daysofdata #R3 #Day31
No DataCamp DS track

But I attended the @datacated_ conference, great speakers, @KenJee_DS was there, my favorite slot was the sports one, and the format of each lecture (Short and Informative) was great!

https://t.co/5vvpMFbMNL",0,8
1395177461948817408,734167027997347842,_liamconnors,Thu May 20 00:40:02 +0000 2021,Day 6 of #66daysofdata -  more data exploration with pandas. Also watched some of the #datacated conference.,0,12
1395150412030873602,32453704,anyachocolat,Wed May 19 22:52:33 +0000 2021,"Day 45 of #66DaysOfData:
- continued the module about pandas and os",0,17
1395145587025121281,929998650,KehalHoussem,Wed May 19 22:33:23 +0000 2021,"Day 1⃣5⃣:

Today I've started Tableau Essential Training, aiming to learn how to work with BI tools for visualizing and dashboarding 📊📈

#66daysofdata #DataScience #data",0,7
1395129508198600710,1392958037497892871,AntoneEvansJr,Wed May 19 21:29:29 +0000 2021,"#Day11 of #66DaysOfData by @KenJee_DS 
- Added clear output button 
- Handled cache not clearing which caused unexpected output
- Added UI output for API timeout
- Converted lyrics to lowercase to avoid expected words not returning as found",0,11
1395128700660862979,271648123,MisterBroma,Wed May 19 21:26:17 +0000 2021,"Day 05 of #100DaysOfCode
5th day with the python course of @yu_angela on @udemy 😊
Let's go on data road
#66daysofdata @KenJee_DS @TinaHuang
#LearnToCode #DataScience #codingbasics #Python",2,7
1395126648744431622,1240953896,asvn90,Wed May 19 21:18:07 +0000 2021,"Day 10 of #66daysofdata with @KenJee_DS 

Practised a bit of #python by updating my #discord bot to allocate roles based on emoji reactions. Had some debugging to do, but it worked in the end 💪🏻 https://t.co/IeRQgV8LJu",0,11
1395116972459835396,1649054340,a_escontrela,Wed May 19 20:39:40 +0000 2021,"Day 49 #66daysofdata watched some videos about table design on Redshift, creating tables on a cluster and about different ways of using parallel ETL to optmize table design",0,13
1395116490081308679,71251893,MirceaMesesan,Wed May 19 20:37:45 +0000 2021,Day 17 of #66DaysOfData. Added a first submission to the Housing Prices Competition. I know I can improve the score. Will come back to this later.,0,7
1395116117899816961,1295354412794249219,thebrowndeity,Wed May 19 20:36:17 +0000 2021,"Day 43 of @KenJee_DS #66daysofdata:
Learnt about plotting distribution plots, now more simple after learning the statistics😉, such as such distplot,pairplot, jointplot 

Plotting Categorical Plot using barplot, countplot, I found striplots very interesting...",0,13
1395110174524940293,1326132466055323655,Nonyedollars,Wed May 19 20:12:40 +0000 2021,"9/66

Learnt about data integrity, bias and how to tackle problems encountered when gathering data to meet the required sample size. Gradually getting into SQL. Who has resources on SQL that would be relatively easy to learn?

#66daysofdata #100DaysOfCode",5,6
1395106960291287042,1384179766551400448,SpaceAxolotl2,Wed May 19 19:59:53 +0000 2021,"Got a bit distracted from #66daysofdata 
But started working on the art with an artist for my YT channel. 
I'm so excited 😱",0,2
1395103750310797313,1324652185964204033,meyke9976,Wed May 19 19:47:08 +0000 2021,"Day 130 of #66daysofdata by @KenJee_DS 
Since I enjoyed yesterday, I kind of repeated it today:
- watched #datacated conference (the bit about retail)
- started the #8weekSQLChallenge week 2
- solved a @hackerrank",0,18
1395096862160416771,1265391915278626817,MaeTafoya,Wed May 19 19:19:46 +0000 2021,"Day 1 and 2 of #66daysofdata. 
Starting yet another round of the challenge, the difference this time - actually DOCUMENTING the journey.

Attended the awesome two-day #DATAcated conference. Great eye-opener on how data is being utilized in various industries.",0,7
1395096815427588110,1706095092,swetagupta110,Wed May 19 19:19:35 +0000 2021,"As I am done with unstructured learning. I would be starting my DS journey once again with a better and organised approach. #66daysofdata 
@KenJee_DS",0,12
1395094392625668099,1393682765938413568,yousefi_ds,Wed May 19 19:09:57 +0000 2021,"Day 23:
I read more documents about Streamlit so that i have enough knowledge when i want to do a project regarding bank marketing data sets.
#66daysofdata",0,11
1395066312305508356,1309899642373656577,Dhruvks03,Wed May 19 17:18:22 +0000 2021,"Day 1 of #66daysofdata:
- Brushed up on my python skills with https://t.co/fVBp7La5gV and https://t.co/44nOxUioeZ
- Gain some basics of statistics",1,10
1395059047162793985,1059200207756423170,Aamna__Suhail01,Wed May 19 16:49:30 +0000 2021,"#66daysofdata 
Day 28  with @KenJee_DS
Vid3, Vid 4 of Feature Engineering @Krishnaik06

Revising Pandas",0,12
1395049227625979904,19448058,paulapivat,Wed May 19 16:10:29 +0000 2021,"R3: Day 33 #66daysofdata

• working on querying historical data in SQL

(there's gotta be a way to avoid 3 nested tables) https://t.co/g3yxBFWPjr",0,4
1395048163770191878,1393699686876209153,TheRishonR,Wed May 19 16:06:15 +0000 2021,Day 4 of #66daysofdata: Started a basic classification project using the titanic dataset from kaggle. It's been going pretty well :),0,13
1395043103510175751,4422261493,inder1996singh,Wed May 19 15:46:09 +0000 2021,"Day 8,9 of #66daysofdata :                       - completed logic of vaccine slot booking script. Cosmetic changes left. - started my Big Data Analytics course in Georgian College.                                  - explored Kaggle",0,8
1395040090955595929,1356609984163889154,jo_grammer,Wed May 19 15:34:10 +0000 2021,"Day 3 R2 #66daysofdata 
 
SQL training on SoloLearn 
Python coding for App Brewery #100DaysOfCode
Watched this on YT from the author of Big Data: A revolution that will transform how we live, work, and think

https://t.co/o3Em6uXkpn

Now Watching D2 of DATAcated conference",11,20
1395039640948719620,63557338,Eric_Gitonga_,Wed May 19 15:32:23 +0000 2021,One time during #66DaysOfData I wrote an update on a cleaning task. I went ahead and did some work to polish that article and posted it on Medium today. https://t.co/sqSVQJv7o2,0,4
1395036213438914561,2352929006,akira_rafhael,Wed May 19 15:18:46 +0000 2021,"Day 33 : 
* Watched videos on combinatorics from Udemy
* Read Data Cleaning article
#66DaysOfData

https://t.co/bsUnfxmYxZ",0,6
1395033741026725891,1309899642373656577,Dhruvks03,Wed May 19 15:08:56 +0000 2021,"Starting the #66daysofdata challenge of @KenJee_DS from today.
Huge plans
Huge ambitions
Let's go 🚀",0,14
1395031667383824394,1395030555687673858,crazycatcoder1,Wed May 19 15:00:42 +0000 2021,"hello twitter 😁 
this is my first tweet and today I am starting #66daysofdata challenge
super excitedddd 🤩",0,3
1395024926755758080,1377113586145751042,sustainablersyd,Wed May 19 14:33:55 +0000 2021,"Day 48 of #66daysofdata with @KenJee_DS
- more hackerrank SQL exercises
- GA’s data webinar",0,12
1395024687269359622,1377113586145751042,sustainablersyd,Wed May 19 14:32:58 +0000 2021,"Day 47 of #66daysofdata with @KenJee_DS 
- hackerrank SQL questions
- GA’s web scraping and data visualization with python webinar",0,11
1395010843402674177,3041718695,suminohh,Wed May 19 13:37:57 +0000 2021,"📅 Day 11 of #66daysofdata 

- I tried to web scrape some app reviews but ran into some issues.

- I looked into aspect-based sentiment analysis. Found some tutorials to follow but it'll have to wait until after my semester.",0,15
1395010293386801154,1363855621628465153,korasaju_a,Wed May 19 13:35:46 +0000 2021,"Day 66 of #66DaysofData with @KenJee_DS 

•Second realization before the 1st round of my #66DaysofData ends — Statistics, Data Wrangling and Exploratory Data Analysis are important aspect of Data Science Pipeline. 

I’ll see you in a week or two for R2 guys. Be safe and healthy!",1,30
1395009445592137730,1266599735881687040,ChinWuChen1,Wed May 19 13:32:24 +0000 2021,D44 #66daysofdata - got refreshed on the basics of linear regression.,0,10
1395006983502274567,719157417443987457,Mayibongwe_MS,Wed May 19 13:22:37 +0000 2021,"Round 2: Day 1 of #66daysofdata 

Started a new course on ML using scikit-learn. I'll be looking to building more solutions in this round and I've got a couple of ideas that I want to work on in the next #66daysofdata https://t.co/WazjbFSMrX",0,8
1394994652223197195,1360185873862594561,SwatiBansal4,Wed May 19 12:33:37 +0000 2021,"day2 of #66daysofdata: Created employee's database and applied some queries on it.
#sql #CodeNewbies #WomenWhoCode #NeverGiveUp #LetsDoThis https://t.co/QHywAfZR8m",1,14
1394991983584813056,63557338,Eric_Gitonga_,Wed May 19 12:23:01 +0000 2021,"When the data is not exactly how it needs to be.
#66DaysOfData. https://t.co/VzbmITUPRl",0,10
1394990724794486786,444522096,BristowColin,Wed May 19 12:18:01 +0000 2021,Artificial intelligence identifies the tiger mosquito from photos in the Mosquito Alert #ArtificialIntelligence #AI #DataScience #100DaysOfCode #Python #MachineLearning #BigData #DeepLearning #NLP #Robots #IoT #RPA #futureofwork #Serverless #66daysofdata https://t.co/6Kw7HqxekZ,23,5
1394987518592966663,1362442599747870721,art9793,Wed May 19 12:05:16 +0000 2021,"D23,24 #66daysofdata @KenJee_DS 

Yayy! Finally finished the Learn #Python 3 course on @Codecademy .
I found the last couple of modules on classes, function arguments to be tough so it took me time!
Next, Should I be practising more Python? Or move on to the #DataAnalysis course?",1,19
1394980463811383298,1347561005329514498,sydteo,Wed May 19 11:37:14 +0000 2021,"Day 3 of #66daysofdata
I continued to cover the basics of SQL and due to my interest in ML, I picked up Hands-On Machine Learning from @balalaikagrunge recommendation 📚

I’m thinking of starting on a mini project w what I learnt so far - Regression, Decision Tree, RandomForest",0,17
1394961786579861510,444522096,BristowColin,Wed May 19 10:23:01 +0000 2021,See @Jennchase's 12 surprising topics you didn’t expect to see at SAS Global Forum. #SASGF #ArtificialIntelligence #AI #DataScience #100DaysOfCode #Python #MachineLearning #BigData #DeepLearning #NLP #Robots #IoT #RPA #CuriosityForever #66daysofdata https://t.co/DtWzPI19xz https://t.co/SsSmeLEcpj,6,2
1394948738699853826,1276070101196795904,thinam_,Wed May 19 09:31:10 +0000 2021,"I have presented the implementation of Cosine Similarity and Finding Synonyms and Analogies using PyTorch here in the snapshot. 

📚 Dive into Deep Leaving : https://t.co/4vpKQHzkRz
📚 Speech and Language Processing : https://t.co/Y0eTQj1hZX

#66daysofdata #ML #DL https://t.co/nr3GhqWj43",0,2
1394948528812609542,1137782574036635649,thedataprof,Wed May 19 09:30:20 +0000 2021,"Hi friends, My thoughts and review of the Google Data Analytics Professional Certificate
https://t.co/7peD3BOcjT
#dataanalytics #google #66daysofdata #datascience #dataanalyst #dataanalysts #certificate https://t.co/s4TPpENwqi",8,21
1394938884622995456,444522096,BristowColin,Wed May 19 08:52:01 +0000 2021,Ayesha Khanna on AI surprises and opportunities at #SASGF #ArtificialIntelligence #AI #DataScience #100DaysOfCode #Python #MachineLearning #BigData #DeepLearning #NLP #Robots #IoT #RPA #futureofwork #Serverless #Linux #CuriosityForever #66daysofdata https://t.co/ubvGVLxyvG https://t.co/y3Pgd2mWS7,10,9
1394916418928455682,324583975,georgekanellos,Wed May 19 07:22:45 +0000 2021,"Days 44-47(R2) of #66daysofdata by @KenJee_DS

Finalised all the datasets for the training, created a pipeline for splitting the datasets, doing feature selection, scaling and model training. Working in doing feature selection for catboost but not there yet 😐",0,12
1394881400499806211,397272525,shatandv,Wed May 19 05:03:36 +0000 2021,"Day 134 of #66DaysOfData:
- Went on a meet up of DS students. It went really well :),
- Read an article on how t-SNE works. Didn't understand it fully, but the gist is - it optimizes the closeness of probability distributions between ...",0,17
1394873032070549506,1389606414474227715,Nobre_Lucas18,Wed May 19 04:30:20 +0000 2021,"Day 15 of #66daysofdata 

A little later than usual today (I forgot to tweet). I studied loc and iloc and did some analysis on my project.",0,13
1394865972796743688,1326409618843705344,walidcodes,Wed May 19 04:02:17 +0000 2021,I’m so glad JupyterLab comes with dark mode. #66DaysOfData https://t.co/FK1u2M5cBU,0,5
1394849631402594309,1389723445664096256,chelsfitzpat,Wed May 19 02:57:21 +0000 2021,"D8 of #66daysofdata with @KenJee_DS + my birthday! 🎈

Looked into triggers for SQL and finally completed/submitted my assignment!",0,19
1394843053538619392,2384674350,WoleAdewumi,Wed May 19 02:31:13 +0000 2021,Day 2: Developed Linear Regression models using real estate data and learnt how to determine useful features when training predictive models #100DaysOfMLCode #66daysofdata,0,5
1394837919375007744,2238460753,KennethB23,Wed May 19 02:10:49 +0000 2021,"Day 4 of #66daysofdata complete😄      
Only able to get one lesson in on #MySQL Constraints - PRIMARY KEY constraint from #365datascience. Back at it tomorrow 👨🏾‍💻",0,5
1394832238605389824,1392958037497892871,AntoneEvansJr,Wed May 19 01:48:15 +0000 2021,"(1/2) #Day10 of #66DaysOfData by @KenJee_DS
I thought today would be the day I completed this project. It wasn't. I worked on:
- adding data validations/info on the UI
- handling searching for similar word suggestions 
- and, spent a lot of time within @streamlit  documentation. https://t.co/CSjZ7YcnGS",0,13
1394819394325434370,1179254091521941508,jasonvero,Wed May 19 00:57:12 +0000 2021,"Day 17 - of #66DaysOfData

For today's #Python lesson, I built a multiple choice test utilizing classes, objects, if statements, and for loops.

I also learned principles of creating functions within a class to return information about a specific object in my code.

#DataScience",1,19
1394818502566023168,168046022,ribhunirek,Wed May 19 00:53:40 +0000 2021,"Day 24 of #66DaysOfData - completed all challenges on SQLzoo, read interview questions on SQL. I want to move on to some analytics now",0,11
1394811698687660032,734167027997347842,_liamconnors,Wed May 19 00:26:37 +0000 2021,"Day 5 of #66daysofdata -  spent some time cleaning the data, updating the data types in the pandas dataframe (API data from yesterday). Read a great article on Real Python about pythonic data cleaning",3,12
1394791138100453381,1295354412794249219,thebrowndeity,Tue May 18 23:04:55 +0000 2021,"Day 42 of @KenJee_DS #66daysofdata:
Applied the data Visualization techniques I knew to an analysis project I did a while back, mostly bar chart, cause there wasnt a lot of numeric data..I'll continue learning DV today",0,15
1394784898226008067,271648123,MisterBroma,Tue May 18 22:40:08 +0000 2021,"Day 0️⃣4⃣of #100DaysOfCode
4th day with the python course of @yu_angela on @udemy
Let's go on data road #66daysofdata @KenJee_DS @TinaHuang #LearnToCode #DataScience #codingbasics #Python",10,6
1394781790355836933,186120957,Saoussenlabidi,Tue May 18 22:27:47 +0000 2021,"Haven't tweeted about my Day 4 of #66daysofdata because I fell asleep watching my videos of the day. Seriously, it's hard to stay motivated and enthusiastic about anything EVERYDAY. https://t.co/h9QujerTjy",0,9
1394765596546543620,71251893,MirceaMesesan,Tue May 18 21:23:26 +0000 2021,Day 16 of #66DaysOfData. Big improvements of the mean_absolute_error while using the Random Forest Regressor.,0,6
1394754387034132485,1352186511433805824,balalaikagrunge,Tue May 18 20:38:53 +0000 2021,"Day 15 of #66daysofdata with @KenJee_DS 
Went to my time series lecture. Tried to revise some lecture material but gave up as I'm feeling fried. Tomorrow more work on dimensionality reduction for the project.",0,8
1394752842083176450,1369840035726581766,DustinVo10,Tue May 18 20:32:45 +0000 2021,"#2 Day 1 #66daysofdata

df.drop: to drop columns
df.set_index()
df.str.extract(regex): extract a slice of string
https://t.co/GfmvMmNysV_numeric
df.str.contains(): check str on a slice
df.applymap(): apply function to every cell
df.rename(): rename the columns with dict",0,2
1394739671796789253,1393682765938413568,yousefi_ds,Tue May 18 19:40:25 +0000 2021,"Day 22:
I reviewed a bunch of documents about A-B Testing and Business Intelligence. 
Then i took a test and got 84% of the questions right!!!
#66daysofdata",0,13
1394732416925720578,901324520346091520,Sanskar1531,Tue May 18 19:11:35 +0000 2021,"day 22 of #66daysofdata 
Revised AVL balancing, read about log rank test and parametric PH models in survival analysis. It low-key bums me out in not being able to devote time to coding due to exams but well you gotta get that first class honours 🤌 https://t.co/ygu9W3Ya8s",0,12
1394729525527814146,2562318241,NeemaMV,Tue May 18 19:00:06 +0000 2021,"Day 64 of #66daysofdata #DataScience
Most productive day in my life.. Learned a lot from the Day 1 of @datacated_ conference.. Waiting for Day 2.
https://t.co/SPq9cR2Pys",2,16
1394724531470671872,822280007502295041,_paulo_lopez_,Tue May 18 18:40:15 +0000 2021,"#100DaysOfMLCode #100DaysOfCode #66daysofdata #pythondeveloper #Python 

🔹Started learning PrettyPandas.  It helps you create report tables, summaries of rows/columns, number formatting for currency, scientific units and percentages among other things. 
https://t.co/GWq1qDhGBp",14,14
1394720431509098496,731856877139558400,ABYA80,Tue May 18 18:23:58 +0000 2021,"R2: #66daysofdata with @KenJee_DS 

Day 59: Did a few SQL questions from @hackerrank, also some pandas questions from https://t.co/F6fa3qzWZ9, and learning about if __name__ = '__main__'",0,28
1394719051730112514,1361227694889967616,dataQueen_pend,Tue May 18 18:18:29 +0000 2021,"D. 25 R. 2 of #66daysofdata 

Wanted to start another guided @DataCamp project, but after completing its first step and seeing 'lambda-315%-somethg-whatever, I've decided to put it away after completing the next course:

✨Joining data with Pandas

But it's a task for tomorrow!",0,20
1394704716374835203,1059200207756423170,Aamna__Suhail01,Tue May 18 17:21:31 +0000 2021,"#66daysofdata 
Day 27 with @KenJee_DS

Working on Regexes 
And they're confusing 😒😒

Seen Ken's video on How to optimize life using Data.",0,6
1394697175108669445,602408175,golubovalex,Tue May 18 16:51:33 +0000 2021,"Day 29 of #66daysofdata: completed the 3-rd week of the 2-nd course of Google Data Analytics certificate, one more lesson on sorting and grouping + practice workout from Introduction to SQL course and practice workout from Introduction to Python course on DataCamp.",0,12
1394695490252550149,1324652185964204033,meyke9976,Tue May 18 16:44:51 +0000 2021,"Day 129 of #66daysofdata by @KenJee_DS 
I have finally finished week 1 of #8weekSQLChallenge
https://t.co/sOEIukdo8Z
Any feedback is welcome :) 
Also following the #datacated conference👍",0,13
1394695137628983300,2149586883,vperez2000,Tue May 18 16:43:27 +0000 2021,"#66daysofdata #R3 #Day30 by @KenJee_DS
@DataCamp DS track

Now, Unsupervised Learning in Python, moving forward faster than Supervised Learning! 
I think understanding Scaling &amp; Pipelines is the key 🔑 https://t.co/zGHHxJtany",0,11
1394685211221311489,32453704,anyachocolat,Tue May 18 16:04:01 +0000 2021,"Day 44 of #66DaysOfData:
- continued learning about merging data and working with various files/tables with Pandas
(had to study in the hospital for a bit cause my boyfriend broke his arm 🙈) https://t.co/DBOC0CzHYK",0,15
1394683758704537609,1295354412794249219,thebrowndeity,Tue May 18 15:58:14 +0000 2021,"Day 41(Yesterday) of @KenJee_DS #66daysofdata:

I reviewed more on the  data Visualization techniques I recently learnt on",0,14
1394680805029470211,1240953896,asvn90,Tue May 18 15:46:30 +0000 2021,"Day 9 of #66daysofdata with @KenJee_DS 

Today I completed the Data Strategy course on @365datascience with @BernardMarr 🙌 Really interesting and a good starting point for the course. Next stop: MS Excel! https://t.co/jbaiREuKYI",0,9
1394680185178390529,444522096,BristowColin,Tue May 18 15:44:02 +0000 2021,Helping data speak for those who can’t #ArtificialIntelligence #AI #DataScience #100DaysOfCode #Python #MachineLearning #BigData #DeepLearning #NLP #Robots #IoT #RPA #futureofwork #Serverless #Linux #CuriosityForever #66daysofdata https://t.co/vtsGoWTL5j,10,4
1394678143865298946,1356609984163889154,jo_grammer,Tue May 18 15:35:56 +0000 2021,"R2-D2 (see what I did there? 😬)
#66daysofdata 

Did some light work w/ statistics, refreshing on basics of probability, bayesian inference, ect... 
Now just waiting for the #DATAcated conference going live on LI, 3 full hours of absorbing data related insights 🤤😅🤣🥳 https://t.co/PauAJvJzKM",0,8
1394676911390052356,1290875558453293057,sanyacodes,Tue May 18 15:31:02 +0000 2021,"very embarrassed to say that i forgot to tweet about my prev #66DaysofData after Day 5 so im re-starting!

day 1
- reading through Python Data Science Handbook, starting w/ Chapter 4: Visualization with Matplotlib

#DataVisualization https://t.co/bq95rXPIOG",1,20
1394669573891256334,2352929006,akira_rafhael,Tue May 18 15:01:52 +0000 2021,"Day 32 : Watched videos on making linear regression model and StatsModels from Udemy
#66DaysOfData",0,10
1394662128221446148,1347561005329514498,sydteo,Tue May 18 14:32:17 +0000 2021,Just wondering but what resources are y’all using for #66daysofdata or recommend using?,0,8
1394661937170898950,1347561005329514498,sydteo,Tue May 18 14:31:32 +0000 2021,"Day 2 of #66daysofdata 
Reviewed SQL and learnt more on supervised learning such as Decision Tree algorithm! 

Think i’ll be spending more time tmr brushing up on SQL because there’s so much to cover.",0,15
1394656148339494914,951871594376376320,JackRaifer,Tue May 18 14:08:31 +0000 2021,"Are you looking for a job in Data Science, Andrew Jones has some amazing tips for you all.
Join the next @DataScienceGO Connect for free, get some tips and network with tons of amazing individuals.

#DSGOConnect
#DataScience
#66daysofdata 

https://t.co/thW9lFABnt",0,5
1394650884299051008,1363855621628465153,korasaju_a,Tue May 18 13:47:36 +0000 2021,"Day 65 of #66DaysofData with @KenJee_DS 

•First realization before the 1st round of my #66DaysofData ends — For me, Data Manipulation on SQL and Pandas Library are arguably one of the most important skills for every Data Professional and Enthusiast.",0,13
1394633698499174406,1393699686876209153,TheRishonR,Tue May 18 12:39:19 +0000 2021,"Day 3 of @KenJee_DS's #66daysofdata learnt and implemented machine learning algorithms like k nearest neighbours, linear regression and k means clustering to my kaggle data set.

it's amazing how simple @codebasicshub makes these algorithms even for a 15 y/o like me.",0,8
1394621418780954627,25925939,Dataenergy_DS,Tue May 18 11:50:31 +0000 2021,"Day 12 of #66DaysOfData:

Worked on datacamp's ""introduction to deep learning"" course
Practiced Python programming Exercises from the Book Python Workout
Worked on project: Build a Job Post Analyzer

#machinelearning #datascience #Python",0,4
1394585053485731843,1326132466055323655,Nonyedollars,Tue May 18 09:26:01 +0000 2021,"8/66

I know it feels like I have abadoned this but I haven't. I've been learning but I just haven't been reaching my daily targets. So far, I've been introduced to Kaggle, still rusty. I was able to work with Big query and import files and transform to tables.

#66daysofdata",0,3
1394583472212258817,1240953896,asvn90,Tue May 18 09:19:44 +0000 2021,"Day 8 of #66daysofdata with @KenJee_DS 

Finished the videos covering the topic ""Turning data into insights"" There are SO many ways you can use data (any data) to better understand a given scenario. Everybody should be using this! #dataeverywhere https://t.co/C3wg3lrnNg",0,5
1394568693976158208,1360185873862594561,SwatiBansal4,Tue May 18 08:21:01 +0000 2021,"day1 of #66daysofdata: 
Starting with SQL beginners concept. Performed CRUD operations.
#machinelearning #deeplearning #CodeNewbies #womenwhocode #nevergiveup #LetsDoThis https://t.co/i2xQdnMXro",2,3
1394513226524680195,397272525,shatandv,Tue May 18 04:40:36 +0000 2021,"Day 133 of #66DaysOfData:
- Completed Part 15 of @python_engineer's PyTorch tutorial,
- Grappled with a data transformation problem,
- Picked 2 datasets to do some modeling on!,
- Attended a webinar on SHAP values. I used them in Kaggle microcourses, but now I get the formula :)",0,19
1394513149471121411,1291114285507186690,jaimedatalatte,Tue May 18 04:40:18 +0000 2021,"D.14 #66daysofdata 

Data Science is not only ML models. Today I learned about practical applications in the retail sector. Specifically, how can we use probabilities, statistics and associations to place the products in the store or sell them together.",0,19
1394495619750891521,2238460753,KennethB23,Tue May 18 03:30:38 +0000 2021,"Busy Monday to start the week but I still managed to get day 3 done 🙌. 
Completed the tutorial on Functions and Getting Help
Calling functions and defining our own, and using Python's builtin documentation on #kaggle

#66daysofdata",0,2
1394492959073128453,1179254091521941508,jasonvero,Tue May 18 03:20:04 +0000 2021,"Day 16 - of #66DaysOfData

Today, I learned about Classes and Objects and how to utilize them in #Python. This was enlightening as I never knew the differences between them. 

Also, with help from Twitter, I fixed yesterday's issue importing a module into PyCharm.

#DataScience",5,19
1394464721420513281,209191879,bhatnagarkush,Tue May 18 01:27:52 +0000 2021,"Day 97-102/R2 of #66daysofdata : Continuing @awscloud SageMaker saga, watched videos from 
deep dive series and reading official documentation. Learned about model training, tuning and deployment in SageMaker
 #MachineLearning #AWS #DataScience",7,4
1394459248256487425,1392958037497892871,AntoneEvansJr,Tue May 18 01:06:07 +0000 2021,"#Day9 of #66DaysOfData by @KenJee_DS

I spent a few hours learning about Streamlit followed by creating my https://t.co/dp1PQYBTvd file. Here's my current app. I have 2 more issues which I'll handle tomorrow. https://t.co/pIpk27UPX0",1,10
1394455434296274950,1389723445664096256,chelsfitzpat,Tue May 18 00:50:57 +0000 2021,"D7 of #66daysofdata 

More SQL videos and assignment. Creating an ER diagram based on set of requirements and forward engineering",0,8
1394438379534749698,2384674350,WoleAdewumi,Mon May 17 23:43:11 +0000 2021,D1: I started out the #66daysofdata challenge by reviewing a machine learning crash course by #Google https://t.co/OAkYheBYKz,1,2
1394436006334668806,734167027997347842,_liamconnors,Mon May 17 23:33:45 +0000 2021,"Day 4 of #66daysofdata - continued work with API response content in XML. Am working with data from Met Éireann forecast API. Also, created a GitHub repository for my 66daysofdata code",0,12
1394430602292703233,1389606414474227715,Nobre_Lucas18,Mon May 17 23:12:17 +0000 2021,"Day 14 of #66daysofdata 

Very unproductive day, I was without motivation. At least I saw some videos on youtube about overfit in Machine Learning models.",1,7
1394421657364729858,2149586883,vperez2000,Mon May 17 22:36:44 +0000 2021,"#66daysofdata #R3 #Day29 by @KenJee_DS
@DataCamp DS track

Finally!!! 
✅ Done with Supervised Learning with Sklearn!
Yayyyyyy 🎉🎉🎉🎉🎉🎉 https://t.co/950131Wbj2",0,13
1394419179969818624,929998650,KehalHoussem,Mon May 17 22:26:54 +0000 2021,"The next milestone is Advanced SQL: MySQL Data Analysis &amp; Business Intelligence for the same instructor.

#66daysofdata",0,4
1394418595459960843,929998650,KehalHoussem,Mon May 17 22:24:34 +0000 2021,"Day 1⃣4⃣:

Fishing SQL for Data Analysis: Beginner MySQL Business Intelligence course on @udemy, was really insightful and the concepts are well explained. I recommend it for anyone who wants to get started with MySQL.

#66daysofdata #DataScience #SQL",1,13
1394412818783428611,271648123,MisterBroma,Mon May 17 22:01:37 +0000 2021,"Day 0️⃣3⃣ of #100DaysOfCode
3rd day with the python course of @yu_angela on @udemy 😀
Let's go on data road #66daysofdata 
@KenJee_DS @TinaHuang
#LearnToCode #DataScience #codingbasics #Python",7,10
1394408248971874305,1649054340,a_escontrela,Mon May 17 21:43:28 +0000 2021,"Day 47 #66daysofdata finished second course of Data Engineering, Big Data, and Machine Learning on GCP. I found really interesting the concepts of partitioning and clustering in BigQuery, it seems a very efficient way to run queries on big datasets",0,16
1394392982028263427,71251893,MirceaMesesan,Mon May 17 20:42:48 +0000 2021,Day 15 of #66DaysOfData. Understanding the Underfitting and Overfitting concepts in making accurate model predictions.,0,4
1394389113978109952,1324652185964204033,meyke9976,Mon May 17 20:27:25 +0000 2021,"Day 128 of #66daysofdata by @KenJee_DS 
Almost finished week 1 of #8weekSQLChallenge only one more question to go. https://t.co/AvNYUCC7hL",0,18
1394379430206836745,1352186511433805824,balalaikagrunge,Mon May 17 19:48:57 +0000 2021,"Day 13 of #66daysofdata with @KenJee_DS 
Added PCA dimensionality reduction to my pipeline. Made some scree plots, cumulative variance plots. Added different PCA methods to my random search as parameters. Trying to figure out how to have multiple classifiers in the pipeline.",0,17
1394377255569199104,602408175,golubovalex,Mon May 17 19:40:18 +0000 2021,"Day 28 of #66daysofdata: lesson on structured thinking form 3-rd week of the 2-nd course of Google Data Analytics certificate, starting the lesson on sorting and grouping + practice workout of Introduction to SQL course on DataCamp, and the Introduction to Python workout there.",0,7
1394377139856740352,32453704,anyachocolat,Mon May 17 19:39:51 +0000 2021,"Day 43 of #66DaysOfData:
- started a module about merging data in pandas",0,14
1394376935938088965,1361227694889967616,dataQueen_pend,Mon May 17 19:39:02 +0000 2021,"D. 24 R. 2 of #66daysofdata 

✨ Continued Creating and visualizing DFs
➡️ Missing values - finding and dealing with them
➡️ Quick Review about Creating DFs
➡️ Working with CSV files

✅ Creating and visualizing DFs - Done! 
Finished Basic data manipulation with 🐼 🍾🍾💥🎉",0,14
1394371607192248328,901324520346091520,Sanskar1531,Mon May 17 19:17:51 +0000 2021,"day 21 of #66daysofdata 
watched some videos on neural networks explaining how multiple layers can create a car simulation. One of the videos - https://t.co/2mqmHIGNbG. I feel like I would end up in this field somehow as deep learning has always quite intrigued me but let's see.",0,6
1394369837925871617,1393682765938413568,yousefi_ds,Mon May 17 19:10:50 +0000 2021,"Day 21:
I studied Streamlit documentations and practiced some projects with this amazing tool !!!
#66daysofdata",0,10
1394356924166983681,2562318241,NeemaMV,Mon May 17 18:19:31 +0000 2021,"Day 63 of #66daysofdata  #DataScience Day 88 of #100DaysOfCode #Data
Working on top down forecasting methodology for Verizon product sales sales
Day 38 &amp; 39 of #100DaysofSQL
Complete two units of exercise in #8weekSQLchallenge course",14,20
1394356292098035713,731856877139558400,ABYA80,Mon May 17 18:17:00 +0000 2021,"R2: #66daysofdata with @KenJee_DS 

Day 58: Completed another EDA project, this one was pretty interesting. Enjoyed it a lot.
Also, did some SQL questions on @hackerrank.",0,20
1394342557467824129,4422261493,inder1996singh,Mon May 17 17:22:25 +0000 2021,"Day 7 of #66daysofdata :

Worked on web scraping with selenium . In progress of development of a script which shows the available slots of vaccination in India.",0,12
1394335468867653632,3041718695,suminohh,Mon May 17 16:54:15 +0000 2021,"📆 Day 10 of #66daysofdata

I learned some core data concepts: 
- different structures of data 
- transactional system 
- normalization
- analytical system
- typical data processing system",0,18
1394327142117216261,804283562115629056,theishantha,Mon May 17 16:21:10 +0000 2021,"Day 1-17 of 66 - #66daysofdata

I finished Chapter 4[Training Models] in the Hands-On Machine Learning with Scikit-Learn, Keras, and TensorFlow, 2nd Edition book from @OReillyMedia

&amp; Build a spam classifier from Apache-SpamAssassin Dataset

#66daysofdata #DataScience #AI #ML",0,7
1394315660080173059,1377113586145751042,sustainablersyd,Mon May 17 15:35:33 +0000 2021,"Days 44-46 of #66daysofdata with @KenJee_DS :
- More SQL exercises, some good @Medium articles on SQL. Getting really deep into SQL if it isn't already obvious hahaha",0,19
1394314456792850433,1362442599747870721,art9793,Mon May 17 15:30:46 +0000 2021,"D22 #66daysofdata @KenJee_DS 

Looked at some YouTube videos for understanding OOP in general and also in Python. I had learnt about OOP (Java) years ago at school but don't remember most of it. :)

#DataScience #Data #learning #CodeNewbie",1,10
1394310725036765186,1329313525974532097,AyubRasool14,Mon May 17 15:15:56 +0000 2021,Day 40/66: about to finish EDA on the stroke dataset #66daysofdata I need to edit my EDA so that it shows the most relevant info and looks aesthetically pleasing. https://t.co/ZODn2zQWgn,0,12
1394307176642973700,1393699686876209153,TheRishonR,Mon May 17 15:01:50 +0000 2021,"Day 2 of #66daysofdata: Further experimentation with pandas by using data sets and csv files from kaggle. Also started up on a data visualisation project.
@KenJee_DS",0,9
1394292807028801539,1051512590445105152,hb_khanh,Mon May 17 14:04:44 +0000 2021,"D2 &amp; D3 of #66daysofdata 
Finished The Complete Oracle SQL Certification Course @udemy 
- Got to revise some fundamentals of Oracle syntax, apply OVER and PARTITION with ORDER BY in creating the most updated table from 3 duplicated ones.
- Also found out WHILE loop in SQL.",0,12
1394287907897286659,1108597836755755009,maisdev,Mon May 17 13:45:16 +0000 2021,@makneta Will continue datascience python and blockchain courses. Will increase workout intensity (hopefully). Making some vacation plans 😊 for end of June!! Which perfectly fits my #66daysofdata challenge.,0,3
1394286480026062851,2352929006,akira_rafhael,Mon May 17 13:39:36 +0000 2021,"Day 31 : Having a hard time to grasp SHAP Values
#66DaysOfData",0,11
1394277533638533120,1347561005329514498,sydteo,Mon May 17 13:04:03 +0000 2021,"Finally starting @KenJee_DS #66daysofdata 
Day 1
Started by learning the techniques of developing data-driven story.

I explored linear and logistic regression. I then worked on Kaggle’s restaurant revenue prediction dataset!

Here’s to learning and keeping myself accountable 💪",0,22
1394215678400372738,1059200207756423170,Aamna__Suhail01,Mon May 17 08:58:15 +0000 2021,"#66daysofdata 
Day 26  with @KenJee_DS

not consistent for a month 😔
I'll try to be consistent from today onwards. 

@Krishnaik06 
Feature Engineering Playlist Vid1,Vid2.
@AnalyticsVidhya 
article on Outliers",0,15
1394198969832542209,1266599735881687040,ChinWuChen1,Mon May 17 07:51:52 +0000 2021,D43 #66daysofdata - keeping moving with join practice.,0,9
1394178793141510144,1363855621628465153,korasaju_a,Mon May 17 06:31:41 +0000 2021,"Day 64 of #66DaysofData with @KenJee_DS 

•Finished Statistics for Data Science with Python class by IBM today.

Also earned Data Science Fundamentals with Python and SQL Specialization Certificate from IBM and Coursera. 

Last 2 days will be about my learnings and realizations.",0,12
1394175941476327424,271648123,MisterBroma,Mon May 17 06:20:21 +0000 2021,"Day 0️⃣1️⃣-0️⃣2️⃣ of #100DaysOfCode
1st and 2nd day with the python course of @yu_angela on @udemy 😊
Let's go on data road
#66daysofdata @KenJee_DS @TinaHuang
#LearnToCode #DataScience #codingbasics #Python",12,18
1394175373902958594,1058366132883603456,ShubhangiChatu8,Mon May 17 06:18:06 +0000 2021,@SwatiBansal4 What's #66daysofdata challenge?,0,3
1394150132405440516,397272525,shatandv,Mon May 17 04:37:48 +0000 2021,"Day 132 of #66DaysOfData:
- Did some tutoring on statistics and probability,
- Completed Part 14 of @python_engineer's PyTorch tutorial,
- Watched tutorials on and practiced SVD. Gonna be diving into Recommendation systems soon!",0,20
1394131649474990081,1179254091521941508,jasonvero,Mon May 17 03:24:21 +0000 2021,"Day 15 - of #66DaysOfData

Today I learned how to use PIP to install #Python modules through the command prompt.

Issues faced:
- cmd could not recognize PIP through the PATH variable (resolved)
- The module cannot be found in PyCharm to import (still outstanding)

#DataScience",4,16
1394130825449459716,25925939,Dataenergy_DS,Mon May 17 03:21:05 +0000 2021,"Day 9️⃣ of #66daysofdata:

- Learning about Gradient Descent in DataCamp's 'Introduction to #DeepLearning'.
- Working on portfolio website using #python and #Flask.

#datascience #machinelearning",4,10
1394125452248223745,2238460753,KennethB23,Mon May 17 02:59:44 +0000 2021,"#66daysofdata day 2 in the books!
#SQL intro to data types and writing queries to create databases and tables in MySQL Workbench.
Also worked through some more #python practice problems from Hello, Python intro course on Kaggle",3,6
1394124358872977409,722533518,nelotsak,Mon May 17 02:55:23 +0000 2021,"Model versioning and its perks (Stability , streamlined processes and reproducibility) by Clayton Davis
 
#66daysofdata

https://t.co/iiSbxd48I5",0,4
1394119863581519872,1389606414474227715,Nobre_Lucas18,Mon May 17 02:37:31 +0000 2021,"Day 13 of #66daysofdata

Today I worked very hard to get some data for my small project using web scraping and it was much more difficult than I imagined. With that, I ended up studying a little bit about JSON files too",0,13
1394107609402134529,1267805283511750660,Binal_BP,Mon May 17 01:48:50 +0000 2021,"Day 19-20: #66DaysOfData

Completed week 1 of Ask questions to make Data-Driven Decisions. 

▪️There are 6 phases that will help you make seamless decisions: Ask, Prepare, Process, Analyse, Share, and Act. 
▪️Effective questions follow the SMART methodology.",0,12
1394102850066714624,1389723445664096256,chelsfitzpat,Mon May 17 01:29:55 +0000 2021,"D6 of #66daysofdata 

Spent my day with @mike_dane YouTube series on #sql to try to understand my assignment better. And of course some colour coded relationships https://t.co/7OfsNFjNe6",0,11
1394086770522955777,734167027997347842,_liamconnors,Mon May 17 00:26:01 +0000 2021,"Day 3 of #66daysofdata - today I worked with API response content in XML, using xmltodict to parse it. Nice to work with and the docs very good for getting started with it.",0,10
1394077705994391556,186120957,Saoussenlabidi,Sun May 16 23:50:00 +0000 2021,"Day 3 of #66DaysofData :
- Mostly watched my Udemy course + done the first set of exercises that come with it 
Honestly I've learned new things in Python like lambda, filter, dictionaries manipulation and other stuff that will be used later in pandas",1,11
1394035095296782345,1324652185964204033,meyke9976,Sun May 16 21:00:41 +0000 2021,"Day 127 of #66daysofdata by @KenJee_DS 
continued with the #8weeksSQLChallenge and also worked some on my new product dataset. Have to decide how to deal with the highly imbalanced data... to be continued!",0,19
1394032995888205827,929998650,KehalHoussem,Sun May 16 20:52:20 +0000 2021,"Day 1⃣3⃣:

Not that productive day 😔, still I've revised the concept of analysis of variance (ANOVA) from this article.

https://t.co/nWFrs4aHXl

#66daysofdata #DataScience #MachineLearning",1,6
