tweet_id,user_id,user_name,created_at,full_text,retweets,favorite
1398683986558296067,1329313525974532097,AyubRasool14,Sat May 29 16:53:43 +0000 2021,Day 49/66: learned about Gradient boost and Adaboost. I am still slightly confused. Shall learn more about it tmr. #66daysofdata,0,0
1398679953835692033,1607658019,_koredehassan,Sat May 29 16:37:41 +0000 2021,"Day 6 of #66daysofdata

Pretty light day of learning

I started @Jobbermandotcom ' s soft skills course and covered some modules in @kaggle 's ""Intro to Machine Learning"" microcourse",1,0
1398666297001472004,1347561005329514498,sydteo,Sat May 29 15:43:25 +0000 2021,"Day 12 of #66daysofdata 
I finished watching a 3 hour MySQL tutorial for beginners by @moshhamedani which was really helpful!",0,6
1398658389194932227,2352929006,akira_rafhael,Sat May 29 15:12:00 +0000 2021,"Day 43 : Looked into Pedro Marcelino's notebook on data exploration on Kaggle
#66DaysOfData
https://t.co/amsoC1dLL2",0,4
1398623091215974404,71251893,MirceaMesesan,Sat May 29 12:51:44 +0000 2021,Day 26 of #66DaysOfData. Discovered a great article/tutorial on matplotlib. I think data without visualization is weak. https://t.co/puAiSzkmZS,1,1
1398596478264877058,734167027997347842,_liamconnors,Sat May 29 11:05:59 +0000 2021,Day 15 of #66daysofdata - read some articles and watched some videos about NumPy. Finished the article I was working on and put the Notebook on GitHub,1,5
1398596271099703303,1276070101196795904,thinam_,Sat May 29 11:05:10 +0000 2021,"💻 Text Convolutional Neural Network Model

📔 In case you want to see the Notebook with proper documentation is here : https://t.co/J9A4pCBL4x

#MachineLearning #DeepLearning #66daysofdata https://t.co/S4Wm9SE3uf",1,3
1398578857976991744,1649054340,a_escontrela,Sat May 29 09:55:58 +0000 2021,"Day 54 &amp; 55 #66daysofdata more SQL, practicing some queries, cte and window functions and watching another portfolio project video of Alex the Analyst",0,4
1398553232142651394,602408175,golubovalex,Sat May 29 08:14:09 +0000 2021,"Day 38 &amp; 39 of #66daysofdata: started the 3-rd course of the Google Data Analytics professional certificate program, worked on the Full Joins in #SQL course on #DataCamp, practiced SQL and #Python basics also on DataCamp.",0,6
1398549511207858176,397272525,shatandv,Sat May 29 07:59:21 +0000 2021,"Day 144 of #66DaysOfData:
- Played around with geotiles, wrote a script to upscale them,
- Read a bit about using pre-trained CNNs for transfer learning,
- Started learning Ansible.",0,8
1398526738011881473,1329313525974532097,AyubRasool14,Sat May 29 06:28:52 +0000 2021,Day 48/66: applied Random forest on the kaggle Stroke data. Planning to look into other ML techniques to get better accuracy. #66daysofdata,0,6
1398489196336123908,2238460753,KennethB23,Sat May 29 03:59:41 +0000 2021,"Day 14 of #66daysofdata in the books!
Got some practice writing select distinct, order by, group by and alias query exercises",0,1
1398476414341496832,2384674350,WoleAdewumi,Sat May 29 03:08:54 +0000 2021,D12: Spent the most part trying to fix bugs in my code #66daysofdata https://t.co/CCk2iWePTt,0,2
1398473318789963776,1389606414474227715,Nobre_Lucas18,Sat May 29 02:56:36 +0000 2021,"#66daysofdata, Day 5:

Today I did some exercises on Creating, Reading and Writing pandas DataFrames and Series.",0,3
1398458247099555840,1369840035726581766,DustinVo10,Sat May 29 01:56:42 +0000 2021,"Day 6 #66daysofdata 05/28/2021
Play around with pygame lib, open, read, write a file on python.
TMR plan: matplotlib and visualization.",1,6
1398455769738194945,2149586883,vperez2000,Sat May 29 01:46:52 +0000 2021,"#66daysofdata #R3 #Day34 by @KenJee_DS
@DataCamp DS track

On decorrelating data &amp; dimension reduction➡️PCA, one of my favorite topics!
I struggled a lot to understand it months ago, I think that is the reason I like it 😅
Happy weekend everyone ☀️ https://t.co/NBsSFFiPXk",0,8
1398453027967750149,1393682765938413568,yousefi_ds,Sat May 29 01:35:58 +0000 2021,"Day 32:
Worked on my project and made some progress but it still needs a lotta work...
#66daysofdata",0,11
1398450959362134022,1137782574036635649,thedataprof,Sat May 29 01:27:45 +0000 2021,"Hi friends, do you want a portfolio website for your #datascience projects? I’ve just published in @TDataScience How to Build a Simple Portfolio Website for FREE https://t.co/g6Qcv6rZr3
#66daysofdata #100daysofcode #dataanalyst #dataanalysts #datascientist #datascientists",7,12
1398433746248998912,969343076442542081,JaimeAAvendano,Sat May 29 00:19:21 +0000 2021,"Day 9 - R2 of #66DaysofData 

Definitely appreciated the timing of @KenJee_DS's new video. Just starting a job hunt, and the impostor syndrome is real.",0,8
1398431984825868289,1392958037497892871,AntoneEvansJr,Sat May 29 00:12:21 +0000 2021,"#Day20 of #66DaysOfData by 
@KenJee_DS 
- Created readme
- PDF to Text extractor 
- Handled text manually entered
- Cleaned and tokenized text
- Added a check for syllable count as my list of words weren't enough
- Pushed to Git /antoneev/66DaysOfData/tree/main/articleAssistance",0,10
1398416526735257600,1179254091521941508,jasonvero,Fri May 28 23:10:55 +0000 2021,"Day 27 - of #66DaysOfData

Happy Friday! Today, I dug deeper into underfitting and overfitting and how these concepts could spell disaster when training a model. Utilizing MAE and fine-tuning the number of leaves in the decision tree can lead to a more optimized model, in theory.",0,10
1398411186551541766,929998650,KehalHoussem,Fri May 28 22:49:42 +0000 2021,"Day 2⃣0⃣:

Learned some tips and tricks from Winning a Kaggle Competition in Python in @DataCamp.

Still, the last chapter of Modeling may be I'll complete it tomorrow 🤫.

#66daysofdata #MachineLearning #DataScience https://t.co/mFuqp43ZM2",1,9
1398388668029542400,793192051588210688,kartikeyzm,Fri May 28 21:20:13 +0000 2021,"#66daysofdata Very happy on day 2:

Just earned the Gold Badge for Python on HackerRank! https://t.co/hmLiZfMHYB",0,7
1398387537693925376,4422261493,inder1996singh,Fri May 28 21:15:44 +0000 2021,"Day 18 of #66daysofdata :
- read c# for college quiz
- explored google cloud platform(set a hadoop cluster)
- explored cloudera vm
- read about linux commands",0,8
1398348830660173827,1266599735881687040,ChinWuChen1,Fri May 28 18:41:55 +0000 2021,"D48 #66daysofdata - read an article by @thedataprof on how to learn data science, so resourceful and informative that helps me rethink about how to improve my way of learning.",1,12
1398338728419074048,1352186511433805824,balalaikagrunge,Fri May 28 18:01:47 +0000 2021,"Day 22 #66daysofdata
Finally got hyperparameter tuning to work with Optuna (thanks to @shatandv for the suggestion). I could bot be happier. My suffering is over! https://t.co/udoxxBfbQf",0,7
1398336910196629515,1607658019,_koredehassan,Fri May 28 17:54:33 +0000 2021,"Day 5 of #66daysofdata 

I continued to sharpen my intuition for Exploratory Data Analysis by exploring some more data analysis and feature extraction kernels using the popular Titanic dataset.

I'm beginning to get creative with data, test my hunches and listen more to my guts.",0,6
1398336434898079748,1356609984163889154,jo_grammer,Fri May 28 17:52:40 +0000 2021,"Day 11 R2 #66daysofdata 

Light day today

DS Boocamp from 365 datascience &gt; Python conditional Statements + operators

100dayofcode &gt; Screen setup for the Snake game + snake body + animating the snake segments on screen

Looking forward to finishing this",0,15
1398330286006407171,2562318241,NeemaMV,Fri May 28 17:28:14 +0000 2021,"Day 66 of #66daysofdata
Day 90 of #100daysofdata #DataScience
Finally completed the second round of 66 days of data by finishing up prophet model forecasting and weight optimization algo. Improved the accuracy. However my learning doesn't end here. Will soon start 3rd round!",2,21
1398316374355636224,1347561005329514498,sydteo,Fri May 28 16:32:57 +0000 2021,Day 11 of #66daysofdata                         Was pretty busy today but managed to set aside time to set up MySQL on my PC and learnt the difference between WHERE vs HAVING 🤘TGIF 🤘,0,16
1398287185137192965,2352929006,akira_rafhael,Fri May 28 14:36:58 +0000 2021,"Day 42 : Completed Data Visualization micro-course on @kaggle. Did a lot of data visualization this week. I hope I could apply what I learned so far on Heart Attack Analysis &amp; Prediction dataset
#66DaysOfData",0,8
1398286250327478272,406512519,rohan_kumawat,Fri May 28 14:33:15 +0000 2021,"Day 7 of #66daysofdata 

Today I learned about TF-IDF, Word2Vec. 
Looked at some projects: 
1. Email Spam Classifier📧.
2. Stock Prediction using News Headlines🌈.

The upcoming days I'll write either an article or a thread on what I learned till now.🌈👾",0,3
1398277693452394497,19448058,paulapivat,Fri May 28 13:59:15 +0000 2021,"R and Python are great.

But don't sleep on SQL. 

#66daysofdata",0,6
1398263577321091073,1361227694889967616,dataQueen_pend,Fri May 28 13:03:09 +0000 2021,"D 32-34 R 2 of #66daysofdata were rest days for me. So much work overload I had recently, that my mind and body really needs a chill.

I'll see if I'll have some energy for todays - d 35 of #66daysofdata - learning..
And if not I'll enjoy my free time without any second thought https://t.co/hfzsNgNe6j",1,19
1398252217207975941,444522096,BristowColin,Fri May 28 12:18:01 +0000 2021,Scientists recognize intruders in noise #ArtificialIntelligence #AI #DataScience #100DaysOfCode #Python #MachineLearning #BigData #DeepLearning #NLP #Robots #IoT #RPA #futureofwork #Serverless #Linux #CuriosityForever #66daysofdata https://t.co/bOwPevDxuY,13,4
1398250318505381891,1324652185964204033,meyke9976,Fri May 28 12:10:28 +0000 2021,"Day 137 of #66daysofdata by @KenJee_DS 
As I mentioned yesterday morning, I watched the WiDS talk (mostly). Unfortunately, there was no time to do anything more.",0,19
1398236866223120387,444522096,BristowColin,Fri May 28 11:17:01 +0000 2021,The running median as a time series smoother #ArtificialIntelligence #AI #DataScience #100DaysOfCode #Python #MachineLearning #BigData #DeepLearning #NLP #Robots #IoT #RPA #futureofwork #Serverless #Linux #CuriosityForever #66daysofdata https://t.co/8eblhgCg5I,6,5
1398226690019663874,32453704,anyachocolat,Fri May 28 10:36:35 +0000 2021,"Day 50 of #66DaysOfData:
- still working on the assignment for the pandas module",0,14
1398193398092230657,1276070101196795904,thinam_,Fri May 28 08:24:17 +0000 2021,"💻Bidirectional Recurrent Neural Networks:

📔 In case you want to see the Notebook with proper documentation is here: https://t.co/z4x1wVVjwV

#MachineLearning #DeepLearning #66daysofdata https://t.co/UPCtejUiz1",0,12
1398165682987192327,1352900033608351744,mr_osna,Fri May 28 06:34:10 +0000 2021,Day 8-12: Worked on the bot and did more research into how they work. Was also looking for a reliable api provider for sports data. #66daysofdata,0,2
1398153314525757443,397272525,shatandv,Fri May 28 05:45:01 +0000 2021,"Day 143 of #66DaysOfData:
- Did a bunch of data cleaning with Python and SQL,
- Solved some theoretical questions on confidence intervals, hypothesis testing in A/B testing.",0,21
1398127000389312513,2238460753,KennethB23,Fri May 28 04:00:27 +0000 2021,"Just completed day 13 of #66daysofdata 
Slowly but surely working through SQL select statements. Worked on some more comparison operators exercises.",0,8
1398123196415561730,1265391915278626817,MaeTafoya,Fri May 28 03:45:20 +0000 2021,"Day 9 of #66daysofdata 

Anyone struggling to understand normal distribution, area under the curve or z scores/values?

Watch this @YouTube video provided by The Organic Chemistry Tutor.

https://t.co/eZIyqfThp5

50 minutes long, but definitely worth it!!",0,2
1398115980392296450,1369840035726581766,DustinVo10,Fri May 28 03:16:40 +0000 2021,"Day 5 #66daysofdata 05/27/2021
Complete one course on Coursera Data Foundation by Google. It is very basic. I learn the phase and life cycle of data analysis and know how to apply it to the biz in a very basic way.",0,7
1398105978948755457,2149586883,vperez2000,Fri May 28 02:36:55 +0000 2021,"#66daysofdata #R3 #Day33 by @KenJee_DS
No DataCamp DS track 😥

But I watched a great video from @joshuastarmer 
The puzzle is always good to picture how the pieces together help to see more clearly what is expected!
#BeCurious #BeCurious #BeCurious

https://t.co/MO6tPOFKA9",0,10
1398096862532546560,2384674350,WoleAdewumi,Fri May 28 02:00:42 +0000 2021,D11: Worked at gradually replacing for loops with Python built-in methods to improve code efficiency in my projects #66daysofdata,0,10
1398093652153536515,734167027997347842,_liamconnors,Fri May 28 01:47:56 +0000 2021,"Day 14 of #66daysofdata - today was more data analysis with pandas, exploring groupbys, filtering and pivot tables in more detail. Also got started on an article documenting what I was working on these last days. Hope to finish it tomorrow",0,12
1398088275286429704,1392958037497892871,AntoneEvansJr,Fri May 28 01:26:34 +0000 2021,"#Day19 of #66DaysOfData by @KenJee_DS
Today was spent cleaning and loading data to the DB. With a little excel and sqlite3 magic the task is done. 

I also read articles and watched videos on build recommendation systems. If anyone as any experience with this, I’d love to chat.",0,16
1398079094441615360,969343076442542081,JaimeAAvendano,Fri May 28 00:50:05 +0000 2021,"Day 7/8 - R2 of #66DaysofData 

Diving a bit more into Tableau. The Google course did a quick intro to it, but I haven't done much more with it since then.",0,15
1398069999907057673,1291243974611668992,pristdata,Fri May 28 00:13:57 +0000 2021,"Day 64 of #66daysofdata:
Been really busy so I stopped posting for a few days but oh well, I'm almost finished with this round 🙌. I spent some time reading the following book which I really recommend. Besides ML, it helped me reach more Python mastery. https://t.co/Syh4L2jXFs",0,24
1398057739948118017,71251893,MirceaMesesan,Thu May 27 23:25:14 +0000 2021,Day 25 of #66DaysOfData. Exploring properties of line2D while using the matplotlib. Read a really nice article about what are most spoken languages in the world. Have a look https://t.co/LPvToDWl8m .  . .  .,0,5
1398041096308113410,929998650,KehalHoussem,Thu May 27 22:19:06 +0000 2021,"Day 1⃣8⃣-1⃣9⃣:

Time to get our hands dirty, I'm practicing on a dataset of the iX Mobile Banking Prediction Challenge on Zindi.
it's all about building a model to predict if individuals use mobile or internet banking.

#66daysofdata #MachineLearning #DataScience",5,9
1398037234020986887,1389606414474227715,Nobre_Lucas18,Thu May 27 22:03:45 +0000 2021,"#66daysofdata, day 4:

I watched some videos with tips for choosing projects to work on and started to read superficially about Explolatory Data Analysis.",0,11
1398036927987781639,1179254091521941508,jasonvero,Thu May 27 22:02:32 +0000 2021,"Day 26 - of #66DaysOfData

Pretty low energy this afternoon, but managed to begin review of underfitting and overfitting concepts.

I am also reviewing a job position in my organization with Data Science descriptive roles and responsibilities. 

#MachineLearning #DataScience",1,14
1398026726169464836,793192051588210688,kartikeyzm,Thu May 27 21:22:00 +0000 2021,"#66daysofdata, Day 1: Concepts learned- lambda, reduce,filter,map. Used to scare me these words.",0,12
1398026105752330245,345564461,tolz_kay,Thu May 27 21:19:32 +0000 2021,"Day 66 of #66DaysOfData (34) by @KenJee_DS

Completed my SQL course on Udemy. Wheww!",0,8
1398025190022385666,901324520346091520,Sanskar1531,Thu May 27 21:15:54 +0000 2021,"day 31 of #66daysofdata
looked into optimisation (linear programming) today. Will start with simplex tomorrow.",0,10
1398011542587674625,1266599735881687040,ChinWuChen1,Thu May 27 20:21:40 +0000 2021,D47 #66daysofdata - watched a video by Tina Huang on mock sql interview- very useful to learn how a real interview looks like!,0,9
1397999675005837312,4422261493,inder1996singh,Thu May 27 19:34:30 +0000 2021,"Day 15,16 of #66daysofdata :

- worked on a kaggle dataset of FRIENDS which consisted of script and ratings(238 episode) but couldn’t do any useful analysis so scraped it.

Day 17-

- read about hadoop.",0,10
1397983117667823616,793192051588210688,kartikeyzm,Thu May 27 18:28:43 +0000 2021,Starting my #66DaysOfData today.,0,7
1397979230823124994,1393682765938413568,yousefi_ds,Thu May 27 18:13:16 +0000 2021,"Day 31:
Python, Python and Python...
#66daysofdata 
PS: sorry for the poorly made meme😅😂 https://t.co/73oDmZTz4z",1,13
1397972751420329987,406512519,rohan_kumawat,Thu May 27 17:47:31 +0000 2021,"Day 6 of #66daysofdata 
Done for the day♥️.
Couldn't do much coz of exams😕.
I learned about Tokenizer, Stemming, Stop Words, Lemmatization, and Bag of Words🌈♥️.
Tomorrow I'm looking forward to learn about TF-IDF, word2vec and apply all of these🌈💙.",0,5
1397971764567756807,360668611,daniellabrito26,Thu May 27 17:43:36 +0000 2021,"Day 42 - 
Found a new source to practice sql queries called strata scratch . Continued working on feed forward network understanding . Will start with joins tomorrow . #66daysofdata",0,20
1397967974624116738,1607658019,_koredehassan,Thu May 27 17:28:32 +0000 2021,"Day 4 of #66daysofdata 

I read the first chapter of ""Practical Statistics for Data Scientists"" and explored some @kaggle notebooks on data exploration.

I came to the realization that data begins to say something when you peruse it well enough. https://t.co/uDbVoBrDB4",0,7
1397967405276708867,1352186511433805824,balalaikagrunge,Thu May 27 17:26:17 +0000 2021,"Day 21 of #66daysofdata
Spent all day trying to find a work around to random search in sklearn giving nonsensical results when passing a list of dicts as params. I have finally given up and accepted I'll have to tune my parameters in a different way.",0,16
1397955876623949838,1356609984163889154,jo_grammer,Thu May 27 16:40:28 +0000 2021,"Day 10, R2 of #66daysofdata 
 
DS Bootcamp 
✅Hypothesis testing
✅Introduction to Python
✅Variables and Data Types
ML on Kaggle w/ the Melbourne Housing Dataset + Model Evaluation
✅ Sklearn user guide
Python coding Practice on Animation &amp; Coordinates

https://t.co/058Xs1zlSk",1,15
1397938846319333377,1347561005329514498,sydteo,Thu May 27 15:32:48 +0000 2021,"Day 11 of #66daysofdata 
I’m finally done w my mini project on heart disease prediction using Kaggle dataset and learnt a lot on supervised learning methods through practice. Will be looking into a new project. I’m loving this data community! it really keeps me motivated 🥰",0,21
1397926777238953997,94308247,poetratron,Thu May 27 14:44:50 +0000 2021,"Day 18 of #66daysofdata 

Learn tableau with narasio data",0,13
1397924486331047945,1137782574036635649,thedataprof,Thu May 27 14:35:44 +0000 2021,"Hi friends, I just published a @streamlit tutorial in @TDataScience How to Build a Machine Learning App https://t.co/uftEi4ebY4

#machinelearning #app #datascience #66daysofdata #data #streamlit #AI #datascientist",6,41
1397921045642825739,1290875558453293057,sanyacodes,Thu May 27 14:22:04 +0000 2021,"day 6-7 • #66daysofdata #100DaysOfCode 

- got assigned my first project @ work! ill be automating a data workflow within the org’s CRM
- starting to learn @Zoho scripting language ‘Deluge’ and brainstorming what my first steps should be",6,20
1397918344376852491,2352929006,akira_rafhael,Thu May 27 14:11:20 +0000 2021,"Day 40 &amp; 41 : Still playing around with matplotlib
#66DaysOfData",0,12
1397889830575501313,444522096,BristowColin,Thu May 27 12:18:01 +0000 2021,Make Your Own Nut Butter #ArtificialIntelligence #AI #DataScience #100DaysOfCode #Python #MachineLearning #BigData #DeepLearning #NLP #Robots #IoT #RPA #futureofwork #Serverless #Linux #CuriosityForever #66daysofdata #saslife https://t.co/F04EiqCLes,14,10
1397877389716332546,1008234306609741824,ShenghongZhong,Thu May 27 11:28:35 +0000 2021,"Yesterday, I had a discussion with @aakashns  about datasets for our EDA project. 

Here is a thread about my selection for the top 10 open datasets. 

You can have a look and get some ideas to do your own research.

#datascience #EDA #data #66daysofdata #100DaysOfCode",4,4
1397791656468959233,602408175,golubovalex,Thu May 27 05:47:55 +0000 2021,"Day 37 of #66daysofdata: worked on the Left and Right Joins in #SQL course on #DataCamp, practiced SQL and #Python basics also on DataCamp.",1,17
1397782027244433412,1324652185964204033,meyke9976,Thu May 27 05:09:39 +0000 2021,"Day 136 of #66daysofdata by @KenJee_DS 
I continued with the MS learn modules for DP-100... time has been scarce lately. But I think later today, I will make time to attend a #WiDS event: https://t.co/tLzUrjbcy1

Looking forward to it! Have a great day everyone!",0,15
1397776296046907396,397272525,shatandv,Thu May 27 04:46:53 +0000 2021,"Day 142 of #66DaysOfData:
- Finished my homework and data analysis while using Sklearn Pipelines! Had a ton of problems figuring out how to connect them with SHAP explainers, but it worked out in the end.
- Started a discussion group with some DS and Big Data Analytics students.",0,18
1397770936212885504,1265391915278626817,MaeTafoya,Thu May 27 04:25:35 +0000 2021,"Days 6-8 of #66daysofdata 

It’s been a busy week. 

I finished reading ‘Practical Statistics for Data Scientists’ &amp; watched StatQuest’s #YouTube playlist on linear models.",0,5
1397764395774664707,2238460753,KennethB23,Thu May 27 03:59:35 +0000 2021,"#66daysofdata day 12:
SQL fundamentals for digital marketing and web analytics tutorial.",0,0
1397759736934764544,168046022,ribhunirek,Thu May 27 03:41:05 +0000 2021,"Day 32 of #66DaysOfData:
- got an Associate Machine Learning position :)",1,47
1397748723736797184,1392958037497892871,AntoneEvansJr,Thu May 27 02:57:19 +0000 2021,"#Day18 of #66DaysOfData by @KenJee_DS

I spent the day conducting data gathering of all words individuals should know by the 8th grade. A bit of a tedious process but I believe I have enough words to get started on a next step.",0,12
1397747238236049408,25925939,Dataenergy_DS,Thu May 27 02:51:25 +0000 2021,"Day 21 of #66daysofdata:

 Completed @DataCamp's 'Introduction to Power BI' course. Definitely years ahead of the Excel + PowerPoint combination we  relied upon in the past.",0,5
1397738874466705414,1179254091521941508,jasonvero,Thu May 27 02:18:11 +0000 2021,"Day 25 - of #66DaysOfData

Today, I finished up lessons on model validation. As I think through my first personal project, I will be utilizing this principle to ensure more accurate model predictions.

I'm also thinking of realistic ways to apply this to my current organization.",0,21
1397737120551297026,734167027997347842,_liamconnors,Thu May 27 02:11:12 +0000 2021,Day 13 of #66daysofdata - expanded on the code I wrote to get data about my chess games history into a dataframe. Learned more about pandas and NumPy today by consulting the docs,0,14
1397730747709001731,2149586883,vperez2000,Thu May 27 01:45:53 +0000 2021,"#66daysofdata #R3 #Day32 by @KenJee_DS
@DataCamp DS track

A crazy week behind, no chance to post! 
But here I am, moving forward little by little 😥
I just finished Visualization with hierarchical clustering and t-SNE module for Unsupervised Learning
#MoreActivities #LessTime⏳",0,14
1397715753869230081,1389606414474227715,Nobre_Lucas18,Thu May 27 00:46:18 +0000 2021,"#66daysofdata, day 3:

Today I didn't have much motivation, so I just tried to apply what I learned yesterday on my personal project and looked at some other projects on Kaggle.",0,13
1397714403835801600,1283489158258819072,hhotkey,Thu May 27 00:40:56 +0000 2021,"Day 2️⃣7️⃣ of #66daysofdata #100DaysOfCode 

I just earned a Certificate on @edXOnline! Check it out:  https://t.co/uLGNSbalV8",7,10
1397706723440398347,2384674350,WoleAdewumi,Thu May 27 00:10:25 +0000 2021,D10: Learnt about cross features and how they help to improve a models predictive potential #66daysofdata,0,10
1397692343483043843,71251893,MirceaMesesan,Wed May 26 23:13:17 +0000 2021,Day 24 of #66DaysOfData. Learning visualization with matplotlib.pyplot as plt.,0,9
1397686644040368131,383468083,myriellife,Wed May 26 22:50:38 +0000 2021,"The Doe Fund Announces the Passing of Founder and Longtime President, George McDonald | The Doe Fund Blog #2TheMoon #DoOnlyGoodEveryday #66daysofdata #accountability #AI4good #animecommissions https://t.co/NYxdjKefnX",0,4
1397680768315502596,32453704,anyachocolat,Wed May 26 22:27:17 +0000 2021,"Day 49 of #66DaysOfData:
- worked on my submission for the pandas module",0,18
1397673115279298562,1393682765938413568,yousefi_ds,Wed May 26 21:56:52 +0000 2021,"Day 30:
Worked on my Python more...
#66daysofdata",0,12
1397662927524671488,1108597836755755009,maisdev,Wed May 26 21:16:23 +0000 2021,"Early morning, watched udemy #datascience videos and at night worked on #Python project. Drew UML class and general flow diagrams. Not a single line of code yet. But now have a better idea of what to code. updated Q2 plan and scratched little on Q3 plan. #66daysofdata",1,8
1397649225090015236,1649054340,a_escontrela,Wed May 26 20:21:56 +0000 2021,"Day 53 of  #66daysofdata reviewing data model for ETL project to move it to an AWS cluster and watched this video, he makes a good point, trying to avoid the tutorial trap  https://t.co/o6lBQigcDH via @YouTube",0,14
1397631392058593284,1352186511433805824,balalaikagrunge,Wed May 26 19:11:05 +0000 2021,"Day 20 of #66daysofdata
Tried making my own random search with grid search as I can't pass a list of dicts as params to RandomizedSearchCV. Gave up and tried to figure out (again) why hyperopt was returning such low scores. Did not manage to do that, but gave myself a headache 🎉",0,14
1397623587247321088,1059200207756423170,Aamna__Suhail01,Wed May 26 18:40:04 +0000 2021,"#66daysofdata 
Day 29  with @KenJee_DS
Vid 4, Vid 5 of Feature Engineering @Krishnaik06

Revising Pandas",0,10
1397622603158749186,901324520346091520,Sanskar1531,Wed May 26 18:36:09 +0000 2021,"day 30 of #66daysofdata
Practiced some more survival analysis for tomorrow's paper😔 https://t.co/Hp9DdRM8Yp",0,12
1397618652472508416,1378669526108098561,speedstar0224,Wed May 26 18:20:27 +0000 2021,"Day 65 of #66daysofdata #DataScience
#100DaysOfCode",5,9
1397614903930748929,2562318241,NeemaMV,Wed May 26 18:05:34 +0000 2021,"Day 65 of #66daysofdata #DataScience
#100DaysOfCode
Starting with prophet model for timeseries forecasting. Also, working on an algorithm for weights for model accuracy.
Predicting the model for May month.",4,15
1397599581353832448,406512519,rohan_kumawat,Wed May 26 17:04:40 +0000 2021,"Day 5 of #66daysofdata 
I learned deeply about Attention and Self-Attention Models. I have started using HuggingFace library now and getting a hang of it now.❤️🌈",0,6
1397595462933393415,1607658019,_koredehassan,Wed May 26 16:48:19 +0000 2021,"Day 3 of #66daysofdata 

I read through chapters 1 and 2 of the ""Hands on Machine Learning with Scikit-Learn and Tensorflow"" book, where I got a glimpse of an end-to-end machine learning project.

I also explored a data exploration kernel on @kaggle: https://t.co/p46LwEdfgF https://t.co/z7mbfImmq2",2,7
1397589182588010502,1356609984163889154,jo_grammer,Wed May 26 16:23:21 +0000 2021,"Day 9, R2 f #66daysofdata 

ML w/ Python on Cognitive Labs + Kaggle + scikit-learn user guide +
Regression Algorithms +
Model Evaluation 
Then: 
EDA on California Housing dataset + predicting housing prices w/ DecisionTreeRegressor

🧐👇 ML in real-estate

https://t.co/PVir9zqoMW",0,11
1397579140618887171,1369840035726581766,DustinVo10,Wed May 26 15:43:27 +0000 2021,"Day 4 #66daysofdata 05/26/2021
Learn basic Git and Github
cd, add, commit, reset head~#, branch, merge, git remote add origin, push, clone",0,7
1397576257739526155,1347561005329514498,sydteo,Wed May 26 15:32:00 +0000 2021,"Day 10 of #66daysofdata 
Did some reading on anomaly detection and clustering from Hands on Unsupervised Learning. Hope to tidy up the heart disease prediction project and get it done by tmr. Feel kinda stuck what should i look into next? 😵‍💫🤔",0,23
1397574676654673920,360668611,daniellabrito26,Wed May 26 15:25:43 +0000 2021,"Day 41 - 
🔹Worked on creating dashboard and story telling part case study . Practiced sql -relational database and tables 
🔹Continued reading about neural networks .  
#66daysofdata",0,20
1397567667674963975,232069724,rahul40patel,Wed May 26 14:57:52 +0000 2021,"Day 7 of #66DaysOfData

First Week of Data Wrangling, Analysis and AB Testing with SQL. 
Flexible data formats

@KenJee_DS",0,15
1397544304084725767,602408175,golubovalex,Wed May 26 13:25:01 +0000 2021,"Days 32, 33, 34, 35 and 36 of #66daysofdata: worked on the Joining Data in #SQL course on #DataCamp, practiced SQL and #Python basics also on DataCamp. I also took a #Data_Journalism course for the #DW employees on days 31 and 32. Cant't wait to start implementing the new skills.",1,12
1397542164649836546,1137782574036635649,thedataprof,Wed May 26 13:16:31 +0000 2021,"Hi friends, double combo today, I just published another blog on @Medium ""How to install conda on Google Colab"" https://t.co/f1hX00FN1Z 
#66daysofdata #colab #conda #Python #datascience https://t.co/TGCMn54MoK",5,12
1397520045744410625,1276070101196795904,thinam_,Wed May 26 11:48:38 +0000 2021,"✅I have presented the implementation of Reading the Dataset, Tokenization and Vocabulary and Padding to Fixed Length.

#MachineLearning #DeepLearning #66daysofdata https://t.co/pt1ZilIkF3",3,7
1397520042959405059,1329313525974532097,AyubRasool14,Wed May 26 11:48:37 +0000 2021,Day 45-47/66: was looking thru the EDA I did and started making changes. Hope to upload it on Kaggle by the end of #66daysofdata,0,9
1397497257948237825,1352186511433805824,balalaikagrunge,Wed May 26 10:18:05 +0000 2021,"Day 19 of #66daysofdata
Tried working on my time series assignment but failed. Really tired, so decided to rest and get an early night. Did read a few chapters of The Art of Statistics. Isn't the graphic design gorgeous? @pelicanbooks https://t.co/CGNH94vLs6",0,19
1397466007329988609,32453704,anyachocolat,Wed May 26 08:13:54 +0000 2021,"Day 48 of #66DaysOfData:
- practiced with pandas: pivot tables, importing and cleaning data, merging, etc.",0,11
1397446427182260225,1384179766551400448,SpaceAxolotl2,Wed May 26 06:56:06 +0000 2021,Day 8 of #66daysofdata Principal component analysis 🤔,0,5
1397416367884619776,1137782574036635649,thedataprof,Wed May 26 04:56:39 +0000 2021,"Hi friends, wonder what Bioinformatics is all about? I just published ""What exactly is Bioinformatics?"" https://t.co/02TmSdRdkw 

👉Subscribe to my new Medium Publication ""Data Professor"" https://t.co/eIIC5iMGMy

#bioinformatics #computationalbiology #66daysofdata #drugdiscovery https://t.co/UZTO6mjpgt",7,16
1397416261039046663,397272525,shatandv,Wed May 26 04:56:14 +0000 2021,"Day 141 of #66DaysOfData:
- Practiced some of Sklearn Pipelines. They don't seem to play nice with the SHAP explainers :(",0,17
1397412971958185986,1108597836755755009,maisdev,Wed May 26 04:43:09 +0000 2021,"As I am hustling on my fav trio, @datascience @python and @blockchain I started to feel the urge to prioritize to a narrower scope for my next #66daysofdata challenge and let things get slower in the summertime. IDK. Maybe I am a little bit tired.",0,4
1397408571969708037,1324652185964204033,meyke9976,Wed May 26 04:25:40 +0000 2021,"Day 135 of #66daysofdata by @KenJee_DS 
Due to a lack of time, I haven't been working on my projects recently... but will try to get back into it from today on. 
I did some python #hackerrank challenges yesterday",0,23
1397407290945245186,1363855621628465153,korasaju_a,Wed May 26 04:20:35 +0000 2021,"How’s everyone taking the #66DaysOfData challenge doing? I hope you are all safe and sound.

I’ve been reviewing Python, Statistics and Probability these past few days while on break, also been answering HackerRank and StrataScratch SQL challenges.

I’ll be back for R2 next week.",0,14
1397392180151558146,25925939,Dataenergy_DS,Wed May 26 03:20:32 +0000 2021,"Day 20 of #66daysofdata:
- Advanced on @DataCamp's ""Introduction to Power BI course"" and read a couple articles on #golang

#DataAnalytics #DataScience #python",3,7
1397388148557111297,2238460753,KennethB23,Wed May 26 03:04:31 +0000 2021,"Just completed #66daysofdata day 11! Learned and practiced writing SQL queries using wildcard characters, between, is null - is not null and comparison operators. 

Looks like I’ll be sticking with SQL for a while before getting back to python.",0,9
1397384130057355264,1179254091521941508,jasonvero,Wed May 26 02:48:33 +0000 2021,"Day 24 - of #66DaysOfData

Using the Active Recall principle has significantly slowed the speed in which I churn through study material. However, I am noticeably retaining much more knowledge after each session. Main topic reviewed today:
- Model Validation

#DataScience #Python",3,12
1397378185390661636,1389723445664096256,chelsfitzpat,Wed May 26 02:24:56 +0000 2021,"D9-14 of #66daysofdata 

Studying SQL and database theory for my midterm today!",0,15
1397377636654014467,2384674350,WoleAdewumi,Wed May 26 02:22:45 +0000 2021,D9: Learnt how to efficiently combine objects in Python #66daysofdata,0,3
1397369917129830400,1392958037497892871,AntoneEvansJr,Wed May 26 01:52:04 +0000 2021,"#Day17 of #66DaysOfData by @KenJee_DS
After speaking to friend, I’ve learned the average American reads at a 8th grade level. However, newspapers are reported to be written at a 9-15 grade level. My next project will display the definition and pronunciation of difficult words.👇🏾",0,10
1397369306900582400,734167027997347842,_liamconnors,Wed May 26 01:49:39 +0000 2021,"Day 12 of #66daysofdata - read a couple of articles on data visualisation with Python. Would love to hear any suggestions for good content, especially books, about data visualisation with Python, or even data visualisation generally",0,10
1397360334973853700,969343076442542081,JaimeAAvendano,Wed May 26 01:14:00 +0000 2021,"Day 5/6 - R2 of #66DaysofData 

Back to TidyTuesday this week. 

And continuing with Spark. This time doing some KMeans for intrinsic dimension analysis. Still wrapping my head around the dimension part.",0,12
1397347991208529926,1706095092,swetagupta110,Wed May 26 00:24:57 +0000 2021,"Day 5: Completed my data cleaning work. (Been busy with college stuff)
Day 6. Revised concepts of SLRM, OLS, t test..etc
#66daysofdata",0,4
1397346341202825216,71251893,MirceaMesesan,Wed May 26 00:18:23 +0000 2021,Day 23 of #66DaysOfData. Working with plotly for building visualizations. Experimenting with some covid-19 datasets.,0,7
1397325003083898884,929998650,KehalHoussem,Tue May 25 22:53:36 +0000 2021,"Day 1⃣7⃣:

Just finished chapter 03 of Tableau Essential Training (2020.1).
m really amazed by the simplicity and all the features provided by Tableau.

#66daysofdata #DataScience #dataviz",1,5
1397310610652598275,1369840035726581766,DustinVo10,Tue May 25 21:56:25 +0000 2021,"Day 3 #66daysofdata 05/25/2021
Do a simple project Stackoverflow survey

Str.contains
Value_counts(normalize = True)
Df.nunique()
Str.split(';', expand=True) to make dataframe
Stack() to convert df to series
Plot(kind=..., figsize)",0,8
1397291948461883395,901324520346091520,Sanskar1531,Tue May 25 20:42:15 +0000 2021,"day 29 of #66daysofdata 
Practiced some SQL queries on @hackerrank followed by couple of videos introduction tensor flow and mlkit by Google.",0,5
1397281850859696132,1290875558453293057,sanyacodes,Tue May 25 20:02:08 +0000 2021,"day 4-5 • #66daysofdata 

- finished the first day of my internship as a data analyst 😁
- familiarized myself with CRM’s and non-relational databases",0,26
1397276565814317056,1649054340,a_escontrela,Tue May 25 19:41:08 +0000 2021,Day 52 of #66daysofdata my very first and simple contribution to #TidyTuesday with a fun dataset about Mario. Visualising the nation of top 10 players and the difference of using shortcut vs not shortcut for each track #RStats https://t.co/JJzlp6mFo3,5,17
1397259164032831494,1389606414474227715,Nobre_Lucas18,Tue May 25 18:31:59 +0000 2021,"#66daysofdata, day2:

I keep taking it lightly. Today I studied Data Types and Missing Values and applied a little bit of everything I’ve learned so far in a college project.",0,10
1397257293796823041,406512519,rohan_kumawat,Tue May 25 18:24:33 +0000 2021,"Day 4 if #66daysofdata 
🌈
Today I studied about Encoders, Decoders, Sequence to Sequence, and RNN.💙
Concepts of transformer are more clear now🧡🌈",0,6
1397248046832947202,1607658019,_koredehassan,Tue May 25 17:47:48 +0000 2021,"Day 2 of #66daysofdata 

Finished the first part of ""automate boring stuffs with python"" book and the python microcourse on @kaggle 

Never had to use the setdefault() method. get() does the trick for me.

Finally, I learned about ljust(), rjust() and the shebang line",1,7
1397244928837701642,731856877139558400,ABYA80,Tue May 25 17:35:25 +0000 2021,"R2: #66daysofdata with @KenJee_DS 

Day 66: I tried working on excel files using python. Everything was possible in VBA, but VBA can be tedious, and hey, we love 🤘Python!

So, I have finished off another round, learned a lot, and will be back soon as learning never stops. https://t.co/w4mTpPMBzD",0,38
1397237030413901830,3041718695,suminohh,Tue May 25 17:04:02 +0000 2021,"📅 Day 14 of #66daysofdata 

- Learned how the three level bayesian model of LDA works
- Still struggling but slowly figuring out the difference between CTM and STM (I found an article that said STM is an extension of CTM but I'll have to do more research to confirm)",0,8
1397230653301739532,781509464977387520,simply_sumanth,Tue May 25 16:38:41 +0000 2021,"#66daysofdata Today, will be restarting the data journey.
Stuff done Till now:
* Hands on ML book(till ch 5)
* Machine learning - @AndrewYNg (week 5).

To do: Hell lotsss!!
Main curiosity: computer vision 
Might make a blog @Medium once every 2 weeks. 
@KenJee_DS",0,13
1397228967065702412,1356609984163889154,jo_grammer,Tue May 25 16:31:59 +0000 2021,"Day 8, R2 of #66daysofdata 
 
Practiced SQL w/ Kaggle Intro course + started to get familiar with google BigQuery by reading trough the How to Guides
https://t.co/cDzZzNKfP8
 
Intro to AI Ethics ✅ + Equality of opportunity in ML
https://t.co/tB6CFClfi6
learnt about model cards",0,12
1397215811455098890,1347561005329514498,sydteo,Tue May 25 15:39:43 +0000 2021,"Day 9 of #66daysofdata 
I tried implementing KNN, Regression, Decision Tree, Random Forest in my project today and it was difficult, will polish them tmr!",0,26
1397193416023347212,1276070101196795904,thinam_,Tue May 25 14:10:43 +0000 2021,"✅ I have presented the implementation of Pretraining BERT Model, Getting Loss from BERT Model and Training a Neural Networks Model using PyTorch here in the snapshots.

#MachineLearning #DeepLearning #66daysofdata https://t.co/QD1xWBTQIO",0,4
1397192940439674889,1281890679052857346,ShrutiJ87241031,Tue May 25 14:08:50 +0000 2021,@meyke9976 I know I am sorry for not updating on twitter as before . Internship is keeping me busy so I am using notion template for #66daysofdata to take down everything .do follow me on LinkedIn I would love to connect and talk .I am more active there💯🙌,0,3
1397192053977722883,94308247,poetratron,Tue May 25 14:05:18 +0000 2021,"Day 15-17 of #66daysofdata 

Finished Duke University - Data Science Math Skills

Attend narasio data data analysis journey",0,6
1397161036092899329,2352929006,akira_rafhael,Tue May 25 12:02:03 +0000 2021,"Day 39 : 
* Watched Data Professor's video on Data Science in Psychology
* Doing an almost forgotten college assignment
#66DaysOfData
https://t.co/q9IoNS59iJ",0,10
1397143859264573446,360668611,daniellabrito26,Tue May 25 10:53:48 +0000 2021,"Day 40 - Working on bank database project in SQL . Have to start with Feed forward in neural networks .
-Practice some query writing .
#66daysofdata",0,13
1397128773515063302,1324652185964204033,meyke9976,Tue May 25 09:53:51 +0000 2021,"Day 134 of #66daysofdata by @KenJee_DS 
Did some more #8WeekSQLChallenge... making progress but not there yet for week 2 ;-)",0,21
1397102893833011200,1352186511433805824,balalaikagrunge,Tue May 25 08:11:01 +0000 2021,"Day 18 of #66daysofdata
Added more feature selection algorithms to the pipeline. Rewrote the code to have one self contained pipeline to pass into RandomSearchCV, but turns out it's buggy and doesn't work properly if passing a list of dicts as params 🤦‍♀️",0,12
1397067136573509632,1607658019,_koredehassan,Tue May 25 05:48:56 +0000 2021,"@KemalorMK @KenJee_DS - Spend at least 5 minutes learning data science on each of the 66 days 

- Share what you are working on with the #66DaysOfData hashtag on whatever platform you are comfortable with (Including here)

Here's the link to the discord server: https://t.co/UTOSDxxTfQ",0,4
1397050067601723393,397272525,shatandv,Tue May 25 04:41:06 +0000 2021,"Day 140 of #66DaysOfData:
- Attended a webinar on putting ML models into production as a REST API with Flask and Docker,
- Continued my SHAP values homework,
- Started analyzing an HR Analytics dataset on Kaggle - https://t.co/cOAaeK4Frx.",0,10
1397046819880849408,1291114285507186690,jaimedatalatte,Tue May 25 04:28:12 +0000 2021,"D.16 #66DaysofData 

Saw some common meanings of the normal distribution. It normally represents automatic systems that repeat the same action.

The exponential distribution, on the other hand, usually shows systems that do not learn or don’t accumulate advantages.",0,12
1397040134479130625,2238460753,KennethB23,Tue May 25 04:01:38 +0000 2021,"#66daysofdata day 10

Worked of select statement queries and learned wildcards characters in SQL.",0,5
1397035465627287554,1179254091521941508,jasonvero,Tue May 25 03:43:05 +0000 2021,"On a side note, #66DaysOfData has motivated me to build the habit of running everyday.

I am currently on day 3 and everything hurts. 👴🏼",0,11
1397013515811053572,1179254091521941508,jasonvero,Tue May 25 02:15:52 +0000 2021,"Day 23 - of #66DaysOfData

Went down a rabbit hole after reading an article published by @thedataprof 

Ultimately, what I took and applied for today's session was using Active Recall to fundamentally improve the way I learn #DataScience.

https://t.co/4kvHvHa0ku",3,21
1397010394280079363,1151956481887100936,JHamptAnalytics,Tue May 25 02:03:27 +0000 2021,Have some extra free time between graduation and starting my new job so I'm starting #66DaysOfData and using this time to learn R. So I will document this by posting one (1) viz each day and hopefully we'll see some improvement. Code can be found at https://t.co/4t2YGcHSRu,0,14
1397008280434749442,1392958037497892871,AntoneEvansJr,Tue May 25 01:55:03 +0000 2021,"#Day16 of #66DaysOfData by @KenJee_DS 
- Posted my medium post https://t.co/IzDdzaRwOi
- Began to think about what project I could do next
- Worked on Python and SQL Hackerrank challenges",0,11
1396994314346041349,1389606414474227715,Nobre_Lucas18,Tue May 25 00:59:34 +0000 2021,"So ... I failed two days so here I go from the beginning.

#66daysofdata, day 1: I'm coming back with something light. I saw a video on data extraction and manipulation.",0,12
1396993890679328769,1369840035726581766,DustinVo10,Tue May 25 00:57:53 +0000 2021,"Day 3 #66daysofdata 05/24/2021
Do a simple project My spending on amazon
Slicing
cast data type
str.replace
to_datetime
groupby
plot simple bar chart",0,5
1396954968326823940,71251893,MirceaMesesan,Mon May 24 22:23:13 +0000 2021,"Day 22 of #66DaysOfData. How marvelous is the sea. Infinite waves washing the beach shores in unique ways. Watched a video of @GilesMcMullen presenting 5 free resources to learn Python, some I knew, some I’ll definitely check out. https://t.co/cjw81PQlTU",0,5
1396949849233403909,929998650,KehalHoussem,Mon May 24 22:02:52 +0000 2021,"I've been off the last few days for some circumstances, and now I'm coming back to the #66daysofdata.

Day 1⃣6⃣:
Just solved some challenges in Python on @HackerRank.",0,9
1396941681723838468,1393682765938413568,yousefi_ds,Mon May 24 21:30:25 +0000 2021,"Day 28:
I worked on my Python knowledge by reading some documentations and watching some videos.
#66daysofdata
PS: what resources do you recommend for getting better at Python programming??",1,10
1396941419764346882,822280007502295041,_paulo_lopez_,Mon May 24 21:29:23 +0000 2021,"#100DaysOfMLCode #100DaysOfCode #66daysofdata #pythondeveloper #Python
- Doing an EDA for image classification by Raw comparison, images as matrix, average, standard deviation, contrast, variability, eigenimages, fisherfaces and corr-matrix across pixels.",3,9
1396927698904260613,232069724,rahul40patel,Mon May 24 20:34:51 +0000 2021,"Day 6 of #66DaysOfData

First Week of Data Wrangling, Analysis and AB Testing with SQL. 
Queries on Mode.

@KenJee_DS",0,11
1396916786382073858,901324520346091520,Sanskar1531,Mon May 24 19:51:29 +0000 2021,"day 28 of #66daysofdata 
Solved a couple papers for Artificial intelligence, covered MYCIN, state space search, q algorithm, etc. .Watched some videos from Google I/O conference.",2,13
1396902984085385222,1361227694889967616,dataQueen_pend,Mon May 24 18:56:39 +0000 2021,"D31 R2 of #66daysofdata

💫 Merging and concatenating
➡️ Semi-join, anti-join
➡️ Vertical concatenation
➡️ Veryfing integrity

✅ Merging and concatenating done!

For tomorrow I have some specs 🐼 methods for Merging and Time-Series Data.

Sounds 👽... Will see how it will go 😨",0,21
1396899821839994882,406512519,rohan_kumawat,Mon May 24 18:44:05 +0000 2021,"Day 3 of #66daysofdata 💙
I learned more deeply about Transformers today💙. I’ll soon reach that stage when I’ll understand it properly🌈.",0,8
1396898202754895873,1649054340,a_escontrela,Mon May 24 18:37:39 +0000 2021,"Day 51 of #66daysofdata practicing some SQL queries on StrataScratch and read about storytelling. Sometimes I focus only on technical stuff, but storytelling is a skill much needed to communicate with some stakeholders https://t.co/1SJOZj9sYR",0,8
1396890517581959170,19448058,paulapivat,Mon May 24 18:07:07 +0000 2021,"R3: Day 34-35 #66daysofdata

• more dashboarding with SQL to segment categories of token holders: https://t.co/xUXfzd7ZTx

• composing more adv queries to understand treasury txns, including: cte, joins, and case-when",0,4
1396875868920848385,1607658019,_koredehassan,Mon May 24 17:08:54 +0000 2021,"Day 1 of #66daysofdata

Started off quite slow but was able to cover the first 3 chapters in ""automate boring stuffs with python"" book and the first 3 modules in @kaggle 's python microcourse.

I also learned the need for docstrings  in functions and explored numpy's np.eye()",2,15
1396872315011538944,397272525,shatandv,Mon May 24 16:54:47 +0000 2021,"Day 139 of #66DaysOfData:
- Finished my homework on Positive unlabeled learning,
- Started my homework on SHAP values!",0,13
1396870235689570307,324583975,georgekanellos,Mon May 24 16:46:31 +0000 2021,"Days 48-53(R2) of #66daysofdata by @KenJee_DS

Learned some valuable (albeit painful 😢) lessons:
1) When modelling start with the simplest method and add meaningful features
2) Always have a baseline
3) Try to understand the predictability limitations",0,13
1396869139239735303,1356609984163889154,jo_grammer,Mon May 24 16:42:10 +0000 2021,"Day 7, R2 of #66daysofdata 
 
Python coding skills w/ App Brewery course
Coded a simple turtle race using the Turtle graphics module
Continued the dive into ML through the Kaggle course how models works + exploring data on housing prices and performing features selection + 👇",0,15
1396868037324726273,2384674350,WoleAdewumi,Mon May 24 16:37:47 +0000 2021,D8: Learnt a few tips for writing efficient (faster) Python code when building data pipelines #66daysofdata,0,7
1396867755526164482,731856877139558400,ABYA80,Mon May 24 16:36:40 +0000 2021,"R2: #66daysofdata with @KenJee_DS 

Day 64 &amp; 65:
- Yesterday was a lazy day, did almost nothing.
- Today, I watched @thedataprof's video on PandasGUI and tried it as well.
- Read some blogs on automating Excel with Python, might try that tomorrow.",0,29
1396863640565858309,554435225,hmatalonga,Mon May 24 16:20:19 +0000 2021,"In my latest blog post, I talk about handling imbalanced datasets using fraud detection as a study case and going over some common techniques to deal with this kind of problem.

#DataScience #MachineLearning #66DaysofData

https://t.co/MQNjpliIzv",2,10
1396855500881334273,4422261493,inder1996singh,Mon May 24 15:47:58 +0000 2021,"Day 10,11 -
- Completed college assignments. 
-Posted script to find vaccine slot in India using selenium(https://t.co/euDhBrtq27)
-worked on kaggle

Day 12,13,14- 
- Working on case study-2(https://t.co/1HBXQsTXzc) 
PS- still not complete 😩

#66daysofdata #8WeekSQLChallenge",0,8
1396845981262655489,972300061,TobiSheriff,Mon May 24 15:10:08 +0000 2021,Just solved all Collections challenges in Python on @HackerRank. Try it out! https://t.co/AIdyYXnmdo #programming #100DaysOfCode #66daysofdata,3,3
1396830986575355909,2352929006,akira_rafhael,Mon May 24 14:10:33 +0000 2021,"Day 38 : Playing around with matplotlib
#66DaysOfData",0,12
1396825916903346178,1347561005329514498,sydteo,Mon May 24 13:50:25 +0000 2021,"Day 8 of #66daysofdata 
Today, I reviewed everything i learnt the past week because i think active recall is really important for learning! Learnt about active recall from @AliAbdaal 
I also finished exploratory analysis on my project and will work on implementing ML tmr",0,18
1396788267329196035,1324652185964204033,meyke9976,Mon May 24 11:20:48 +0000 2021,"Day 133 of #66daysofdata by @KenJee_DS 
I read in Practical statistics for data scientists... took it easy! 🤷‍♀️",0,25
1396776378863861761,25925939,Dataenergy_DS,Mon May 24 10:33:34 +0000 2021,"Days 15-19 of #66daysofdata:

Completed @DataCamp's 'Machine Learning with python Fundamentals' skill track

Completed #DataAnalytics challenge

Sharpening my SQL skills with @DataCamp's 'Intermediate SQL' 

Learning how to deploy web apps and make websites with Flask",0,6
1396749878106198016,1361227694889967616,dataQueen_pend,Mon May 24 08:48:15 +0000 2021,"D. 30 R. 2(yesterday) of #66daysofdata

💫 Joining data with 🐼
➡️ Self Join
➡️ Merging on Indexes

✅ Merging tables with different Join types -&gt; done

✨ Advanced Merging and concatenating -&gt; started
➡️ Filtering joins",0,19
1396723332943433728,1607658019,_koredehassan,Mon May 24 07:02:47 +0000 2021,"I feel excited about joining the amazing #66daysofdata  community to develop great data science habits.

Over the course of 66 days, I'll replicate @KenJee_DS 's learning path with some changes. I'll also share my progress to hold myself accountable.

#MachineLearning",0,14
1396691087910072320,1266599735881687040,ChinWuChen1,Mon May 24 04:54:39 +0000 2021,D46 #66daysofdata - did some sql practice.,0,6
1396677622525054976,2238460753,KennethB23,Mon May 24 04:01:08 +0000 2021,"#66daysofdata day 9:
Select statement in SQL - and, or, operator precedence, in, not-in, like- not like 👨🏾‍💻",0,12
1396667173301460994,1267805283511750660,Binal_BP,Mon May 24 03:19:37 +0000 2021,"Day 24: #66DaysOfData

Started reviewing the Hands-On Machine Learning with Scikit-Learn book by Gèron.",0,19
1396664369354842114,1392958037497892871,AntoneEvansJr,Mon May 24 03:08:29 +0000 2021,"#Day15 of #66DaysOfData @KenJee_DS 

It was a short day. I worked on a medium post for my last project. I hope to post it tomorrow.",0,14
1396658516174295042,2384674350,WoleAdewumi,Mon May 24 02:45:13 +0000 2021,D7: Studied a bit about feature engineering today #66daysofdata,0,11
1396654481622724611,1137782574036635649,thedataprof,Mon May 24 02:29:11 +0000 2021,"Hi friends, have you subscribed to my @Medium  publication called ""Data Professor"" (https://t.co/eIIC5iMGMy), there are 2 blog articles:
1. 101 Data Science Articles https://t.co/YA4KDfAwuS 
2. Data Science is like Cooking https://t.co/KGxGgdlYxT 
#66daysofdata #datascience #AI",5,19
1396653337609588742,1137782574036635649,thedataprof,Mon May 24 02:24:38 +0000 2021,"Hi friends, I just published a new blog ""Data Science is like Cooking"" https://t.co/KGxGgdlYxT 
#66daysofdata #datascience #machinelearning #cooking",4,11
1396639372343226369,1179254091521941508,jasonvero,Mon May 24 01:29:09 +0000 2021,"Day 22 - of #66DaysOfData

Today, I built my first machine learning model. By defining the model and applying it to my dataframe, I was able to make predictions off of my prediction target. 

I am also working to continue deepening my #Python knowledge base. 
 
#DataScience",9,22
1396633327298351107,734167027997347842,_liamconnors,Mon May 24 01:05:08 +0000 2021,Day 10 of #66daysofdata with @KenJee_DS. Found out that https://t.co/QGMFhQ2sBO has an API. Had a lot of fun exploring stats about my games. Learned a lot about pandas in the process. Also learned that I have opened with d4 in 97% of games this year 😀,1,19
1396593089700040705,1393682765938413568,yousefi_ds,Sun May 23 22:25:14 +0000 2021,"Day 27:
While i was working on my Netflix movie recommendation web app for 3 hours i faced a lot of issues and errors. So i decided to take a couple of steps back and work on my Python then go back to the project.
#66daysofdata",0,13
1396584302360645636,232069724,rahul40patel,Sun May 23 21:50:19 +0000 2021,"Day 5 of #66DaysOfData

I​ am excited to attend one more course in the specialization, i.e. Data Wrangling, Analysis and AB Testing with SQL. After learning the basics of SQL,  I  would love to learn more capabilities of SQL and solve more complex problems.

@KenJee_DS",0,15
1396580396935098369,71251893,MirceaMesesan,Sun May 23 21:34:48 +0000 2021,Day 21 of #66DaysOfData. Explored lots of datasets at https://t.co/jRGiCB6hz8.,0,5
1396559464275271684,969343076442542081,JaimeAAvendano,Sun May 23 20:11:37 +0000 2021,"Day 4 - R2 of #66DaysofData 

Installed plotly and worked with it's Table object. I'm sure there's a better way to do the highlighting, but I like how it came out. 

Next week I'll see if there's any correlation to win percentage. I might not have enough data for ML. https://t.co/P0wPjpagQQ",0,8
1396550686339260416,901324520346091520,Sanskar1531,Sun May 23 19:36:44 +0000 2021,"day 27 of #66daysofdata 
Practiced decision tree induction, solved a couple of problems on it, pretty interesting topic. Finished my survival analysis module with Copulas and measure of association. https://t.co/gLdcjEFZUv",0,13
1396529193786150912,1649054340,a_escontrela,Sun May 23 18:11:20 +0000 2021,"After a few days disconnected, not much progress these days, just reading some Medium posts. Today I came back to #66daysofdata watching the second video of the project portfolio of Alex the Analyst, building a dashboard in Tableau",0,8
1396528653115150338,406512519,rohan_kumawat,Sun May 23 18:09:11 +0000 2021,"Machine Learning as I see it!💙
@KenJee_DS Here's my very first analogy (a thread) for the #66daysofdata community. What do you think about this?

https://t.co/PpNTZBA0ZK",0,9
1396527133036589056,406512519,rohan_kumawat,Sun May 23 18:03:09 +0000 2021,"Day 2 of #66daysofdata 
▶ Learnt more about Transformers.💙
▶ Wrote an analogy on Machine Learning. Have a look at it: 
https://t.co/PpNTZBiq8c
❤",0,4
1396489497848606726,1322620958327255040,Datavisz,Sun May 23 15:33:36 +0000 2021,Day 57 of #66daysofdata :Been away for a while. Revised ML algorithms.,0,8
1396479654194663424,1051512590445105152,hb_khanh,Sun May 23 14:54:29 +0000 2021,"D5 of #66daysofdata 
Studied descriptive measures. Got to research about the meaning of the differences between formulas of population &amp; sample. TBH I didn't remember those formulas existed in my high school programs. 🤯

I am surely gonna take a lottttt more practice with them!",0,10
1396475431553961986,2352929006,akira_rafhael,Sun May 23 14:37:42 +0000 2021,"Day 37 :
* Reading Chapter 9 of Python for Data Analysis book by Wes McKinney on Plotting and Visualization
* Learned Discrete Distribution on Udemy
#66DaysOfData",0,15
1396473955574112260,1362442599747870721,art9793,Sun May 23 14:31:50 +0000 2021,"D27,28 #66daysofdata @KenJee_DS 

Took rest yesterday and did not feel guilty lol
Today:
- Started with a #Statistics foundation course on @LinkedIn 
- Read this article on #numpy on @AnalyticsVidhya 
https://t.co/JVUfvXMkRi

#Python #CodeNewbie #DataScience #learning #goals",5,17
1396462488586162180,1352186511433805824,balalaikagrunge,Sun May 23 13:46:16 +0000 2021,"Day 17 of #66daysofdata
Reviewed stationarity lectures. Managed to get in 1,5h this Saturday and had no will to do anything else. Listened to the Brain Inspired podcast by @pgmid. As always, great content.",0,12
1396461983717683209,1347561005329514498,sydteo,Sun May 23 13:44:16 +0000 2021,"Day 6 &amp; 7 of #66daysofdata 
Spent the weekends chilling abit 🙆‍♀️ Anyways, I started practising SQL on hackerrank and watched some SQL Sundays by @hellotinah which was really helpful. Still working on the project! Let’s get back on track tmr 💪",0,18
1396447813597376523,397272525,shatandv,Sun May 23 12:47:58 +0000 2021,"Day 138 of #66DaysOfData:
- Watched some of Gilbert Strang's Linear Algebra lectures. He teaches so beautifully. Now I actually understand the ideas behind SVD, LU-factorization, and the nature of elimination in matrices,
- Read some of CatBoostClassifier docs.",1,17
1396446873863430144,209191879,bhatnagarkush,Sun May 23 12:44:14 +0000 2021,"Day 103-108/R2 of #66daysofdata : Did some hands on session on @awscloud SageMaker Studio, Experiment and Autopilot. Also, did some exercise on t-distribution and t-Test in statistics
 #MachineLearning #AWS #DataScience",2,6
1396415082180063232,1361227694889967616,dataQueen_pend,Sun May 23 10:37:54 +0000 2021,"D. 29 R. 2 of #66daysofdata 

➡️ Merging Tables with different Join types
✅ Left Join
✅ Right Join
✅ Outer Join",1,14
1396405237427019777,1281890679052857346,ShrutiJ87241031,Sun May 23 09:58:47 +0000 2021,"#66daysofdata
Hope you like this article and it will be useful for you!!
https://t.co/FMaK3iUQi4",1,11
1396360550343352320,1266599735881687040,ChinWuChen1,Sun May 23 07:01:12 +0000 2021,D45 #66daysofdata - data can be complex...reading about Taiwan’s current outbreak...🙁🙏 https://t.co/odIco2yIAd,0,5
1396337459626184704,1265391915278626817,MaeTafoya,Sun May 23 05:29:27 +0000 2021,"Day 5 of #66daysofdata

Read Ch. 4 of ‘Practical Statistics for Data Scientists’ &amp; refresh my brain on the formula for covariance.

#Statistics #math #DataScience https://t.co/wr9GE8sNwR",0,8
1396314951539728385,2238460753,KennethB23,Sun May 23 04:00:01 +0000 2021,"#66daysofdata day 8:
MySQL constraints recap and #SQL best practices. 

Intro to data manipulation - select statements. 👨🏾‍💻",0,5
1396314280048226306,1369840035726581766,DustinVo10,Sun May 23 03:57:21 +0000 2021,"Day 2 #66daysofdata 05/22/2021
Use numpy to manipulate text data
np.where
np.argwhere
isin/ isnan
chararray.strip
np.delete
astype(https://t.co/RUZAZIvN1O)",0,7
1396307876671594498,2384674350,WoleAdewumi,Sun May 23 03:31:54 +0000 2021,D5 &amp; D6: Refactored code from previous projects to improve efficiency #66daysofdata,0,8
1396266451636523008,734167027997347842,_liamconnors,Sun May 23 00:47:18 +0000 2021,Day 9 of #66daysofdata - continued with the text analytics from yesterday. Also read a couple of interesting articles on Real Python.,0,12
1396262848603594758,1295354412794249219,thebrowndeity,Sun May 23 00:32:59 +0000 2021,"Day 45(Yesterday) of @KenJee_DS #66daysofdata:

I'm taking the EDA Project part of @JovianML's Zeros To Pandas Course

I'm want to analyse the dat of my department level's WhatsApp group.

More Update soon",0,12
1396253653183471616,71251893,MirceaMesesan,Sat May 22 23:56:26 +0000 2021,"Day 20 of #66DaysOfData. Did some reports with a dataframe from the toggl api json. I want to be able to automate most of my admin work, that is mainly client communication. (Weekly project summaries / Monthly invoices)",0,12
1396252834069364738,969343076442542081,JaimeAAvendano,Sat May 22 23:53:11 +0000 2021,"Day 3 - R2 of #66DaysofData 

Ran KMeans on the NFL Salary data. No good elbow, but I was able to learn about alternatives like Silhouette scores and Davies-Bouldin scores.

Any suggestions for a good python library to create formatted tables? R's gt package would be my go-to. https://t.co/nXhjdCk1NC",0,17
1396252001458081798,1291243974611668992,pristdata,Sat May 22 23:49:52 +0000 2021,"Day 62 &amp; 63 of #66daysofdata:
Just out of curiosity spent a few minutes a day reading about computational biology/bioinformatics. 

Do you data scientists/analysts belong or would consider belonging to a specific domain in DS? Or do you prefer the multifaceted aspect of it?",0,30
1396245818794024962,1392958037497892871,AntoneEvansJr,Sat May 22 23:25:18 +0000 2021,"#Day14 of #66DaysOfData by @KenJee_DS
I've deployed the app using @streamlit! 🎉🎊
Check it out! https://t.co/EmHkpUsBTy",2,14
1396239951474343940,1179254091521941508,jasonvero,Sat May 22 23:01:59 +0000 2021,"Day 21 - of #66DaysOfData

For today's session, I used Pandas to explore the Kaggle Housing dataset, while also utilizing several different functions to manipulate and display the data in a usable way. 

#DataScience #Python",6,21
1396227372354056198,18383562,pathria,Sat May 22 22:12:00 +0000 2021,"#66daysofdata Day 20 Essential Linear Algebra for ML - size of a matrix, column matrices, square matrices, covariance matrix, transpose of a matrix, eigenvalues, dot products, etc. https://t.co/OW9GHYpIC1",0,0
1396202701604728832,1393682765938413568,yousefi_ds,Sat May 22 20:33:58 +0000 2021,"Day 26:
More Streamlit documentation reading and started working on a Netflix movie and tv-show recommendation web app.
#66daysofdata",0,15
1396181977070399489,406512519,rohan_kumawat,Sat May 22 19:11:37 +0000 2021,"Day 1 of #66daysofdata  
▶ I started EDA with the Pokemon Dataset.💙
▶ I started learning about Transformers and BERT. ❤",0,4
1396180916628688898,406512519,rohan_kumawat,Sat May 22 19:07:24 +0000 2021,3️⃣. I completed my #66daysofdata Round 1 journey and started my Round 2 with something different.🌈,0,3
1396170317949804545,232069724,rahul40patel,Sat May 22 18:25:18 +0000 2021,"Day 4 of #66DaysOfData

Complete the course on SQL by Giraffe Academy.

- how to create complex DB from scratch
- Triggers
- ER Diagrams

@KenJee_DS",0,14
1396160660724060162,901324520346091520,Sanskar1531,Sat May 22 17:46:55 +0000 2021,"day 26 of #66daysofdata 
worked on life tables from survival analysis using chi squared statistic, binomial model and Poisson model. https://t.co/EJ7Yi1fF0O",0,4
1396157606503206914,1159830350102781953,KenJee_DS,Sat May 22 17:34:47 +0000 2021,@rohan_kumawat Incredible! Be sure to share them to the #66DaysOfData Community!,0,2
1396148227733286915,731856877139558400,ABYA80,Sat May 22 16:57:31 +0000 2021,"R2: #66daysofdata with @KenJee_DS 

Day 63: Today, I automated a tweet using python selenium. Scrapped data from amazon then saved it in CSV format.",0,25
1396145596793245705,1356609984163889154,jo_grammer,Sat May 22 16:47:04 +0000 2021,"Day 6, R2 of #66daysofdata 
 
Review of probability with DS Bootcamp, Deep dive into ML:

ML 101 chapter from  Data Science (MIT Press Essential Knowledge Series) by John D. Kelleher &amp; Brendan Tierney
 
Then this article on How to Run ML projects
https://t.co/35JY3d9LNj",0,9
1396133300486512642,1706095092,swetagupta110,Sat May 22 15:58:12 +0000 2021,"Day 3. Did some data cleaning, still working with that.
Here is a book in case you are struggling with statistics https://t.co/CyBWpqT6P9
Also, if anyone needs to know about some basic statistics and how to get started, you can get back to me.
#66daysofdata",0,7
1396108955781242880,1051512590445105152,hb_khanh,Sat May 22 14:21:28 +0000 2021,"D4 of #66daysofdata is focused on descriptive statistics: Types of data and appropriate ways of plotting them

My highlights: Pareto's diagram and his 80/20 principle",0,17
1396090415250481155,2352929006,akira_rafhael,Sat May 22 13:07:47 +0000 2021,"Day 36 : Learned Bayesian Inference on Udemy
#66DaysOfData",0,10
1396085150732062724,1326409618843705344,walidcodes,Sat May 22 12:46:52 +0000 2021,Tonight is matplotlib night. #66DaysOfData,0,6
1396057642477395968,1276070101196795904,thinam_,Sat May 22 10:57:34 +0000 2021,"✨ I have presented the implementation of Next Sentence Prediction and BERT Model using PyTorch here in the snapshot.

📒 Journey on Machine Learning and Deep Learning : https://t.co/I7KFrKDaJI

#66daysofdata https://t.co/EWJ3Rnkd1m",5,11
1396053610451066880,1324652185964204033,meyke9976,Sat May 22 10:41:32 +0000 2021,"Day 132 of #66daysofdata by @KenJee_DS 
- continued with #8weekSQLChallenge
- finished the MS learn module for creating machine learning models: https://t.co/uowP4u8Kc8",1,17
1396012958971465728,397272525,shatandv,Sat May 22 08:00:00 +0000 2021,"Day 137 of #66DaysOfData:
- Lots of work :( At least it's exciting,
- Read about Kedro - a curious DS framework on Python,
- Started my homework on Positive Unlabeled Learning. Gonna finish it a bit later.",0,26
1395998416019197953,406512519,rohan_kumawat,Sat May 22 07:02:13 +0000 2021,"Journey of #66daysofdata 🌈
https://t.co/RgqZndLzlc",0,5
1395998414261735424,406512519,rohan_kumawat,Sat May 22 07:02:13 +0000 2021,"My very first successful round 1 of #66daysofdata ✨
(Personal feedback)
https://t.co/YZ1E0TlM4K",0,1
1395995533898960901,406512519,rohan_kumawat,Sat May 22 06:50:46 +0000 2021,"I will try to upload at least 2 blogs per week on what I've learnt in Round 1 and Round 2 side by side. 
I need to show my work!
Before starting my Day 1, I want to thank @KenJee_DS first for introducing me to #66daysofdata",0,2
1395995528450564108,406512519,rohan_kumawat,Sat May 22 06:50:44 +0000 2021,"I've decided to start Round 2 of #66daysofdata today, and I'm going to show my work this time regularly and share daily about what I'm doing.  The first round was amazing. I made some mistakes, but this time I'll try to avoid them. @KenJee_DS I'm finally starting the 2nd Round
🧵",0,12
1395971346765471745,1267805283511750660,Binal_BP,Sat May 22 05:14:39 +0000 2021,"Day 23: #66DaysOfData

Completed Ask Questions to Make Data-Driven Decisions course on @coursera. Learned about strategies for managing stakeholders expectation while effectively communicating with the team.",0,11
1395965585217843204,822280007502295041,_paulo_lopez_,Sat May 22 04:51:45 +0000 2021,"#100DaysOfMLCode #100DaysOfCode #66daysofdata #pythondeveloper #Python 

🔹Currently working on an image classification project - As a base model will start with 4 state-of-the-art (SOTA) pre-trained models.

1. VGG-16
2. ResNet50
3. Inceptionv3
4. EfficientNet https://t.co/z5E7TJZeRr",12,22
1395955591940616192,1392958037497892871,AntoneEvansJr,Sat May 22 04:12:03 +0000 2021,"#Day13 of #66DaysOfData by @KenJee_DS 
- Optimized my lyrics search by moving a potion of code which was running n times. It only needed to be generated once.
- Wrote a draft of my medium post.
- Looked into deploying @streamlit apps which require large files not on GitHub.",0,13
1395952471793676295,2238460753,KennethB23,Sat May 22 03:59:39 +0000 2021,"The struggle was real to put in the time on a Friday night after a hectic week, but day 7 is done ✅ 

Getting lots of practice writing queries in MySQL and getting familiar with the syntax. Learned default constraints today and wrote some more practice queries 👨🏾‍💻#66daysofdata",0,4
1395942202304573440,734167027997347842,_liamconnors,Sat May 22 03:18:51 +0000 2021,Day 8 of #66daysofdata -  read the feature engineering chapter of Text Analytics with Python by Dipanjan Sarkar. Really great book. Have been working with data I collected from the NYT Articles API.,0,13
1395938621132181514,1369840035726581766,DustinVo10,Sat May 22 03:04:37 +0000 2021,"Day 1 #66daysofdata 05/21/2021
Use numpy to set up data, import, check for incomplete and manipulating text data.",0,12
1395928980826505225,951871594376376320,JackRaifer,Sat May 22 02:26:18 +0000 2021,"Yup. One click or keystroke at a  time.
#programminghumor 
#66daysofdata
#learning https://t.co/N2JD5gAZX3",1,12
1395916046763180033,969343076442542081,JaimeAAvendano,Sat May 22 01:34:55 +0000 2021,"Day 2 - R2 of #66DaysofData 

Scraped some salary data from https://t.co/TXXEIyD5B9 and did a bunch of feature engineering.  

Next steps will be applying KMeans to see what are the most common team building approaches are.

#SportsAnalytics https://t.co/ioBBAzV1g2",0,11
1395899778366689284,1207501893582442496,HeliBaez11,Sat May 22 00:30:16 +0000 2021,"Day 4️⃣4️⃣ of #100DaysOfCode 

I know the basics to join two DataFrame📈🔁📈

#66daysofdata #PANDAS #Python https://t.co/gcE0qedQSB",18,15
1395892462518820869,1265391915278626817,MaeTafoya,Sat May 22 00:01:12 +0000 2021,"Day 4 of #66daysofdata 

Read Ch. 3 - ‘Practical Statistics for Data Scientists’ &amp; begin @kaggle mini course on Natural Language Processing... #datascience #machinelearning #statistics #python https://t.co/JQnzenph7c",3,11
