tweet_id,user_id,user_name,created_at,full_text,retweets,favorite
1387693197204226048,1283489158258819072,hhotkey,Thu Apr 29 09:00:14 +0000 2021,"Day 2️⃣6️⃣==&gt;&gt; of #66daysofdata #100daysofcode 

MDS (multidimensional scaling) is an algorithm transforming a dataset into lower dimensions, keeping the same euclidean distances. Keeping the distances allows to reasonably preserve patterns and clusters (i.e. K-Means etc.) https://t.co/uit3qaP2vp",7,6
1387685921521348611,1306505184911208453,mt0rm0,Thu Apr 29 08:31:20 +0000 2021,Day 53 of #66daysofdata: 20% of Tableau Desktop Intermediate done + DL with pytorch + Reviewing Statistics. I have the feeling that's going to be a running standard for the next days :),0,3
1387674082062176256,19448058,paulapivat,Thu Apr 29 07:44:17 +0000 2021,"R3: Day 25: #66daysofdata

• Wrote pseudocode for next FCC Scientific Computing with 🐍 challenge: Time Calculator https://t.co/i2dz6xR4yc",0,0
1387654548450209792,1322620958327255040,Datavisz,Thu Apr 29 06:26:40 +0000 2021,Day 49 of #66daysofdata: rereading linear regression chapter from ISLR.,0,1
1387637516673576961,1329313525974532097,AyubRasool14,Thu Apr 29 05:18:59 +0000 2021,Day 27/66: didn’t do much so went thru SQL basics and tried a few basic problems to remember what I have learned previously. Day 28/66: continued on Google data analytics.   #66daysofdata,0,3
1387637042989912064,397272525,shatandv,Thu Apr 29 05:17:06 +0000 2021,"Day 114 of #66DaysOfData:
- Co-held a Docker webinar for an AI discussion group I’m in. Learned a bunch while making it.",0,5
1387633121894440964,1267805283511750660,Binal_BP,Thu Apr 29 05:01:31 +0000 2021,"Day 7: #66DaysOfData

Working on module 6 of Intro to Business Analytics. Learned about Trend analysis, which can be used to uncover patterns using internal or external factors. Covered three types of trend analysis: Performance Management, Project Management, and Trading!",0,4
1387625712207622144,23293578,therealjaysueno,Thu Apr 29 04:32:05 +0000 2021,"day 23 of #66daysofdata with @KenJee_DS: I've been busy the past month on-boarding with #Amazon as a #dataanalyst. I'm honored and grateful for the opportunity to do ""The Thing."" Here's my take-aways:

(cont. below 👇)",0,5
1387618092629467143,705259722761306113,ankittahlawat,Thu Apr 29 04:01:48 +0000 2021,"That's my best advice, but I'm curious: What advice would you give to juniors / aspiring developers? I'd love to know your thoughts 👇

#100DaysOfCode #66daysofdata #javascript #DEVCommunity",3,2
1387605478927130632,59787963,jamesnan,Thu Apr 29 03:11:41 +0000 2021,"Day 58 : #66DaysOfData

Learn 'Postgres' from  Dataquest Data Engineers path  step 4.  I skipped the first 3 steps.",0,0
1387603982458179585,168046022,ribhunirek,Thu Apr 29 03:05:44 +0000 2021,"Day 6 of #66DaysOfData:
- practiced SQL problems on nested select, aggregate functions
- Kicked off Google DA Course 2",0,1
1387594596742541312,1291243974611668992,pristdata,Thu Apr 29 02:28:26 +0000 2021,"Day 47 of #66daysofdata:

-Reviewed particularities of some basic Python concepts, such a dict data type and defaultdict, set, attributes and mapping.
-Completed some SQL exercises.",1,11
1387591906683768832,1207501893582442496,HeliBaez11,Thu Apr 29 02:17:45 +0000 2021,"- Days 3️⃣3️⃣ anda 3️⃣4️⃣ of #100DaysOfCode 

I'm still practicing, but little by little I see progress.
#66daysofdata 📉 https://t.co/WN6LysyX4K",7,7
1387562346965577728,951871594376376320,JackRaifer,Thu Apr 29 00:20:17 +0000 2021,"Learning abut #Bokhe withn some sad truths. Here is the data of women literacy and fertility rates from Latin America (Blue) and Africa (Red). 😭

#DataScience
#66DaysOfData Overtime. https://t.co/oW41a8WAsn",3,8
1387553682816913409,63557338,egm_photo,Wed Apr 28 23:45:52 +0000 2021,"Day 115 of #66DaysOfData with @KenJee_DS 

Watched the latest KNN episode featuring Christian Bourdeau (https://t.co/X5j1QtczbF). Also watched the Anaconda/Z by HP webinar.

Did some research on ETL, starting with looking up data warehouses (facts, dimensions, Kimball vs. Inmon).",0,5
1387552461414617094,2149586883,vperez2000,Wed Apr 28 23:41:00 +0000 2021,"#66daysofdata #R3 #Day16 by @KenJee_DS
@DataCamp DS track

✅ Done with Statistical Thinking in #Python - Part 1

I must recognize that this course made a real shift, now I start to understand the WHY of statistics in DS 📊👩🏻‍💻
🙈 ... I wasn't even close hehe 🤪 https://t.co/BAdMbRioCO",2,7
1387529472145076224,32453704,anyachocolat,Wed Apr 28 22:09:39 +0000 2021,"Day 30 of #66DaysOfData:
- learned about higher order functions, closures, decorators and a bit more about recursions",0,6
1387515235695792128,554435225,hmatalonga,Wed Apr 28 21:13:05 +0000 2021,"Day 44 of #66DaysofData. I explored different types of linear models to use on the @numerai competition. It is a great challenge, and I have been learning a lot from the entire community.",0,4
1387513961877102604,901324520346091520,Sanskar1531,Wed Apr 28 21:08:01 +0000 2021,"day 2 of #66daysofdata
Completed a 30 minutes course on power BI presented by #JoshuaRischin. Formulated a couple of graphs using random dataset. https://t.co/VmpkrTAHFL",0,5
1387496057647636482,1284445574511636480,Tommy_McLennan,Wed Apr 28 19:56:53 +0000 2021,D9. R2. #66DaysofData Completed it mate! https://t.co/RRYLRBjmec,0,21
1387484683546636293,397272525,shatandv,Wed Apr 28 19:11:41 +0000 2021,"Day 113 of #66DaysOfData:
- Completed the @DataCamp Intro to Data Engineering. PySpark and Airflow are fun. Airflow really helps with scheduling - doing it with cron was a bit of a pain,
- Prepared some demos for a Docker webinar.",0,10
1387479964027523078,1243246008303112192,samarthgupta39,Wed Apr 28 18:52:56 +0000 2021,"day58-59 of #66daysofdata
- read some research papers on anomaly detection and finger print matching algorithm
- continued with @datacamp course
- practised some leetcode question",0,11
1387462039887499266,731856877139558400,ABYA80,Wed Apr 28 17:41:42 +0000 2021,"R2: #66daysofdata with @KenJee_DS 

Day 42: Today I was watching this video by @keithgalli  on solving real-world data science problems. It starts with web scraping so, I thought would be a great practice for me to do these exercises.
https://t.co/eVtOq0hckE",0,19
1387459186775236611,1295354412794249219,thebrowndeity,Wed Apr 28 17:30:22 +0000 2021,"Day 31 of @KenJee_DS #66daysofdata:
Continued on the Statistics course

I learnt about Measures of Central Tendency, Measures of Asymmetry, Measures of Variablity and Measures of Relationships

I saw how they affect different types of data, and their true meanings in analysis",0,8
1387458886987300865,1008234306609741824,ShenghongZhong,Wed Apr 28 17:29:11 +0000 2021,"To celebrate the project completion, what would you do?

I wrote a blog post.

https://t.co/qLRaULQj3r

#100DaysOfCode  #66daysofdata",2,2
1387450994754080768,1355938756583321609,Sinnerman____,Wed Apr 28 16:57:49 +0000 2021,"#66daysofdata 
Day 37: Completed the final course and earned the Google data analytics Badge on coursera🥳",0,13
1387447852566294529,1324652185964204033,meyke9976,Wed Apr 28 16:45:20 +0000 2021,"Day 110 of #66daysofdata by @KenJee_DS 
I (finally) started learning for the DP-201 exam. Postponed the exam for one week so have one week left to prepare. I hope that every day a little will be sufficient. So that some spare time remains for projects 😇",0,22
1387447563075293187,1137782574036635649,thedataprof,Wed Apr 28 16:44:11 +0000 2021,"Hi friends, a new episode in the #Python tutorial series is live and it's on #lists
https://t.co/EHExtcsBMo
#66daysofdata #learnpython #pythontutorial #python101",1,8
1387446398388375553,1363855621628465153,korasaju_a,Wed Apr 28 16:39:33 +0000 2021,"Day 47 of #66DaysofData with @KenJee_DS 

•Continued MySQL Mastery Class — Studied Views and intro to Stored Procedures; Reviewed subqueries and self joins; Answered more SQL exercises on Stratascratch.",0,15
1387437245280395264,1362442599747870721,art9793,Wed Apr 28 16:03:11 +0000 2021,"D3 #66daysofdata @KenJee_DS 

Started this course - Learn #Python on @Codecademy which is SUPER BASIC.

Not able put in as much time as I would've liked, still recovering from #Covid and sleeping ~12 hrs each day and working 8 hrs!

#DataAnalytics #DataScience #CodeNewbies",2,3
1387432423244267520,444522096,BristowColin,Wed Apr 28 15:44:01 +0000 2021,AI algorithms can influence people's voting and dating decisions in experiments #ArtificialIntelligence #AI #DataScience #100DaysOfCode #MachineLearning #DeepLearning #NLP #Robots #IoT #RPA #futureofwork #Serverless #Linux #CuriosityForever #66daysofdata https://t.co/kxjKpFlNZP,7,3
1387422321309372419,1377113586145751042,sustainablersyd,Wed Apr 28 15:03:53 +0000 2021,"Day 28+29 of #66daysofdata with @KenJee_DS :
- just more SQL fun, lookerML experimentation and a bit of web scraping. Starting sql challenges at work",0,18
1387405026092412940,2352929006,AkirasGames,Wed Apr 28 13:55:09 +0000 2021,"Day 12 : Learnt how to use %timeit magic command to get runtime
#66daysofdata",0,6
1387373456459763713,63557338,egm_photo,Wed Apr 28 11:49:42 +0000 2021,"Day 114 of #66DaysOfData with @KenJee_DS 

More data exploration of the Python Discord server. Also looking to pull user registration data for additional insights.",0,11
1387370795958038532,1310565371389177858,R1SE_823,Wed Apr 28 11:39:08 +0000 2021,"Day 62 of #66daysofdata
- Did some data analytics on Diabetes dataset
- Practice using streamlit for ML web app
- Learn more about plotly",0,9
1387365229621694476,444522096,BristowColin,Wed Apr 28 11:17:01 +0000 2021,Can machine learning improve debris flow warning? #ArtificialIntelligence #AI #DataScience #100DaysOfCode #Python #MachineLearning #BigData #DeepLearning #NLP #Robots #IoT #RPA #futureofwork #Serverless #Linux #CuriosityForever #66daysofdata https://t.co/sNkNXIEcLr,6,3
1387326775403827209,19448058,paulapivat,Wed Apr 28 08:44:13 +0000 2021,"R3: Day 24 #66daysofdata 

• Putting together Dashboard of SQL queries for Ethereum blocks. 

https://t.co/B2Tjp4k4Yo",0,3
1387312413771325448,1266599735881687040,ChinWuChen1,Wed Apr 28 07:47:09 +0000 2021,"D33 #66daysofdata - I can (and did) spend hours looking at https://t.co/6oBJQa9Esj. @OurWorldInData demonstrates how fascinating, impactful, and sometimes just mind-boggling, data can be.",0,5
1387307524110626816,1306505184911208453,mt0rm0,Wed Apr 28 07:27:43 +0000 2021,"After a forced stop due to job obligations, I'm back with my #66daysofdata. In my day 52, I managed to finish some lessons more of tableau desktop Intermediate + pytorch + custom transformers/imputers with scikit-learn",0,15
1387267158925733893,1267805283511750660,Binal_BP,Wed Apr 28 04:47:19 +0000 2021,"Day 6: #66DaysOfData

Finished module 5 of Intro to Business Analytics. Today was all about the types of analytics techniques businesses use in their day to day activities. The most common analytics techniques are: Descriptive, Diagnostics, Predictive, and Prescriptive analytics!",0,13
1387265693096112130,1108597836755755009,maisdev,Wed Apr 28 04:41:30 +0000 2021,Continued on udemy #datascience course. Well it is still in introduction lectures. But just don’t wanna pass as it explains main terms. I have much in Trello “this week” list (additional items on #python and #blockchain) R3D3 #66daysofdata,3,6
1387246815486038016,1291114285507186690,jaimedatalatte,Wed Apr 28 03:26:29 +0000 2021,"D.9 #66daysofdata 

Read a very interesting article about how data analysis can help decision makers. My favorites:

- Improve products and services
- Detect seasonal products
- Avoid unwanted situations
- Detect products and services that could be sold together",0,17
1387236511813357583,168046022,ribhunirek,Wed Apr 28 02:45:32 +0000 2021,"Day 6 of #66DaysOfData: 
- SQL practice: solving query challenges on https://t.co/UdnQzlY8pE
- Learnt advanced Excel features: power queries, string matching, table formatting, connecting to web and table data",0,6
1387227865935187971,969343076442542081,JaimeAAvendano,Wed Apr 28 02:11:11 +0000 2021,"Day 60-61 of #66DaysofData- 

- More Spark
- TidyTuesday dataviz

I started writing my first Medium article a week or two ago. Now that I'm coming up to the end of the journey, my goal is to publish it this week. Think it just needs some minor touches now.",0,15
1387211670523633667,1291243974611668992,pristdata,Wed Apr 28 01:06:50 +0000 2021,"Day 46 of #66daysofdata:

-Watched videos about Google Analytics.
-Started working on various Beer datasets from Kaggle.",0,28
1387211271578308615,2149586883,vperez2000,Wed Apr 28 01:05:14 +0000 2021,"#66daysofdata #R3 #Day15 by @KenJee_DS
@DataCamp DS track

Little advance on the Statistical Inference chapter, but great video to watch ⬇️
Dreaming to go back in time and have this advice, but let's move forward and keep learning!!

https://t.co/60rCQ72eTh",0,13
1387173586310287360,822280007502295041,_paulo_lopez_,Tue Apr 27 22:35:30 +0000 2021,"#100DaysOfMLCode #100DaysOfCode #66daysofdata #Python

🔹Used Auto_ViML (https://t.co/BcmhOfecRK)  to quickly look at the best model and features on a real world dataset. https://t.co/VlO4ZpqjWz",11,10
1387154393259196417,1649054340,a_escontrela,Tue Apr 27 21:19:14 +0000 2021,"Day 28 of #66daysofdata #100DaysOfMLCode today I was playing around with data studio with stream data. The UI is very friendly, it seems effective to get some dashboard done quickly",0,12
1387152742058274822,554435225,hmatalonga,Tue Apr 27 21:12:40 +0000 2021,"Day 43 of #66DaysofData. Diving into the MIT 6.S191: Introduction to Deep Learning 2021 Edition. I enjoy revisiting this course, especially for the guest lecturers who talk about different topics every year. Take a look: https://t.co/6EBlOlzqNu",0,8
1387138739281989632,32453704,anyachocolat,Tue Apr 27 20:17:01 +0000 2021,"Day 29 of #66DaysOfData:
- learned and practiced with iterators and generators",0,11
1387136821818101762,901324520346091520,Sanskar1531,Tue Apr 27 20:09:24 +0000 2021,"day 1 of #66daysofdata 
Started with NLP, came across tokenisation, stemming and lemmatising. Read through and cleaned a dataset. https://t.co/n3aO6dNMKA",0,8
1387124733523677184,719157417443987457,Mayibongwe_MS,Tue Apr 27 19:21:22 +0000 2021,"Day 58 of #66daysofdata 

Completed the ""Intro to Machine Learning"" micro course on Kaggle. The course looked at basic model definition, training, testing and model validation.",0,7
1387119570994008064,1284445574511636480,Tommy_McLennan,Tue Apr 27 19:00:51 +0000 2021,D8. Rd 2. #66DaysofData Back in the game! Almost completed the @kaggle intro to SQL course.,0,23
1387118656618905603,1300492664308146176,MarkusM99098101,Tue Apr 27 18:57:13 +0000 2021,"Day 55 #66DaysOfData r2: finished with ch. 10 of Python Machine Learning (regularization, polynomial  and random forest regression). 

I also changed the ""design"" of my portfolio website, it is now in Dark Mode: https://t.co/kp7tW1dBwd",0,15
1387107284472446980,731856877139558400,ABYA80,Tue Apr 27 18:12:02 +0000 2021,"R2: #66daysofdata with @KenJee_DS 

Day 41: I haven't done much today, was learning about python virtual environment - venv &amp; explored a bit more about tkinter.",0,27
1387104808251895812,1361227694889967616,dataQueen_pend,Tue Apr 27 18:02:12 +0000 2021,"Day 3 round 2 #66daysofdata

Finished Numpy module and also finished first course on @DataCamp (from ds carrer track). 

Day 4 and 5 

Continued with Intermediate Python course from DC. And started learning about Matplotib 🥰.

With this free trial @DataCamp won me over. https://t.co/J4zdb0mWWY",2,15
1387103692457857026,1362442599747870721,art9793,Tue Apr 27 17:57:46 +0000 2021,"D2 #66daysofdata @KenJee_DS 
Finished the Learn #SQL course on @Codecademy .

70-80% of my current job role involves writing SQL so these were absolute basics but I still enjoyed the tiny projects. I do have 2 key takeaways from the course in the thread.

#DataScience #DataFam https://t.co/lxfgXuKVyb",0,18
1387102666866655232,1331398329977032707,aloknag_DS,Tue Apr 27 17:53:41 +0000 2021,"Day 36 of #66DaysOfData Round 2 :
- revised dataviz for EDA
- started working on iris-dataset for practice
Goal : 
- start small and try to finish this project on my own
- evaluate and compare various algorithms on different metrics
- move to work with more complex data.",0,21
1387099805802012672,397272525,shatandv,Tue Apr 27 17:42:19 +0000 2021,"Day 112 of #66DaysOfData:
- Played around with PySpark and Airflow a bit,
- Started learning business analysis on the job.",0,16
1387094041230069777,94308247,poetratron,Tue Apr 27 17:19:25 +0000 2021,"Uu before I forget

Day 5 of #66daysofdata , continuing the statistics course from dataquest. Got a lil bit trouble solving some questions, buy I crack the code eventually",0,5
1387092384580784128,1356609984163889154,jo_grammer,Tue Apr 27 17:12:50 +0000 2021,"Day 55 of #66daysofdata 

I have been swamped these past few days, did not do much learning tbh, managed to squeeze a little data related work today
Submitted week1 assignment on IBM DS Capstone module + finished setting-up my GitHub profile 🥳👇

https://t.co/0KO16LeY3t",0,12
1387070037912035345,444522096,BristowColin,Tue Apr 27 15:44:02 +0000 2021,Artificial intelligence model predicts which key of the immune system opens the locks of coronavirus #ArtificialIntelligence #AI #DataScience #100DaysOfCode #Python #NLP #Robots #IoT #RPA #futureofwork #Serverless #Linux #CuriosityForever #66daysofdata https://t.co/I9rnvQ4y6G,7,8
1387066973813547017,1355938756583321609,Sinnerman____,Tue Apr 27 15:31:51 +0000 2021,"#66daysofdata 
Day 35&amp;36: Done with the course 7( Data analysis with R programming).",0,6
1387066271120822275,1363855621628465153,korasaju_a,Tue Apr 27 15:29:04 +0000 2021,"Day 46 of #66DaysofData with @KenJee_DS 

•Continued MySQL Mastery Class — learned Union/Union All, Subqueries and Self Joins. This class is 75% complete as of tonight and I’m quite confident with MySQL query skills now unlike two weeks ago.",0,14
1387063640163975169,1322620958327255040,Datavisz,Tue Apr 27 15:18:36 +0000 2021,Day 48 of #66daysofdata : Watched a video on python programming on a raspberry PI,0,10
1387030313918943239,1324652185964204033,meyke9976,Tue Apr 27 13:06:11 +0000 2021,"Day 109 of #66daysofdata by @KenJee_DS 
I did not do any real learning today... but worked on my portfolio website.",0,27
1387019158261403655,1385464613681078273,step4education,Tue Apr 27 12:21:51 +0000 2021,Day 2 #66daysofdata learn panda library from @DataCamp #DataScience #CodeNewbies #100DaysOfCode #womewhocode #womenempowerment,5,9
1387016597408083970,1276070101196795904,thinam_,Tue Apr 27 12:11:41 +0000 2021,Image Segmentation: Image Segmentation is the process of partitioning digital image into multiple segments or set of pixels. I have presented the implementation of Semantic Segmentation and Data Preprocessing. #MachineLearning #Deeplearning #66DaysOfData https://t.co/nCrYD5XHO8,1,5
1387002842846695425,444522096,BristowColin,Tue Apr 27 11:17:01 +0000 2021,New AI tool calculates materials' stress and strain based on photos #ArtificialIntelligence #AI #DataScience #100DaysOfCode #Python #MachineLearning #BigData #DeepLearning #Robots #IoT #RPA #futureofwork #Serverless #Linux #CuriosityForever #66daysofdata https://t.co/0ME2TNtBFN,11,7
1386989252211216390,444522096,BristowColin,Tue Apr 27 10:23:01 +0000 2021,Taking down human traffickers through online ads #ArtificialIntelligence #AI #DataScience #100DaysOfCode #Python #MachineLearning #BigData #DeepLearning #NLP #Robots #IoT #RPA #futureofwork #Serverless #Linux #CuriosityForever #66daysofdata https://t.co/WGmorx7zOF,7,7
1386966351806300160,444522096,BristowColin,Tue Apr 27 08:52:01 +0000 2021,Can machine learning improve debris flow warning? #ArtificialIntelligence #AI #DataScience #100DaysOfCode #Python #MachineLearning #BigData #DeepLearning #NLP #Robots #IoT #RPA #futureofwork #Serverless #Linux #CuriosityForever #66daysofdata https://t.co/jRKQbwBhbo,6,6
1386934352634802176,2352929006,AkirasGames,Tue Apr 27 06:44:52 +0000 2021,"Day 11 : Experimenting with numpy
#66daysofdata",0,11
1386932741355106306,1266599735881687040,ChinWuChen1,Tue Apr 27 06:38:28 +0000 2021,D32 #66daysofdata - reading about data on energy consumption level in the world: there is 100 times difference between wealthy and poor countries. 🙄,0,12
1386903106735075328,1267805283511750660,Binal_BP,Tue Apr 27 04:40:42 +0000 2021,"Day 5: #66DaysOfData

Finished module 4 of Intro to Business Analytics. Got a good understanding between KPIs and Metrics. Learned about how we can define or select metrics in order to monitor a firm’s performance.",0,14
1386892493866901505,59787963,jamesnan,Tue Apr 27 03:58:32 +0000 2021,"Day 56 : #66DaysOfData

Read Book ""Statistics and Machine Learning in Python""  Chapter 1-3",0,3
1386884729362952196,1291114285507186690,jaimedatalatte,Tue Apr 27 03:27:41 +0000 2021,"D.8 #66DaysofData 

Learned about the importance of defining the objectives, restrictions and decisions before starting an analytics project.

The better theses variables are define, the mor useful our data and analysis will be",0,19
1386875423607435272,168046022,ribhunirek,Tue Apr 27 02:50:42 +0000 2021,"Day 5 of #66DaysOfData: wrapped up with SQL fundamentals. Will move on to solving problems. Also, reviewed case studies and behavioral questions for interviews 🤓",0,11
1386841945226596361,975440157796118528,yllkabojku,Tue Apr 27 00:37:40 +0000 2021,Day 2 of #66daysofdata I finished Week 2 of Google Data Analytics - Course 1.,0,14
1386835853759160324,345564461,tolz_kay,Tue Apr 27 00:13:28 +0000 2021,"Day 65 of #66DaysOfData (34) by @KenJee_DS 

Super excited, so I started the new Google Professional Data Analytics course last week as a path to become a Data Analyst, the first course: Foundations - Data, Data everywhere. Most exciting thing for me was that I could absolutely",0,6
1386832149115019270,1291243974611668992,pristdata,Mon Apr 26 23:58:45 +0000 2021,"Day 45 of #66daysofdata:

-Watched some videos about AWS (I've noticed that many employers value this skill)
-Searched through Kaggle datasets to do a new project just for fun.",0,20
1386819109833396224,2149586883,vperez2000,Mon Apr 26 23:06:56 +0000 2021,"#66daysofdata #R3 #Day14 by @KenJee_DS
@DataCamp DS track

Started Statistical Thinking in #Python 

Sometimes I stop and wonder if this will be easier without the developer mode in my head ... data is just data &amp; my brain is just trying to see what it's the best way to code 🤪",0,11
1386805278654468096,1108597836755755009,maisdev,Mon Apr 26 22:11:58 +0000 2021,"Started udemy data science course. Warming up after a little break. I am following my quarterly plan, on #machinelearning, #python and #blockchain tech. #66daysofdata",3,5
1386804593015803910,1649054340,a_escontrela,Mon Apr 26 22:09:15 +0000 2021,"Day 27 #66daysofdata #100DaysOfMLCode doing some changes in the web scraping project, adding new features to the dataset. Next I will finish up error handling and load the data to SQLite",0,12
1386803798677417988,822280007502295041,_paulo_lopez_,Mon Apr 26 22:06:05 +0000 2021,"#100DaysOfMLCode #100DaysOfCode #66daysofdata #Python 

🔹 Check out MLFeatureSelection - Features selector based on the self selected-algorithm, loss function and validation method.

https://t.co/GZH30C76oV",5,9
1386786469805690880,554435225,hmatalonga,Mon Apr 26 20:57:14 +0000 2021,"Day 42 of #66DaysofData. About AI fairness from the Kaggle ""Intro to AI Ethics"" course. The four fairness criteria are:
1. Demographic parity / statistical parity
2. Equal opportunity
3. Equal accuracy
4. Group unaware / ""Fairness through unawareness.""",0,8
1386779424390107139,1295354412794249219,thebrowndeity,Mon Apr 26 20:29:14 +0000 2021,"Day 30 of @KenJee_DS #66daysofdata:
I wanted to start Data Visualization,but I needed to get a tight grip on statistics skills

I learnt a lot about Classification of data into Categorical and Numerical Data, Levels of Measurements and ways of visualizing data based on their type",0,12
1386770471908167684,1300492664308146176,MarkusM99098101,Mon Apr 26 19:53:40 +0000 2021,Day 54 #66DaysOfData r2: went half through ch 10: which is about predicting continuous target variables with regression. Read a blog post about the python library Texthero. A toolkit to work with text-based datasets. https://t.co/iJ16myRP3N,0,10
1386766983404851203,63557338,egm_photo,Mon Apr 26 19:39:48 +0000 2021,"Day 113 of #66DaysOfData with @KenJee_DS 

Getting intimate with the data composed of messages from the Python Discord server. Exploring structure, different kinds of messages, authors of those messages. Asking clarifying questions to know how best to navigate this exploration. https://t.co/KeACXrK4JE",0,8
1386762118817452032,822280007502295041,_paulo_lopez_,Mon Apr 26 19:20:28 +0000 2021,"#100DaysOfMLCode #100DaysOfCode #66daysofdata #Python 

🔹Went over a guide for future engineering and selection

https://t.co/MQ9NchqepE",6,5
1386755181702914048,822280007502295041,_paulo_lopez_,Mon Apr 26 18:52:54 +0000 2021,"#100DaysOfMLCode #100DaysOfCode #66daysofdata #Python 

The Art of feature engineering:

“At the end of the day, some machine learning projects succeed and some fail. What makes the difference? Easily the most important factor is the features used.”

— Prof. Pedro Domingos",3,12
1386754425524350978,822280007502295041,_paulo_lopez_,Mon Apr 26 18:49:54 +0000 2021,"#100DaysOfMLCode #100DaysOfCode #66daysofdata #Python 

🔹Working on 4 ML common related problems:
1. Classification 2. Regression 3. Anomaly Detection &amp; 4. Clustering https://t.co/FQSB3asKq8",2,5
1386749297274724353,1331398329977032707,aloknag_DS,Mon Apr 26 18:29:31 +0000 2021,"Day 35 of #66DaysOfData Round 2 :

- read an article from AnalyticsVidhya and watched videos from statquest about random forest and decision tree. 
- Understood the concept of entropy and information gain to select feature 
for splits in decision trees.",0,13
1386745669461979139,995452348280573955,Just_Jordan_T,Mon Apr 26 18:15:06 +0000 2021,Day 30: #66DaysOfData finished Simpsons paradox notebook. still reading through CH8 'Art Of Statistics' along with some probability theory as well. #Python #CodeNewbie #DataScience,0,2
1386742616709009408,32453704,anyachocolat,Mon Apr 26 18:02:58 +0000 2021,"Day 28 of #66DaysOfData:
- finally found a nice elegant solution to a prime factor problem that i've been working on 💪",0,17
1386735730454458369,406512519,rohan_kumawat,Mon Apr 26 17:35:37 +0000 2021,"Day 48 of #66daysofdata and #100DaysofCode
Studied Image Matching, SIFT, some research papers, and applied SIFT too. 🌈",5,8
1386735726117613569,406512519,rohan_kumawat,Mon Apr 26 17:35:36 +0000 2021,"Day 39 to 47 #66daysofdata and #100DaysOfCode 
Ugh! Pretty inconsistent with not tweeting every day about what I'm doing. Even on the days when I didn't felt doing anything, I saw videos of @KenJee_DS and @Krishnaik06 on Resume, machine learning things, and much more.",5,9
1386729421512470530,731856877139558400,ABYA80,Mon Apr 26 17:10:32 +0000 2021,"R2: #66daysofdata with @KenJee_DS 

Day 40:
- Did a little cleaning🧹 of the data scraped yesterday &amp; plotted some graphs📈 using matplotlib.
- Was exploring #python Tkinter today, made a simple digital clock🕓 using it. https://t.co/Xt0BbvZWCS",1,27
1386725006202212354,360668611,daniellabrito26,Mon Apr 26 16:53:00 +0000 2021,"Day 29 - ML topics from scratch . 
Covered Linear regression from scratch . Cost function, gradient descent , RSS , R-squared . 
🔷Simple and Multiple Linear Regression.  
🔷 Ridge and Lasso regression implementation using gridsearchcv , residual analysis. #66daysofdata #DataSc",0,19
1386712493704155139,1362442599747870721,art9793,Mon Apr 26 16:03:17 +0000 2021,"Day 1, #66daysofdata with @KenJee_DS 

SQL: Started Learn #SQL @Codecademy 
Stats: Started with Analyzing Categorical Data Unit on @khanacademy and read an article Part 1 (of 5) by @SemikaSemika which was a great refresher on some basics
#DataScience #DataAnalytics #DataFam",1,9
1386707647471095808,444522096,BristowColin,Mon Apr 26 15:44:01 +0000 2021,Machine learning model generates realistic seismic waveforms #ArtificialIntelligence #AI #DataScience #100DaysOfCode #Python #MachineLearning #BigData #DeepLearning #NLP #Robots #IoT #RPA #futureofwork #Serverless #Linux #CuriosityForever #66daysofdata https://t.co/CCmzGEaivB,9,7
1386696525485465600,1363855621628465153,korasaju_a,Mon Apr 26 14:59:49 +0000 2021,"Day 45 of #66DaysofData with @KenJee_DS 

•Continued MySQL Mastery Class — also answered Easy/Medium SQL questions at Stratascratch. 
•Read articles on ‘How to Become a Quant’ — Planning to take my stock market technical/fundamental analysis skills to the next level.",1,12
1386688483197026312,94308247,poetratron,Mon Apr 26 14:27:52 +0000 2021,"Day 4 of #66daysofdata

Started the statistic course from DataQuest. I really like the way they explain stuffs, it's simple and easy to understand.",0,4
1386681523928289293,1377113586145751042,sustainablersyd,Mon Apr 26 14:00:13 +0000 2021,"Day 27 (yesterday) of #66daysofdata with @KenJee_DS :
- Nothing much, just started listening to a new DS podcast called Linear Digressions 🤓",0,19
1386669612582916104,1137782574036635649,thedataprof,Mon Apr 26 13:12:53 +0000 2021,"Hi friends, the first episode of the @Matplotlib tutorial series kicks off with How to make Histogram plots. Tried to make this as comprehensive as possible. Hope you like it.
#66daysofdata #histogram #dataviz #datavis #datascience #python #dataanalytics #matplotlib #data https://t.co/Quc51Aid7p",11,36
1386661097986355202,1118610241,spirce,Mon Apr 26 12:39:03 +0000 2021,#66daysofdata  Day 1 will start with udemy course,0,12
1386655805626142720,444522096,BristowColin,Mon Apr 26 12:18:01 +0000 2021,Using spatial distance strategically with luxury and popular product displays #ArtificialIntelligence #AI #DataScience #100DaysOfCode #Python #MachineLearning #BigData #DeepLearning #NLP #futureofwork #Serverless #Linux #CuriosityForever #66daysofdata https://t.co/QrUh4C5cIa,6,4
1386652641497731075,1276070101196795904,thinam_,Mon Apr 26 12:05:27 +0000 2021,"Single Shot Multi Box Detection: 
I have presented the implementation of Training Single Shot Multi Box Detection Model, Loss and Evaluation Functions. #MachineLearning #DeepLearning #66daysofdata https://t.co/jzEYdHNpL9",3,4
1386640458688856069,444522096,BristowColin,Mon Apr 26 11:17:02 +0000 2021,Group-based access to Azure Files in the new SAS Viya #ArtificialIntelligence #AI #DataScience #100DaysOfCode #Python #MachineLearning #BigData #DeepLearning #NLP #Robots #IoT #RPA #futureofwork #Serverless #Linux #CuriosityForever #66daysofdata #sasusers https://t.co/t9cA3r8Z0t,8,6
1386631130565152771,1137782574036635649,thedataprof,Mon Apr 26 10:39:58 +0000 2021,"Want to develop your very own interactive web apps? Learn how to code your own #webapps in #Python using the @Streamlit library for #FREE  
👇Click the link to the YouTube playlist below 👇
https://t.co/oKylhPrjM4
#66daysofdata #streamlit #dataprofessor #datascience #data https://t.co/KTs1qLBjC1",11,24
1386626865725526017,444522096,BristowColin,Mon Apr 26 10:23:01 +0000 2021,Toward new solar cells with active learning #ArtificialIntelligence #AI #DataScience #100DaysOfCode #Python #MachineLearning #BigData #DeepLearning #NLP #Robots #IoT #RPA #futureofwork #Serverless #Linux #CuriosityForever #66daysofdata https://t.co/7c9I2MHrYe,8,5
1386620025369284610,1137782574036635649,thedataprof,Mon Apr 26 09:55:50 +0000 2021,"Jake (co-founder of Mito) gives a quick demo showing us how to use the #Mito library for pre-processing tabular #datasets in #Python. Did I mention you can do this graphically via point and click with minimal coding.
https://t.co/wJF8sye9y3
#66daysofdata #datascience #data https://t.co/NPUdivgfEm",2,12
1386619542839828481,1137782574036635649,thedataprof,Mon Apr 26 09:53:55 +0000 2021,"Jake (co-founder of Mito) gives a quick demo showing us how to use the #Mito library for pre-processing tabular #datasets in #Python. Did I mention you can do this graphically via point and click with minimal coding.
https://t.co/wJF8sye9y3
#66daysofdata",2,10
1386616812553445378,1329313525974532097,AyubRasool14,Mon Apr 26 09:43:04 +0000 2021,Day 25/66: watched plotly videos             Day 26/66: finish up to week 3 of the first course of Google data analytics. #66daysofdata,0,15
1386601687498977284,19448058,paulapivat,Mon Apr 26 08:42:58 +0000 2021,"R3: Day 23 #66daysofdata

• finally passed all unit tests for arithmetic_formatter 😅

Onwards! https://t.co/07hYzt6nsn",0,3
1386571620869971969,1324652185964204033,meyke9976,Mon Apr 26 06:43:30 +0000 2021,"Day 108 of #66daysofdata by @KenJee_DS 
I took it easy... read the first chapter of Practical Statistics for Data Scientists",0,23
1386552152928235523,397272525,shatandv,Mon Apr 26 05:26:08 +0000 2021,"Day 111 of #66DaysOfData:
- Started the @DataCamp Intro to Data Engineering course.",0,16
1386538404507262977,168046022,ribhunirek,Mon Apr 26 04:31:30 +0000 2021,Moving on to Day 4 of #66DaysOfData: completed course 1 of Google DA coursework,0,7
1386534038395973638,1267805283511750660,Binal_BP,Mon Apr 26 04:14:09 +0000 2021,"Day 4: #66DaysOfData

Finished module 3 of Intro to Business Analytics. I learned about an in-dept view of end-to-end process in an organisation. Tomorrow I’ll be learning more about Metrics and KPIs.",0,16
1386503100337360898,59787963,jamesnan,Mon Apr 26 02:11:13 +0000 2021,"Day 55 : #66DaysOfData

Finished ""Storytelling Data Visualization"" mini project @ Dataquest,  made 3 visual stories from exchange rate dataset https://t.co/zgo8J38erE",0,5
1386502541735645184,969343076442542081,JaimeAAvendano,Mon Apr 26 02:09:00 +0000 2021,"Day 58-59 of #66DaysofData-

Going through the first lessons with #PySpark. The basics of map and reduce are straightforward. But setting up functions in a way that can be called in parallel is an art form.",0,17
1386484777524469760,1266599735881687040,ChinWuChen1,Mon Apr 26 00:58:25 +0000 2021,D31 #66daysofdata - switching gear today to continue learning about API driven development.,0,8
1386464810846593033,2149586883,vperez2000,Sun Apr 25 23:39:04 +0000 2021,"#66daysofdata #R3 #Day13 by @KenJee_DS
@DataCamp DS track
A lot of 🤸‍♀️this weekend 👀

Finished the Analyzing Police Activity Project, was fun with the MA dataset, I did the respective EDA.
My conclusion: MA is a very nice state to live🤓 Reasons for stop here ➡️ Just Speed 💨💨💨 https://t.co/0Q12Etug8Z",0,11
1386463594922000388,1291114285507186690,jaimedatalatte,Sun Apr 25 23:34:14 +0000 2021,"D.7 #66DaysofData

Felt like start writing today🧐

A small reflection on how to approach failure using statistics. Very first blog post 😅 be kind :)

https://t.co/mB8hGcmrgs",1,26
1386428205482004482,602408175,golubovalex,Sun Apr 25 21:13:37 +0000 2021,Days 6 &amp; 7 of #66daysofdata: Python for Everybody video about Conditional Execution; Functions and Packages section from Data Camp Introduction to Python; Also exercises from Inroduction chapter of Math for Computer Scientists book and reading introduction of Statistics textbook.,0,8
1386418072211255298,1361227694889967616,dataQueen_pend,Sun Apr 25 20:33:21 +0000 2021,"Day 2 round 2 of #66daysofdata 

Ohhhh... So that's how the arrays work 🌞.
I must say... Numpy is my love at a first sight ❤️.

@simplilearn 
@DataCamp 

There is a free access to all courses at Data Camp - if anyone is interested 😁. https://t.co/gg2fbCuH9T",0,14
1386416042885271555,1300492664308146176,MarkusM99098101,Sun Apr 25 20:25:17 +0000 2021,"5/x
Day 9 of #66DaysOfData! ""Machine Learning"" by AndrewYNg on #Coursera.Part of the course:- Week5/Regularization: Logistic regression, decision trees and random forest.",0,4
1386415845421707264,1300492664308146176,MarkusM99098101,Sun Apr 25 20:24:30 +0000 2021,"4/x
Day 25 of #66daysofdata:Finished ""Intro to importing SQL data"" on Data Camp.",0,3
1386415745660190720,1300492664308146176,MarkusM99098101,Sun Apr 25 20:24:06 +0000 2021,"3/x
Day 12 of #66daysofdata :Didn't do much today, I worked on a kaggle project for the time being and then I watched a couple of videos on",0,2
1386415242544963587,1300492664308146176,MarkusM99098101,Sun Apr 25 20:22:06 +0000 2021,"2/x
Day 7: 2nd round #66daysofdata - completed project of data visualization on (@)HackerRank. It's not sure if I'll continue, but i'm excited to try and watch how it goes!",0,3
1386415021073125376,1300492664308146176,MarkusM99098101,Sun Apr 25 20:21:14 +0000 2021,"Day 53 #66DaysOfData r2: I used Google Colab to train a 124M GTP-2 model for 1 hour and 20 minute (2000 epochs) on the tweet data. Not all of them are perfect but it is a start. 

👇 Here are some examples:",0,10
1386409684047908878,554435225,hmatalonga,Sun Apr 25 20:00:01 +0000 2021,"Day 41 of #66DaysofData. Continued the Kaggle course about AI Ethics. There are six types of bias: Historical, Representation, Measurement, Aggregation, Evaluation and Deployment bias according to the research paper below https://t.co/vYB2F5Uva9",0,11
1386409286738210816,1300432246432768001,DaedalusDream,Sun Apr 25 19:58:26 +0000 2021,"But I think I am just gonna take it easy for some time. I did take this ""Hack-A-TON"" a bit too much at heart and I need to recover. 

Anyways, good luck all and remember ... #66daysofdata #666daysofdata or even ....#alifeofdata

habits and constance are your best ally for this :)",0,3
1386400279185133569,324583975,georgekanellos,Sun Apr 25 19:22:39 +0000 2021,"Days 26-28(R2) of #66daysofdata by @KenJee_D

Worked on developing two prediction models for regular season outcomes. Both boosting (XGboost and catboost). Tomorrow I will look in more detail into the hyperparameters!",0,16
1386399145188077572,32453704,anyachocolat,Sun Apr 25 19:18:08 +0000 2021,"Day 27 of #66DaysOfData:
- read about lambda functions 
- worked on a couple of Euler's problems",0,14
1386393279374135296,1649054340,a_escontrela,Sun Apr 25 18:54:50 +0000 2021,"Day 25 &amp; 26 #66daysofdata #100DaysOfMLCode back to Python basics, having some fun using Beautifulsoup, regex, dicts, pandas, json, requests to adapt the dataset for ETL project.",1,13
1386391923569553408,2562318241,NeemaMV,Sun Apr 25 18:49:27 +0000 2021,"Day 55 of #66daysofdata
Listened to @narrativesci podcast How Analytics Helps You Marry Data &amp; Gut Instinct. Featuring Wendy Zajack https://t.co/sa7vHvpNuJ",0,11
1386371394406027266,731856877139558400,ABYA80,Sun Apr 25 17:27:52 +0000 2021,"R2: #66daysofdata with @KenJee_DS 

Day 39:
- Started Data Visualisation @kaggle course.
- Continuing web scrapping✂️ of laptop💻 ratings and reviews from Flipkart 🛒.
- Ran🏃‍♂️ into lot of errors❌ while importing everything into pandas DataFrame, so.. still dealing with them.",0,25
1386368026337964035,1331398329977032707,aloknag_DS,Sun Apr 25 17:14:29 +0000 2021,"Day 34 of #66DaysOfData Round 2 :

- watched short videos with introduction to random forests, naive bayes classifiers and gradient boosted decision trees.

- learned how these algorithms work and their code implementation through sklearn along with paramter tuning.",0,14
1386365469037240323,19448058,paulapivat,Sun Apr 25 17:04:19 +0000 2021,"R3: Day 22 #66daysofdata 

• submitted arithmetic_formatter, but still failing tests 🤔 https://t.co/L7gMW4LfVi",0,5
1386363928884690947,1361227694889967616,dataQueen_pend,Sun Apr 25 16:58:12 +0000 2021,"Day 1 round 2! #66daysofdata

Yesterday - continuing to proccess (😂) nested while loops in Guess The Number game with @simplilearn.

Finally! Made it through! 😁

I'm happy to share that I see real progress in understanding how the loops work. And I'm able to do simple debugs. https://t.co/SgZwvCBIOI",0,17
1386360937104412676,951871594376376320,JackRaifer,Sun Apr 25 16:46:19 +0000 2021,"Are CO2 levels related to the average temperature?
This graph gives us some insights.
@matplotlib 
#66DaysOfData
#DataScience https://t.co/a8h8fB1sfQ",0,11
1386352543064674307,94308247,poetratron,Sun Apr 25 16:12:58 +0000 2021,"Day 3 of #66daysofdata, it's Sunday and I'm slacking a lil bit lol. Today I didn't study a lot, just reviewing statistics from my previous course, learned tangent line and derivative function also watch some videos from @KenJee_DS",0,6
1386332325240135683,1363855621628465153,korasaju_a,Sun Apr 25 14:52:37 +0000 2021,"Day 44 of #66DaysofData with @KenJee_DS 

•Continued MySQL Mastery Class — I’ll finish this plus the MySQL + Tableau integration lessons before round 1 ends. 
•Watched KenJee’s “The 7 Biggest Data Science Beginner Mistakes”
•Started studying advanced Data Wrangling on Trifacta",0,11
1386293088390238211,1276070101196795904,thinam_,Sun Apr 25 12:16:43 +0000 2021,I have presented the implementation of Single Shot Multi Box Detection Model and Dataset Initialization using PyTorch. #MachineLearning #DeepLearning #66daysofdata https://t.co/55CskzY3aO,1,6
1386292940293636098,209191879,bhatnagarkush,Sun Apr 25 12:16:07 +0000 2021,"Day 77-78/R2 of #66daysofdata : Learned about 
Apache Spark and it's underlying components and how @awscloud EMR is implementing the same
#MachineLearning #AWS #DataScience",1,9
1386263140120207360,2352929006,AkirasGames,Sun Apr 25 10:17:42 +0000 2021,"Day 9 : Finished pandas course from Kaggle
#66daysofdata",0,7
1386261180923121664,397272525,shatandv,Sun Apr 25 10:09:55 +0000 2021,"Day 110 of #66DaysOfData:
- Completed the @DataCamp Data Engineering for Everyone course,
- Did a revision of my Docker notes and made a webinar outline for Docker basics.",0,17
1386255295144288256,360668611,daniellabrito26,Sun Apr 25 09:46:32 +0000 2021,"Day28 - Random Forest implementation in sklearn. 
🔶 Performing hyper parameter tuning and learning use of gridsearchcv . 
🔶Using RF classifier on a heart disease prediction data set . #MachineLearning #66daysofdata #coding #randomforest",1,16
1386249310552088577,1324652185964204033,meyke9976,Sun Apr 25 09:22:45 +0000 2021,"Day 107 of #66daysofdata 
After giving the tweets dataset a rest for a while, I started a deep learning course on @nvidia. I really like it so far! Thanks @KenJee_DS for the credits!",0,19
1386241076357386240,722533518,nelotsak,Sun Apr 25 08:50:02 +0000 2021,"Created a λ function which gets triggered to retrieve metadata from new objects, the moment there is an s3 bucket update

#66daysofdata 
#AWS https://t.co/IoqwbOagwZ",0,6
1386211166788087809,1137782574036635649,thedataprof,Sun Apr 25 06:51:11 +0000 2021,"Learn #Python for free at Coding Professor YouTube Channel
https://t.co/hdkRl1QACU

#66daysofdata #learnpython #python101 #pythontutorial #codingprofessor https://t.co/KTyvmgcZKj",12,24
1386200580889059328,1137782574036635649,thedataprof,Sun Apr 25 06:09:07 +0000 2021,"Hi friends, the fifth episode of the #free #Python #tutorial series on my second channel (Coding Professor) is live.
It's on Arithmetic operators (add, subtract, multiply, divide and power)
https://t.co/FfJHgMcvLu
#66daysofdata #datascience #learnpython #coding #learncoding",6,16
1386169607535284225,995452348280573955,Just_Jordan_T,Sun Apr 25 04:06:02 +0000 2021,Day 29: working on jupyter notebook on Simpson's paradox. reading through CH8 'Art Of Statistics' #66daysofdata #Python #DataScience,4,5
1386160568453668866,1267805283511750660,Binal_BP,Sun Apr 25 03:30:07 +0000 2021,"Day 3: #66DaysOfData

Finished the 2nd module of Intro to Business Analytics course. Today’s lesson was about how Business Intelligence can be used to understand a company’s stakeholder’s expectations and the importance of end-to-end process mapping to achieve them.",0,18
1386153982863634439,1137782574036635649,thedataprof,Sun Apr 25 03:03:57 +0000 2021,"A handy article to get data for your #datascience #dataanalytics projects
#66daysofdata https://t.co/AeCde9uSuG",4,7
1386153214224048133,59787963,jamesnan,Sun Apr 25 03:00:54 +0000 2021,"Day 54 : #66DaysOfData

 Working on ""Storytelling Data Visualization"" mini project @ Dataquest.",0,5
1386138695103913985,1291114285507186690,jaimedatalatte,Sun Apr 25 02:03:12 +0000 2021,"D.6 #66DaysofData 

Played around with this week’s make over monday (too ugly to publish 🥲) i really want to get better at tableau 😩",0,21
1386133143388819456,1377113586145751042,sustainablersyd,Sun Apr 25 01:41:09 +0000 2021,"Day 24 + 25 of #66daysofdata with @KenJee_DS 
- Lots of Looker, dbt and sifting through existing GitHub repos!! 
Day 26 (today) I’m just starting to take a look at Kaggle competitions, will be beginning one soon! If anyone has kaggle comp experience share some advice :)",0,20
1386126948133482496,168046022,ribhunirek,Sun Apr 25 01:16:32 +0000 2021,Day 3 of #66DaysOfData: completed week4 of Google DA certification. More of a weekend Saturday than productive one but its okay,0,7
1386106876396441601,870577174184685568,digitalaube,Sat Apr 24 23:56:46 +0000 2021,"Day 7 #66daysofdata learn to use python, numpy and pandas.",1,7
1386090428609531906,32453704,anyachocolat,Sat Apr 24 22:51:25 +0000 2021,"Day 26 of #66DaysOfData:
- read a bit of ""A Byte of Python""",0,15
1386070026751447041,18383562,pathria,Sat Apr 24 21:30:20 +0000 2021,#66daysofdata Day 19 Advantages of learning ML with Javascript instead of Python https://t.co/ubpXFQY4Np,0,0
1386060984045867010,1059200207756423170,Aamna__Suhail01,Sat Apr 24 20:54:25 +0000 2021,"#66daysofdata 
Day 24  with @KenJee_DS

@Krishnaik06 
Statistics Playlist done !!

Complete Machine Learning 
Python Basics done!!

Will start the Feature Engineering Playlist of Krish. 

And practicing whatever I've learned so far.",1,13
1386045203438505988,1300492664308146176,MarkusM99098101,Sat Apr 24 19:51:42 +0000 2021,"Day 51 and 52  #66DaysOfData r2:
D51: read more about gpt-2 and text generation. Here is a blog post with nice visualizations of gpt-2: https://t.co/FHKd6FkT7A

D52: started to read ch.9 of Python Machine Learning which introduced me to flask, so I played around with it.",1,12
1386030051670568967,1282311789464760321,HeqiqetEhmedova,Sat Apr 24 18:51:30 +0000 2021,"day 16&amp;17 of #100DaysOfCode ; #66daysofdata 
  +watched the Code in Place lessons
  +finished the assignments and exercises.
  +worked on WQU projects",8,16
1386019936577802244,1331398329977032707,aloknag_DS,Sat Apr 24 18:11:18 +0000 2021,"Days 32 and 33 of #66DaysOfData Round 2:

I worked on a jupyter notebook calculating evaluation metrics for classification models using sklearn.metrics module.
accuracy, precision, recall, AUC etc.
(1/3)",0,10
1386013999389503490,731856877139558400,ABYA80,Sat Apr 24 17:47:43 +0000 2021,"R2: #66daysofdata with @KenJee_DS 

Day 37 &amp; 38:
- Finished the Data Cleaning course on @kaggle.
- Watched some videos on Data Cleaning.",0,20
1386002282693550082,1322620958327255040,Datavisz,Sat Apr 24 17:01:09 +0000 2021,"Day 47 of #66daysofdata : Implemented leave one out, K fold and bootstrap sampling in python.",0,10
1385999379442454528,1363855621628465153,korasaju_a,Sat Apr 24 16:49:37 +0000 2021,"Day 42–43 of #66DaysofData with @KenJee_DS 

•Continued MySQL Mastery Class 
•Successfully presented to my team the real estate dataset I’ve worked on — my Company CEO, who’s a Data Scientist, commended me before my presentation ended 🥺
•Introduced Trifacta to my team.",0,11
1385990969326284807,1108597836755755009,maisdev,Sat Apr 24 16:16:12 +0000 2021,"After a two weeks of break, ready to start #66daysofdata #66daysofpython and #66daysofblockchain on Monday. Meanwhile I upgraded my #ubuntu, increased disk size and configured #vim for #python (I will use vim and jupyter nb for python). Feel hungry for knowledge...",1,5
1385986632730431489,1324652185964204033,meyke9976,Sat Apr 24 15:58:58 +0000 2021,"Day 106 of #66daysofdata by @KenJee_DS 
My computer seems to have a lot more trouble with running NLP code then running code on other types of data... becomes a bit annoying. I might switch to a different challenge... lots to learn and this is just ahhhhhhhhh frustrating",0,20
1385982872142503943,444522096,BristowColin,Sat Apr 24 15:44:01 +0000 2021,Looking to connect with other curious and innovative thinkers? Register now for #SASGF and join the events (free) Innovation Hub with 15 live demo and virtual meeting rooms. #ArtificialIntelligence #AI #DataScience #CuriosityForever #66daysofdata https://t.co/0iZd9Kiev2,1,4
1385977548236988420,1354069663223746560,termsposter,Sat Apr 24 15:22:52 +0000 2021,"Day &lt;10-12&gt; of #66DaysOfData:
- Worked on a mini python project
- Learned about File IO, exception handling, debugging
- Started Numpy",1,7
1385959593067507713,1358153233814802433,prateekbud,Sat Apr 24 14:11:31 +0000 2021,"Day 3 || Day 4 :

✅ Mathplot lib
🟨 Writting Pandas blog

#66daysofdata",0,9
1385938909432012800,722533518,nelotsak,Sat Apr 24 12:49:20 +0000 2021,"Implemented another state machine, this time with a: pass state, choice, wait, and parallel (for parallel executions) states
 
#66daysofdata 
#AWS https://t.co/tWrobqFOb6",1,3
1385923081563111429,1276070101196795904,thinam_,Sat Apr 24 11:46:26 +0000 2021,"Single Shot Multi Box Detection Algorithm: 
I have presented the implementation of Base SSD Network and Complete SSD Model. #MachineLearning #DeepLearning #66daysofdata #DataScience https://t.co/PkKUZHljNy",1,2
1385915681074413569,444522096,BristowColin,Sat Apr 24 11:17:02 +0000 2021,"Energy and utility leaders have a unique opportunity to use their businesses as a force for good. #ElectrifyingAI, @DukeFuqua dean Bill Boulding shares his views. #ArtificialIntelligence #AI #DataScience #100DaysOfCode #MachineLearning #66daysofdata https://t.co/ILLgwtAfb3",9,5
1385915196082778114,1362442599747870721,art9793,Sat Apr 24 11:15:06 +0000 2021,"I'm not stuck up on the plan or the resources to use as I understand what I think at the moment is helpful and possible, might not be that great after all. 
As @KenJee_DS has pointed out #66daysofdata is not for you to learn everything in DS but to but a daily learning habit.",0,3
1385915194157633540,1362442599747870721,art9793,Sat Apr 24 11:15:06 +0000 2021,#Statistics : I'm planning to start with the Statistics &amp; Probability Course on @khanacademy and then move on to a Business Analytics text. #66daysofdata,0,2
1385915192349904899,1362442599747870721,art9793,Sat Apr 24 11:15:05 +0000 2021,"Tools: I think I suck at coding and currently think of it as something that is stopping me from progressing in my #DataJourney so I'm deciding to tackle it head on. Will be starting with SQL and Python on @Codecademy and then move to HR.
#CodeNewbies #100DaysOfCode
#66daysofdata",1,2
1385915190168805376,1362442599747870721,art9793,Sat Apr 24 11:15:05 +0000 2021,"I consider myself a novice although I have working knowledge, experience in SQL. I have previously studied Statistics a couple of years ago but I've mostly forgotten stuff.

So the plan in these #66daysofdata is to learn data problems using
1. Tools (SQL, Python)
2. Statistics",0,2
1385915188272975879,1362442599747870721,art9793,Sat Apr 24 11:15:04 +0000 2021,"Planning to start the #66daysofdata challenge on 26th April to finish on 30th June

Would love to have someone to do it together with - aka an accountability partner, so if you're in, HMU

A rough plan for these 66 days in the thread.

@KenJee_DS #DataScience #DataFam #Analytics",0,7
1385901515706093570,32453704,anyachocolat,Sat Apr 24 10:20:44 +0000 2021,"Day 25 of #66DaysOfData:
- continued with the course, mostly reviewing stuff",0,6
1385879190503784449,444522096,BristowColin,Sat Apr 24 08:52:02 +0000 2021,PostFinance uses advanced analytics to reimagine marketing and personalize customer experiences. #ArtificialIntelligence #AI #DataScience #100DaysOfCode #MachineLearning #BigData #DeepLearning #NLP #Robots #IoT #RPA #futureofwork #Serverless #66daysofdata https://t.co/KfohSi96Y6,14,6
1385878089427718144,397272525,shatandv,Sat Apr 24 08:47:39 +0000 2021,"Day 109 of #66DaysOfData:
- Finished the @365datascience AI Product Management course. I really enjoyed how @DanielleThe presented the material,
- Learned about what a Data Lakehouse is. Eager to see how this tech develops.",0,9
1385860744311238658,2352929006,AkirasGames,Sat Apr 24 07:38:44 +0000 2021,"Day 8 : Spent more time on Random Forest articles
#66daysofdata",0,2
1385857796357431296,554435225,hmatalonga,Sat Apr 24 07:27:01 +0000 2021,"Day 40 of #66DaysofData. Started the Kaggle micro-course on ""Intro to AI Ethics"". Important topics covered. There are some types of bias that I was not aware of at first. Take a look: https://t.co/7jcdH0fVHM",0,7
1385849175108046848,1267805283511750660,Binal_BP,Sat Apr 24 06:52:45 +0000 2021,"Day 2: #66DaysOfData

I wanted to learn more about how businesses can use analytics/analysis to make better decisions. So I started a new course: Intro to Business Analytics. Today’s module introduced the course and I’m looking forward to explore it!🤓",0,14
1385812693760741378,1291114285507186690,jaimedatalatte,Sat Apr 24 04:27:48 +0000 2021,"D.5 #66DaysofData 

I finished week 1 of  google data analytics.

It was an introductory week so the final part was some sort of commitment and motivation to complete the course (it takes between 3-6 months to do so) 

Signing this isn’t mandatory, but is a personal commitment https://t.co/WDrF6UnZah",0,22
1385804781483143174,59787963,jamesnan,Sat Apr 24 03:56:21 +0000 2021,"Day 53 : #66DaysOfData

Learn seaborn.relplot() @ dataquest https://t.co/4tfkS9FJn6",0,6
1385789394737504260,1137782574036635649,thedataprof,Sat Apr 24 02:55:13 +0000 2021,"Top 5 #Python Libraries for #DataVisualization
https://t.co/NJoUflN9yO

#66daysofdata #datavisualisation #dataviz #datavis #datascience #dataanalytics #codingprofessor #matplotlib #seaborn #bokeh #plotly #altair https://t.co/8eKJ5hTxAj",11,27
1385774488952967172,870577174184685568,digitalaube,Sat Apr 24 01:55:59 +0000 2021,Day 6  #66daysofdata learn Data science with python concepts from datacamp.,2,5
1385765427754635266,969343076442542081,JaimeAAvendano,Sat Apr 24 01:19:58 +0000 2021,"Day 57 of #66DaysofData-

Started an #edX course on Big Data Analytics using Spark. First time learning about working with Big Data. Should be fun!",0,14
1385746182954172417,1291243974611668992,pristdata,Sat Apr 24 00:03:30 +0000 2021,"Day 44 of #66daysofdata: 

-Learned more about AWS, Hadoop, Mapreduce and Spark.
-Read this article which could help anyone who has multiple interests (just like many data scientists do) get over the fear of being a ""master of none"", very inspiring.
https://t.co/HuUDsoGxqr",0,19
1385733413349515266,63557338,egm_photo,Fri Apr 23 23:12:46 +0000 2021,"Day 110 of #66DaysOfData with @KenJee_DS 

From graphs to discordant python.

Data Engineering Q&amp;A.

Data Science Office Hours.

Details here: https://t.co/esWSYO74Bc https://t.co/4qTK3gQbtF",1,8
1385711710565175304,1295354412794249219,thebrowndeity,Fri Apr 23 21:46:31 +0000 2021,"Day 29 of @KenJee_DS #66daysofdata:

Wow it's been quite long, almost more than a month, I've been having exams and I had to put my learning experience at a halt, but here I am, bigger and thirsty for more knowledge.

I revised my Pandas and Numpy skills today, more tomorrow",0,10
1385696803107004422,602408175,golubovalex,Fri Apr 23 20:47:17 +0000 2021,Day 5 of #66daysofdata - Python for Everybody video about Intermediate Expression; Python Lists section from Data Camp Introduction to Python; Also reading and exercising from introductory part of Math for Computer Scientists and reading introduction of my Statistics textbook.,0,7
1385682692700790802,1324652185964204033,meyke9976,Fri Apr 23 19:51:13 +0000 2021,"Day 105 of #66daysofdata by @KenJee_DS 
I reopened the tweets dataset again. From sentiment analysis back to the question 'is this tweet abour a real disaster or not?' 
Also ""cleaned up"" the power BI report in order for me to be able to add it to my portfolio (no brands etc)",0,21
1385672552106893314,1361227694889967616,dataQueen_pend,Fri Apr 23 19:10:55 +0000 2021,"Day... 66! 🎉🍾🌋 ...
(that last one is maybe a little... Just...a little too much 😂) 

Continued on loops today and will continue tomorrow... and day after. 

Today I've finished #66daysofdata by @KenJee_DS, but... I'm far from over with this LIFE challenge.

See you tomorrow! https://t.co/PRL1t6cXc5",0,22
1385657464964661253,1649054340,a_escontrela,Fri Apr 23 18:10:58 +0000 2021,"Day 24 of #66daysofdata #100DaysOfMLCode continue working on Google Cloud Big Data and ML course, studying about design and implement streaming data pipelines",0,14
1385656653417222150,168046022,ribhunirek,Fri Apr 23 18:07:45 +0000 2021,"Going strong with Day 2 of the #66daysofdata challenge. Completed week 3 of Google Data Analytics Certification, practiced SQL exercises on https://t.co/Ni0feJXJtf, and made a visualization of my daily coffee intake in Excel.",0,7
1385646190608277509,19448058,paulapivat,Fri Apr 23 17:26:10 +0000 2021,"R3: Day 21 #66daysofdata 

•  Got an implementation of arithmetic_formatter down, it's verbose, but I get it.
•  Created a SQL query for Ethereum's Network Hashrate for Dune Analytics (still buggy, wip) https://t.co/cgrcnfSbXG",0,4
1385643802036117504,1355938756583321609,Sinnerman____,Fri Apr 23 17:16:41 +0000 2021,"#66daysofdata 
Day 34: Learnt about the basics of R using tutorialspoint channel in YT",0,7
1385628488292466690,1380162896462815233,hqfarzana,Fri Apr 23 16:15:49 +0000 2021,"Day 1-2: 
Started edX's IBM course- Python Basics for Data Science.
Had types, expressions, and variables refresher.
Effort: about 15 mins
#66DaysofData  #100DaysOfCode #CodeNewbie #Python #DataScience #Bioinformatics",16,19
1385620484146950145,444522096,BristowColin,Fri Apr 23 15:44:01 +0000 2021,Analytics helps ensure fair and balanced pay structures across Sweden’s public sector. #AI #DataScience #100DaysOfCode #Python #MachineLearning #BigData #NLP #Robots #IoT #RPA #futureofwork #Serverless #Linux #CuriosityForever #66daysofdata https://t.co/DAAdKKBgpE,7,7
1385589081954918403,2352929006,AkirasGames,Fri Apr 23 13:39:14 +0000 2021,"Day 7 : Learnt how Decision Tree Regressor and Random Forest Regressor work
#66daysofdata",0,6
1385588353978929154,1276070101196795904,thinam_,Fri Apr 23 13:36:21 +0000 2021,"Single Shot Multiple Detection Algorithm: 
I have presented the implementation of Initializing Category Prediction Layer and Height &amp; Width Down Sample Block. #MachineLearning #DeepLearning #66DaysOfData https://t.co/KUxRoNHtZF",0,3
1385561451889188868,1137782574036635649,thedataprof,Fri Apr 23 11:49:27 +0000 2021,"Hi friends, Episode 4 of the #Python tutorial for beginners is live at https://t.co/kv6I0CpkyR
We'll be learning how to combine different Data Types (Integers and Strings) in a single statement
#66daysofdata #datascience #machinelearning #learnpython #python101",3,7
1385498792783454211,63557338,egm_photo,Fri Apr 23 07:40:28 +0000 2021,"Day 109 of #66DaysOfData with @KenJee_DS 

Deep dive into @neo4j, learning the Cypher query language, and data modeling with graphs. https://t.co/PDQuUHifp8",1,7
1385498001574039552,1137782574036635649,thedataprof,Fri Apr 23 07:37:19 +0000 2021,"Hi friends, here's a new video showing how to quickly deploy #machinelearning models as an app with #UI in 3 lines of code in Python 
https://t.co/u2uU9ngi5t
It supports #tensorflow #scikitlearn #colab #jupyter

#66daysofdata #datascience #bigdata #python #AI https://t.co/EyQ0wQxJRD",8,10
1385495406671548418,554435225,hmatalonga,Fri Apr 23 07:27:00 +0000 2021,"Day 39 of #66DaysofData. I noticed that Scikit-learn also provides the HalvingGridSearchCV and HalvingRandomSearchCV estimators that can be used to search a parameter space using successive halving. Be advised that is still an experimental implementation.

#DataScience",0,10
1385486528579780609,397272525,shatandv,Fri Apr 23 06:51:44 +0000 2021,"Day 108 of #66DaysOfData:
- Learned more about AI team management and communication with others for AI product management,
- Reviewed a little bit of C# on the side since I'll need it for work.",0,16
1385486031386865664,1137782574036635649,thedataprof,Fri Apr 23 06:49:45 +0000 2021,"Hi friends, Episode 3 of the #Python tutorial for beginners is live at https://t.co/DR99eSJard
The topic is Conversion of Data Types (Integers and Strings)
#66daysofdata #datascience #machinelearning #learnpython #python101",1,5
1385484305757970432,1137782574036635649,thedataprof,Fri Apr 23 06:42:54 +0000 2021,"Need help deciding which plot to make given your data situation? Meet ""From data to Viz"" by Yan Holtz (@R_Graph_Gallery) and Conor Healy 
#66daysofdata #dataviz #datavisualization #datavisualisation #dataanalytics #datascience #plot #seaborn #matplotlib https://t.co/R7qzc8virZ",4,7
1385458974175109121,1137782574036635649,thedataprof,Fri Apr 23 05:02:14 +0000 2021,"Currently editing a video to be released soon on my second channel Coding Professor which is going to be about #DataVisualization libraries in #Python. Then we're going to also kickstart a new tutorial series on #dataviz. 
👉https://t.co/dWvHqgR4D5
#66daysofdata #datascience #AI https://t.co/mZR2pP2shL",4,7
1385453681248817155,1291114285507186690,jaimedatalatte,Fri Apr 23 04:41:12 +0000 2021,"D.4 #66DaysofData 

Today I applied the first 2 steps of Crisp-DM model to a project we have a work, which is making use of the CRM data we are collecting and use it to gain insights about how we can increase customer retention.",0,28
1385451089743339520,1137782574036635649,thedataprof,Fri Apr 23 04:30:54 +0000 2021,"Official #pandas #cheatsheet to help you wrangle and preprocess #datasets in #Python 
https://t.co/HMWk0zhoOw
#66daysofdata #datascience #machinelearning https://t.co/Jaz2FA8KVH",8,16
1385450165226545158,1137782574036635649,thedataprof,Fri Apr 23 04:27:14 +0000 2021,"Having trouble choosing the right #machinelearning #algorithm for #scikitlearn? Check out this awesome #cheatsheet from @scikit_learn 
#66daysofdata #datascience #cheatsheets #python https://t.co/kYs2wFuyMs",9,16
1385447403252183044,1137782574036635649,thedataprof,Fri Apr 23 04:16:15 +0000 2021,"#Big catalog of #datascience #cheatsheets compiled by @FavioVaz 
https://t.co/IcRtpbdHRe
#66daysofdata #machinelearning #python #R",2,5
1385446909444296704,59787963,jamesnan,Fri Apr 23 04:14:18 +0000 2021,"Day 52 : #66DaysOfData

Finished a mini project : visualize i-94 traffic data@ dataquest",0,3
1385443174638751744,1329313525974532097,AyubRasool14,Fri Apr 23 03:59:27 +0000 2021,"Day 22/66, 23/66 and 24/66:                          - watched videos on plotly and read the documention.                                               - continued Google data analytics           #66daysofdata",0,13
1385440329877266434,1137782574036635649,thedataprof,Fri Apr 23 03:48:09 +0000 2021,"Tons of #Python #cheatsheets for #datascience from @DataCamp 
#66daysofdata #machinelearning #dataprofessor https://t.co/JZWEHnAqrQ",5,17
1385439498444558338,1137782574036635649,thedataprof,Fri Apr 23 03:44:51 +0000 2021,"Tons of #R #Cheatsheets from @rstudio 
https://t.co/Hcq8espYqf

#66daysofdata #datascience #machinelearning #dataprofessor https://t.co/V9hutzYaDI",3,8
1385438951566024707,1163814073752072192,EthanCDouglas,Fri Apr 23 03:42:40 +0000 2021,"Day 11 of #66daysofdata. Playing around more with rwteet. Dug up some code from @nnstats a while back to very easily look at whose tweets I like the most, congrats if you've made the cut https://t.co/lDmWTIldEp",0,13
1385435336621367298,784839510303453185,tthoraldson,Fri Apr 23 03:28:19 +0000 2021,"Days 37-39 of #66daysofdata R2: It’s been a busy few days, sorry for my lack of posts. Over the last few days I’ve been reading lots of medium articles and working through Statistical Thinking in Python part II on DataCamp.",1,9
1385407128446324738,2149586883,vperez2000,Fri Apr 23 01:36:13 +0000 2021,"#66daysofdata #R3 #Day12 by @KenJee_DS
@DataCamp DS track

Start Analyzing 📊🚔 Police Activity with Pandas, they work with the dataset of RI state, but I'm following along with MA state data 🚓🚔
What I will find??
😅
I will tell you soon!",0,7
1385404790486667274,1363855621628465153,korasaju_a,Fri Apr 23 01:26:56 +0000 2021,"Day 40–41 of #66DaysofData with @KenJee_DS 

•Attended a free webinar last night on ‘How to Tell Stories with Data’ by Dominic Bohan
•Continued MySQL Mastery Class —  Reviewed the lessons I’ve finished so far; Studied aggregate functions and SQL Joins",0,17
1385403780041101319,1267805283511750660,Binal_BP,Fri Apr 23 01:22:55 +0000 2021,"Day 1: Starting Round 2 of #66DaysOfData

I finished the Data Strategy course on @365datascience
Main takeaway: An organisation can use internal or external data to make a better decision to gain customer, understand the market insight, and produce smarter services.",0,21
1385399992928686083,1291243974611668992,pristdata,Fri Apr 23 01:07:52 +0000 2021,"Day 43 of #66daysofdata:

Had to take a long pause as I was correcting a paper for publication, but I'm back 😎
-Watched videos about different ML algorithms intuition. These always inspire me to become better at mathematics. 
-Learned the concept of ""Homoscedasticity""",0,26
1385398348681818119,1207501893582442496,HeliBaez11,Fri Apr 23 01:01:20 +0000 2021,"-Day 3️⃣0️⃣ of #100DaysOfCode 📊
Aggregating Data almost complete✅

With this little knowledge I will start a project.💼📈📉 #Python #66daysofdata #r https://t.co/8NJ7D0Y5nr",7,9
1385362646350897154,951871594376376320,JackRaifer,Thu Apr 22 22:39:28 +0000 2021,"#ThursdayThoughts
When learning to program for #DataScience, pay a LOT of attention to #DataStructures and #Algorithms. Understanding these makes all the difference between being able to DO Data Science and being able BECOME a Data Scientist.
#66daysofdata 
#programming",6,13
1385361723260121091,969343076442542081,JaimeAAvendano,Thu Apr 22 22:35:48 +0000 2021,"Completed the Google Analytics Certificate by @coursera!

#66DaysofData https://t.co/J9EdIazkrO",0,7
1385358657919979521,1266599735881687040,ChinWuChen1,Thu Apr 22 22:23:37 +0000 2021,D29 #66daysofdata - continuing my learning on NLU; creating balanced training data.,0,6
1385352738133905409,168046022,ribhunirek,Thu Apr 22 22:00:06 +0000 2021,"Excited to begin the #66DaysOfData challenge. Day 1, made progress on Google Data Analytics Certification, read about Sports Analytics, and brainstorming on a project. https://t.co/iG8yYdQG7R",0,0
1385346250464276482,1282311789464760321,HeqiqetEhmedova,Thu Apr 22 21:34:19 +0000 2021,"day 15 of #100DaysOfCode  ; #66daysofdata 

I’ve grappled with nuts and bolts of iterators in Python Land and survived :D

 What I’ve learned 
 ✔️ zip() and enumerate()
 ✔️loading and working on a file chunk by chunk",5,14
1385337474319142913,822280007502295041,_paulo_lopez_,Thu Apr 22 20:59:26 +0000 2021,"#100DaysOfMLCode #100DaysOfCode #66daysofdata #Python 
  
🔹5 Productivity Tips for DS/ML 

1. Improve Your Iteration Time
2. Data Wrangling
3. Improve SE/MLOps Skills
4. Only Learn What You Need for Your Job
5. Don’t Forget the Soft Stuff

https://t.co/tue8lLEkkT",8,13
1385327020779790338,602408175,golubovalex,Thu Apr 22 20:17:54 +0000 2021,Day 4 of #66daysofdata - one more Python for Everybody video. I also started implementing Math exercises from the book in Jupiter Notebook to get comfortable with both and went through Python Basics from Introduction to Python on Data Camp.,0,5
1385326961376043015,602408175,golubovalex,Thu Apr 22 20:17:40 +0000 2021,Day 3 of #66daysofdata - also a chunk of Python for Everybody video course and Math reading.,0,6
1385321734543486981,32453704,anyachocolat,Thu Apr 22 19:56:54 +0000 2021,"Day 24 of #66DaysOfData:
- added one more version of my submission with a recursive binary search algorithm
- solved one Euler problem
- got more comfortable with git &amp; github",0,14
1385311568032841731,1361227694889967616,dataQueen_pend,Thu Apr 22 19:16:30 +0000 2021,"Day 63 and 64 -&gt; rest. 
Day 65 of #66daysofdata

Resources ➡️ @simplilearn 

✨ While loops in detail!

Going through examples of while loops for 💫 repeating smthg number of times (un/known) 💫 summing values od variable until it reach some value reversing int",0,18
1385305930947076096,1649054340,a_escontrela,Thu Apr 22 18:54:06 +0000 2021,"Day 23 of #66daysofdata #100DaysOfMLCode today I finished week1 of Google Cloud Big Data and ML Fundamentals course. I enjoyed to learn about BigQuery ML, training a model with a SQL query",0,14
1385304223810678784,1355938756583321609,Sinnerman____,Thu Apr 22 18:47:19 +0000 2021,"#66daysofdata 
Day 33: Completed the 6th course (the art of visualisation) of the Google data analytics professional certificate course.",0,11
1385299751462002692,1243246008303112192,samarthgupta39,Thu Apr 22 18:29:33 +0000 2021,"day57 of #66daysofdata
- Today I learnt about counterpropagation networks and Adaptive Resonance Theory Network from book Principles of soft computing.
- Practised some leetcode question",0,16
1385298491572772869,1331398329977032707,aloknag_DS,Thu Apr 22 18:24:32 +0000 2021,"Day 30 and 31 of #66DaysOfData Round 2:
I studied about model evaluation metrics in machine learning and their importance in predictive model selection and use of dummy classifier/regressor as a baseline model for reference.",0,15
1385297092164325381,1324652185964204033,meyke9976,Thu Apr 22 18:18:59 +0000 2021,"Day 104 of #66daysofdata by @KenJee_DS 
I presented the dashboard about the sentiment today. Went well... Time to move on :) I have to get back to DP-201 (exam next thursday) and the disaster tweets dataset... fun fun ☺️",0,21
1385293109886586884,1300492664308146176,MarkusM99098101,Thu Apr 22 18:03:09 +0000 2021,"Day 50  #66DaysOfData r2:  small update on my twitter dataset. Queried the tweets of a day which had missing tweets, so now I am quite confident that I got almost every tweet from this challenge.
Overall progress is slow due to classes and assignments.",0,14
1385283992899969027,324583975,georgekanellos,Thu Apr 22 17:26:55 +0000 2021,"Days 24&amp;25(R2) of #66daysofdata by @KenJee_DS
 
Read the methodology for the RAPTOR in 538 (https://t.co/m8VRxO4pea) and worked on finding the ""benchmark"" player to compare against 🏀🏀",0,14
1385281085961953280,2562318241,NeemaMV,Thu Apr 22 17:15:22 +0000 2021,"Day 52, 53, 54 of #66daysofdata
Day 82 of #100DaysOfCode #DataScience
Automated the data preparation in r code through Knime workflow.
Day 32 of #100daysofSQL
Started with first data manipulation course for Serious SQL",10,17
1385277597727305730,1356609984163889154,jo_grammer,Thu Apr 22 17:01:31 +0000 2021,"Day 53 #66daysofdata 

51 &amp; 52 were dedicated to coding for #100daysofcode finished quiz game &amp; OOP Started last module on IBM DS Certif Capstone Project working w location data to get deeper insights into various neighborhoods in Toronto,may be a sign 👀
https://t.co/9CtAFjiPg8",5,12
1385277434388303875,1322620958327255040,Datavisz,Thu Apr 22 17:00:52 +0000 2021,Day 46 of #66daysofdata : Implemented validation set approach of cross validation in python.,0,15
1385275952947552258,731856877139558400,ABYA80,Thu Apr 22 16:54:59 +0000 2021,"R2: #66daysofdata with @KenJee_DS 

Day 36: Today, I was thinking of revising some of the topics in data cleaning like handling missing values, normalization, and wanted to explore more on the seaborn. So, started those @kaggle courses on them.",0,28
1385260708158263299,995452348280573955,Just_Jordan_T,Thu Apr 22 15:54:24 +0000 2021,"Apr 22, 2021 Day 28: #66DaysOfData CH8 of 'Art Of Statistics' - finished the ""Descriptive Statistics"" section on Udacity. now working on Simpson's paradox. 

[https://t.co/T0w4g8MblJ paradox%2C which also goes,when these groups are combined](https://t.co/6oq6cWm5IL)",0,3
1385260343450947588,995452348280573955,Just_Jordan_T,Thu Apr 22 15:52:57 +0000 2021,"Apr 22, 2021 Day 28: #66DaysOfData CH8 of 'Art Of Statistics' - finished the ""Descriptive Statistics"" section on Udacity. now working on Simpson's paradox. 
#DataScience #Python
https://t.co/T0w4g8MblJ",1,3
1385260099837431809,995452348280573955,Just_Jordan_T,Thu Apr 22 15:51:59 +0000 2021,"Day 27: #66DaysOfData CH8 of 'Art Of Statistics' - working with ""Descriptive Statistics"" 5 number summary and looking at the center of the spread. #DataScience",0,3
1385257098204696576,822280007502295041,_paulo_lopez_,Thu Apr 22 15:40:03 +0000 2021,"#100DaysOfMLCode #100DaysOfCode #66daysofdata #Python 

🔹Check out ML deployment using Algorithmia, PythonAnywhere and by using the m2cgen https://t.co/ObobHPg51S - library among other options.

https://t.co/oRXeWXpciY",1,9
1385253579850616834,1358153233814802433,prateekbud,Thu Apr 22 15:26:04 +0000 2021,"Day 3 :

✅ Revised Numpy from my own blog.
✅ Learning Pandas. 

#66daysofdata 

https://t.co/TnRiTqnk43",1,6
1385228444519190532,1364636408598564865,mrityunjay_sam,Thu Apr 22 13:46:12 +0000 2021,"Day 3 :
Revised some statistics from @khanacademy videos
#66daysofdata",0,3
1385227985612009474,1276070101196795904,thinam_,Thu Apr 22 13:44:22 +0000 2021,"Image Segmentation is the process of partitioning digital image into multiple segments or set of pixels. The goal of segmentation is to simplify the representation of image into something meaningful and easier to analyze. 
#Machinelearning #66daysofdata https://t.co/SqPeNnk6Tu",0,2
1385225512038014979,19448058,paulapivat,Thu Apr 22 13:34:32 +0000 2021,"R3: Day 20: #66daysofdata 

• Breaking down the difference between a for-loop with and without an external incrementer,
• small, but big difference

without                            with https://t.co/Sl735jHQFB",0,3
1385216369088548871,2352929006,AkirasGames,Thu Apr 22 12:58:13 +0000 2021,"Day 6 : Reviewed Intro to Machine Learning course for the 2nd time
#66daysofdata",0,2
1385206254067458048,444522096,BristowColin,Thu Apr 22 12:18:01 +0000 2021,Do you know what #CompositeAI is and why you need it? SAS #AI and #analytics expert Saurabh Gupta explains to @datanami. #ArtificialIntelligence #AI #DataScience #100DaysOfCode #Python #NLP #Robots #IoT #RPA #futureofwork #CuriosityForever #66daysofdata https://t.co/98iftjnjax,5,3
1385177313663279104,444522096,BristowColin,Thu Apr 22 10:23:01 +0000 2021,"Learn key requirements of a good analytical model, how to boost model performance and emerging challenges in analytics, May 6 at 9 a.m. ET. #AI #DataScience #100DaysOfCode #MachineLearning #RPA #futureofwork #CuriosityForever #66daysofdata https://t.co/ASDL4XNbJQ",5,3
1385154412117585933,444522096,BristowColin,Thu Apr 22 08:52:01 +0000 2021,"[Webinar May 4 at 11 AM ET] Learn about the evolution of SAS Viya, it’s revolutionary move to the cloud, and how it differs from traditional SAS systems in this webinar. #DataScience #100DaysOfCode #RPA #futureofwork #CuriosityForever #66daysofdata https://t.co/7CwqPql1RW",3,1
1385139547328155648,63557338,egm_photo,Thu Apr 22 07:52:57 +0000 2021,"Day 108 of #66DaysOfData with @KenJee_DS 

Ask questions. Act on answers. Give thanks.

Kumu, not quite it.

Neo4j, mabye.

Details here: https://t.co/kjYfRzBqbw https://t.co/EEKzzCrFbQ",0,6
1385136278413488129,397272525,shatandv,Thu Apr 22 07:39:58 +0000 2021,"Day 107 of #66DaysOfData:
- Finally watched @JackRaifer's talk on Datapreneurship. Very much agree with him - entrepreneurship and data go well together in many aspects,
- Thought through some use cases for classification metrics,
- Reviewed some info on model deployment.",0,19
1385133019581853697,554435225,hmatalonga,Thu Apr 22 07:27:01 +0000 2021,"Day 38 of #66DaysofData. If you are familiar with pandas and are dealing with big data, try the koalas library. It implements the pandas DataFrame API on top of Apache Spark.

#DataScience #BigData

https://t.co/OA5WyNsLYN",0,10
1385131896040984583,1306505184911208453,mt0rm0,Thu Apr 22 07:22:33 +0000 2021,"I'm longing so much for keeping up with my #66daysofdata... Unfortunately, deadlines at work are really time consuming. The good thing is that I work on Data Science, so it should also count somehow XD",0,13
1385094575165886466,1163814073752072192,EthanCDouglas,Thu Apr 22 04:54:15 +0000 2021,Does angrily DMing my internet provider count (Day 10) #66daysofdata,0,5
1385078723918012417,1137782574036635649,thedataprof,Thu Apr 22 03:51:15 +0000 2021,"Hi friends, the second episode of the #Python tutorial series is released and its on creating and using variables.
https://t.co/cb9VRZSkxa
#pythontutorial #66daysofdata #learnpython #python101 #learnpythonforfree",2,9
1385078028334682120,59787963,jamesnan,Thu Apr 22 03:48:30 +0000 2021,"Day 51 : #66DaysOfData

Watch Abhishek Thakur's YouTube video ""Applied Machine Learning Framework"",5,6,7",0,4
1385076869012369408,1291114285507186690,jaimedatalatte,Thu Apr 22 03:43:53 +0000 2021,"D.3 #66DaysofData 

I’m enjoying google data analytics certificate.  Today they recommended me a method to start thinking analytically. That’s thinking each day of the data we generate and how we can use it to benefit us.

How do you guys use your data to improve your life?",1,39
1385055385778724865,969343076442542081,JaimeAAvendano,Thu Apr 22 02:18:31 +0000 2021,"Day 55 of #66DaysofData-

Busy day, but was able to listen to an interesting @superdatasci podcast with @mdancho84 discussing some R packages he created for time series analysis.",0,15
1385038000678219778,722533518,nelotsak,Thu Apr 22 01:09:26 +0000 2021,"Hosted a 2nd hello world state machine today; scheduled to process an AWS lambda function.

#66daysofdata 
#AWS https://t.co/dhWLAEhXbe",1,6
1385012708584476674,822280007502295041,_paulo_lopez_,Wed Apr 21 23:28:56 +0000 2021,"#100DaysOfMLCode #100DaysOfCode #66daysofdata #Python 

🔹Read Mlxtend (machine learning extensions) documentation which is a Python library of useful tools for the day-to-day data science tasks.
https://t.co/frOT00lkuI",5,11
1384996282914254849,2149586883,vperez2000,Wed Apr 21 22:23:40 +0000 2021,"#66daysofdata #R3 #Day11 by @KenJee_DS
@DataCamp DS track

Writing Functions in Python ✅ Done🎉🎉🎉
Question: 
How often do you write your own decorators in your projects?
This was for me most a Software Dev task, is it a DS task too? All responses will be greatly appreciated! https://t.co/WgYRw17xDK",0,14
1384982567087222787,1377113586145751042,sustainablersyd,Wed Apr 21 21:29:10 +0000 2021,"Day 22 and 23 of #66daysofdata with @KenJee_DS 
- More data requests for looker visualizations and moving over the sql/dbt models into segment
- feeling overwhelmed with all ive been learning lately to be honest :(",0,19
1384981956224499712,870577174184685568,digitalaube,Wed Apr 21 21:26:44 +0000 2021,Day 5 #66daysofdata Juste finish Sales Insights Data Analysis Project In Tableau.,0,6
1384977408525225987,32453704,anyachocolat,Wed Apr 21 21:08:40 +0000 2021,"Day 23 of #66DaysOfData:
- played around with recursions, tried to make a recursive binary search",0,8
1384956314078617600,719157417443987457,Mayibongwe_MS,Wed Apr 21 19:44:51 +0000 2021,"Day 52 of #66daysofdata 

Reading on the use of Maximum Likelihood Estimation methods in Discrete Choice models to maximise the fit between observerd and modelled choices. https://t.co/zT1bMTkFfX",0,6
1384948269344768002,1649054340,a_escontrela,Wed Apr 21 19:12:53 +0000 2021,Day 22 of #66daysofdata #100DaysOfMLCode today I practice some SQL queries and review about SQLite to load the dataset created in a database,0,16
1384940139747676162,1266599735881687040,ChinWuChen1,Wed Apr 21 18:40:34 +0000 2021,"D28 #66daysofdata 
- watched a couple of videos on RASA and NLU.",0,5
1384938633547948037,1282311789464760321,HeqiqetEhmedova,Wed Apr 21 18:34:35 +0000 2021,"day 14  of #100DaysOfCode ; #66daysofdata
  ✔️did a few section of courses
  ✔️some practice at @Datacamp
 ✔️Completed the assigments of Karel #codeinplace",4,11
1384934207215083520,731856877139558400,ABYA80,Wed Apr 21 18:17:00 +0000 2021,"R2: #66daysofdata with @KenJee_DS 

Day 35:
- Extracted data from🛒Flipkart's Laptop search result page and then created a DataFrame.
- Read an article on - ""Zomato🍲 Web Scraping with BeautifulSoup.""
- Watched some videos on Dynamic Web Scraping.",0,30
1384918972655677448,1355938756583321609,Sinnerman____,Wed Apr 21 17:16:28 +0000 2021,"#66daysofdata 
Day 32: Completed the 5th course(Analyze) of Google data analytics professional certificate course.",0,13
1384917703018827787,19448058,paulapivat,Wed Apr 21 17:11:25 +0000 2021,"R3: Day 19: #66daysofdata

• Using SQL to learn about Ethereum https://t.co/cn2MWkYNxe

• making progress with arithmetic_formatter: https://t.co/fg9kfEgns9",0,3
1384914235805863936,1358153233814802433,prateekbud,Wed Apr 21 16:57:38 +0000 2021,"Day 2

- almost completed ipython chapter from data science handbook.
- started elements of ai course.
#66daysofdata",0,7
