tweet_id,user_id,user_name,created_at,full_text,retweets,favorite
1381343032751046658,32453704,anyachocolat,Sun Apr 11 20:26:57 +0000 2021,"Day 14 of #66DaysOfData:
- Skillfactory course
- #LH2L course
- Learned about bytewise operations
- Read about different string formatting practices. Do you prefer to use %, str.format, f'str' or template?",0,0
1381338886241157124,1282311789464760321,HeqiqetEhmedova,Sun Apr 11 20:10:29 +0000 2021,"Day 4 of #100DaysOfCode ; #66daysofdata 
   ✔️Did a few sections of courses
   ✔️Reading : ‘Getting Started with Data Science’
   ✔️and few coding practice in #hackerrank",10,5
1381336589641646083,1300492664308146176,MarkusM99098101,Sun Apr 11 20:01:21 +0000 2021,"Day 40 of  #66DaysOfData r2:

read the first section of ch 6 in Python Machine Learning (streamlining workflows with pipelines and k-fold cross-validation to assess model performance). The rest of the day I worked on my portfolio website, which is quiet time consuming.",0,5
1381326847527550983,324583975,georgekanellos,Sun Apr 11 19:22:38 +0000 2021,"Days 16-18(R2) of #66daysofdata by @KenJee_DS

Found the next project! I started working with a kaggle dataset about NBA data! Step 1, basic EDA: PCA for dim reduction and KMeans for clustering 🤩🛫",0,1
1381306986067750918,731856877139558400,ABYA80,Sun Apr 11 18:03:43 +0000 2021,"R2: #66daysofdata with @KenJee_DS 

Day 27: Had fun today building a basic Pong game using #Python turtle module. Still having trouble adding the sound when it hits the border or paddle.

*I think @neuralink's 🐒 plays better than me 😂 https://t.co/AcvvDQuTAT",1,14
1381304310680543232,1331398329977032707,aloknag_DS,Sun Apr 11 17:53:05 +0000 2021,"Day 20 of #66DaysOfData Round 2 :

*More of K-Nearest Neighbours. 
- KNN Classifier and Regressor estimators from sklearn
- methods associated i.e. score, predict, predict_proba from documentation. 
- effect of hyperparameter tuning in underfitting and overfitting of KNN.",0,8
1381300897590829056,1059200207756423170,Aamna__Suhail01,Sun Apr 11 17:39:31 +0000 2021,"#66daysofdata 
Day 22
@KenJee_DS

@coursera 
Introduction to Data Science 
Week 2
Intro to Pandas, Series Datastructure and Quering a Series",0,4
1381268515638763525,1363855621628465153,korasaju_a,Sun Apr 11 15:30:51 +0000 2021,"Day 30 of #66DaysofData with @KenJee_DS 

Today, I:
1 Finished all the lectures on Inferential Statistics (Fundamentals + Confidence Intervals + Hypothesis Testing)
2 Watched Ken Jee’s vid on “Why You Probably Won’t Become a Data Scientist” — #grit, I’ll continue to transcend.",0,5
1381264213012668416,1322620958327255040,Datavisz,Sun Apr 11 15:13:45 +0000 2021,Day 40 of #66daysofdata : Spent some time on kaggle TPS. Got introduced to ensemble techniques in a kaggler notebook. Need to spend some time getting a grasp of these.,0,2
1381230743590903810,1137782574036635649,thedataprof,Sun Apr 11 13:00:45 +0000 2021,"Hi friends, the fourth episode of the #free #Rtutorial on the @thedataprof @YouTube channel is released and its on creating variables and lists in #R
https://t.co/kTCp2rKMf5
#66daysofdata",0,4
1381221576910106624,1007227234229161984,thedatacrack,Sun Apr 11 12:24:20 +0000 2021,"What problem will my blood sugar tracker help address?

Putting into action the Who-What-Where-Why technique, I frame my problem statement.

https://t.co/oJDI5Q7W98

Looking forward to including the project now as a part of my #66daysofdata journey!",0,0
1381166209819938816,397272525,shatandv,Sun Apr 11 08:44:19 +0000 2021,"Day 96 of #66DaysOfData:
- Learned general info about different ETL tools in Python,
- Learned about the lazypredict library - convenient,
- Worked on a scraper a little bit.",0,12
1381134085351964673,1324652185964204033,meyke9976,Sun Apr 11 06:36:40 +0000 2021,"Day 94 of #66daysofdata by @KenJee_DS 
I watched ""Coded Bias""  yesterday. An easy-to-watch intro on the bias of algorithms. 
Also continued working on the disaster tweets. 
https://t.co/g419Fi6Jcb",0,6
1381063282467897349,1266599735881687040,ChinWuChen1,Sun Apr 11 01:55:20 +0000 2021,"D24 #66daysofdata 
- continued on Hands-on ML chapter 3, being less confused about confusion matrix now 🤣 plus understanding precision/recall 💪",0,11
1381058485501091842,209191879,bhatnagarkush,Sun Apr 11 01:36:16 +0000 2021,"Day 68/R2 #66daysofData : Understanding @awscloud Kinesis Family and it's role in Data Engineering
#MachineLearning #AWS",3,2
1381042190688772096,232069724,rahul40patel,Sun Apr 11 00:31:31 +0000 2021,"Day 19 of #66DaysOfData

4th week of the SQL for Data Science course.

- final quiz and coding challenge.

I'm about to complete this first course with only an assignment left to complete.

@KenJee_DS",1,2
1381038393560272898,1377113586145751042,sustainablersyd,Sun Apr 11 00:16:26 +0000 2021,"Day 11 (yesterday) of #66daysofdata with @KenJee_DS :
Not as data focused but lots of dev things
- terminal stuff, setting up SSH
- SQL work in our database 
A lot of things learnt that day 😅",0,14
1381029502730567680,1291243974611668992,pristdata,Sat Apr 10 23:41:06 +0000 2021,"Day 41 &amp; 42 of #66daysofdata:

- Completed a notebook about 'Data driven food quality analysis' (available at https://t.co/e8ybbuj79K).
- Read articles about the same topic, really excited about innovations that DS and ML are bringing into food science and food sensory analysis. https://t.co/3Z0ghSqSW7",0,12
1381015099385786373,1208077315747528704,SiphuLangeni,Sat Apr 10 22:43:52 +0000 2021,"Day 100: Merge conflicts are inevitable. Don’t panic! When different changes are made to same line of code, #Git can’t resolve automatically.Make appropriate changes, stage and commit.

#100DaysOfCode #66DaysOfData #DataScience #VersionControl #MamaIMadeIt #KeepCoding #BWIAI",7,10
1381013565222621184,1282311789464760321,HeqiqetEhmedova,Sat Apr 10 22:37:46 +0000 2021,"Day 2&amp;3 of #100DaysOfCode ; #66daysofdata 

✔️Learned more about Object Oriented Programming
✔️Did a bit of my @DataCamp course",6,6
1381005050298908673,63557338,egm_photo,Sat Apr 10 22:03:56 +0000 2021,"Day 97 of #66DaysOfData with @KenJee_DS 

Done with chapter 5 of CNA. And with that, part 1. On to part 2. Details here: https://t.co/7E51kAGJof https://t.co/5izi3YO3AR",0,8
1380978126465990657,32453704,anyachocolat,Sat Apr 10 20:16:57 +0000 2021,"Day 13 of #66DaysOfData:
- Struggled with the division of negative numbers 
- Struggled with calculating prime divisors
- Learned about the Brainfuck programming language https://t.co/eFtZOQ4SjY",0,9
1380974518131392517,1342015716535508994,iamsalihmansoor,Sat Apr 10 20:02:37 +0000 2021,"Day 42

Revised concepts learnt till now. Also planned out the learning objectives for the upcoming weeks. 

@KenJee_DS #66daysofdata",0,12
1380972413207334913,1300492664308146176,MarkusM99098101,Sat Apr 10 19:54:15 +0000 2021,"Day 39 of  #66DaysOfData r2:
got back to the twitter hashtag analysis and created a   local app where users can get a word cloud created from the tweets that they send during this challenge.
Here an example based on the tweets from @KenJee_DS https://t.co/vCLKxY6l6j",0,15
1380961664627994625,1354069663223746560,termsposter,Sat Apr 10 19:11:32 +0000 2021,"Day 01 of #66DaysOfData:
- Reviewed basics, loops, functions
- Learned about list comprehension, lambda expressions, map function, filter functions, methods",0,4
1380957408500064261,1361227694889967616,dataQueen_pend,Sat Apr 10 18:54:37 +0000 2021,"Day 52, 53 and 54 of #66daysofdata were days for me of continous learning and reviewing of Python's tuples and strings.

Resources used:
➡️ @simplilearn python course
➡️ @SoloLearn python course

✨ Tuples
✨ Strings

 +creating +operations +methods +nesting + built_in functions",1,10
1380952813342105602,1331398329977032707,aloknag_DS,Sat Apr 10 18:36:22 +0000 2021,"Day 19 of #66DaysOfData Round 2:

watched a video lecture on introduction of supervised learning. The lecture explained classification and regression problems.

Terms explained :
- training model
- features and labels
- train-test splits 
- underfitting and overfitting",0,12
1380943296080400386,1380929895283392513,AnjanaMaddi,Sat Apr 10 17:58:33 +0000 2021,"Today have started my #DataScience  journey, I believe #ProjectBasedLearning is the most effective way to learn anything, so I took a project (https://t.co/mpMR9Jdhnk) to work on and I will be learning on the go. #day1 of the #66DaysofData. Data Analysis, Data transformation.",1,0
1380937208299855872,1281890679052857346,ShrutiJ87241031,Sat Apr 10 17:34:21 +0000 2021,"Day 38 : 2R #66daysofdata
Had induction class of @iNeuronAi  Machine Learning and deep learning master course and it was amazing .
Looking forward for more💯🙌",1,16
1380936944096473092,1363855621628465153,korasaju_a,Sat Apr 10 17:33:18 +0000 2021,"Day 29 of #66DaysofData with @KenJee_DS 

Passed the second part of the exam then received my Data Wrangling Certificate from Trifacta today! Ending it with a 94% final rating.

I’ll probably take the deputy level certification next month, I’ll focus on studying SQL first 🙇🏻‍♂️",0,15
1380907652650131462,1322620958327255040,Datavisz,Sat Apr 10 15:36:55 +0000 2021,Day 39 of #66daysofdata: Spent some time on kaggle-TPS. Watched @KenJee_DS video on why you probably won't become a data scientist. A bit overwhelmed today.,0,13
1380905132276154369,1329313525974532097,AyubRasool14,Sat Apr 10 15:26:54 +0000 2021,Day 15/66: continuing my kaggle EDA on stroke dataset. Using plotly for my EDA. #66daysofdata,0,10
1380904944018944003,1329313525974532097,AyubRasool14,Sat Apr 10 15:26:09 +0000 2021,Day 13/66: had a rest day.                  Day 14/66: went back to Look thru my Python for data science course from udemy and redid 911 call dataset EDA. Trying to think of crucial qns to understand the dataset #66daysofdata,2,8
1380901395075895299,1306505184911208453,mt0rm0,Sat Apr 10 15:12:03 +0000 2021,"Days 48&amp;49 of #66daysofdata: Not really too many changes. Finished @tableau Fundamentals and started Desktop II: Intermediate, worked on Kaggle Microcourses and kept cleaning the big dataset (I have the feeling it's going to take a while...)",0,12
1380897331143266306,19448058,paulapivat,Sat Apr 10 14:55:54 +0000 2021,"R3: Day 12: #66daysofdata

• working on arithmetic_formatter, in progress...
• reformatting sounds more straight forward than it actually is 😬 https://t.co/bCSuHcOzpc",0,2
1380868641231663107,59787963,jamesnan,Sat Apr 10 13:01:54 +0000 2021,"Day 39/40 : #66DaysOfData

Watching ken Jee's vedio ""Data Science Project From Scratch""",0,5
1380822300359061504,397272525,shatandv,Sat Apr 10 09:57:45 +0000 2021,"Day 95 of #66DaysOfData:
- Wrote a gradient boost algorithm from scratch,
- Improved the Folium map with several overlays,
- Made a 3D surface plot in Matplotlib - if only I could spin it around...,
- Learned about Data Kanban, Minimum Viable Data, and AI feature prioritization.",0,14
1380817493174972417,341612756,JamesGlassey,Sat Apr 10 09:38:39 +0000 2021,"Day 3 of @KenJee_DS' #66daysofdata 
- Currently writing up the documentation for a Data Analysis project I did some time ago. If you are interested, especially with football and Arsenal Fc, here is the visualisation https://t.co/bMvOdBoAne
#DataVisualization #data #dataviz",0,3
1380816998607638530,1137782574036635649,thedataprof,Sat Apr 10 09:36:41 +0000 2021,"Hi friends, @JCharisTech  has released an awesome text cleaning app using @Streamlit in #Python, check it out! He also has an awesome YouTube channel (https://t.co/qz9RjNExsy)
#66daysofdata https://t.co/RfEFtFKLab",2,16
1380781865070628865,1324652185964204033,meyke9976,Sat Apr 10 07:17:04 +0000 2021,"Day 93 of #66daysofdata by @KenJee_DS 
I continued working on my tweets dataset. I have a hard time defining a strategy. I'm now trying to see if I can figure out the 'perspective'  in which a tweet is written as well as the tense. No idea whether this will pay off, will see 😅",0,18
1380764158476513284,1316454234447990784,data_motivated,Sat Apr 10 06:06:43 +0000 2021,Day 3: Wasn’t able to get a lot done today. I did read an article about slack communities to join for data science and another about deploying ML models. #66daysofdata #MachineLearning,1,7
1380730410275991553,1283489158258819072,hhotkey,Sat Apr 10 03:52:37 +0000 2021,"Day 2️⃣4️⃣ of #66daysofdata #100DaysOfCode 
...Gradient Descent is attributed to Cauchy, who first suggested it in 1847.Hadamard independently proposed a similar method in 1907.Its convergence properties for non-linear optimization problems were first studied by HaskelCurry in 1944 https://t.co/BbOaDwSR4o",8,12
1380725236178460675,1283489158258819072,hhotkey,Sat Apr 10 03:32:03 +0000 2021,"Day 2️⃣3️⃣ of #66daysofdata #100DaysOfCode 

Gradient Descent is a first-order iterative optimization algorithm for finding a local minimum of a differentiable function.The idea is to take repeated steps in the opposite direction of the gradient of the function at the current point https://t.co/BdBSi9kSAM",7,11
1380714643224731655,784839510303453185,tthoraldson,Sat Apr 10 02:49:58 +0000 2021,Day 26 of #66daysofdata R2: looked into some JavaScript #dataviz libraries like #plotly and #d3.,0,14
1380714356321607682,95620001,FirstKraken,Sat Apr 10 02:48:49 +0000 2021,26/66 #66daysofdata - Today is like eating your vegetables. I made comments and updated a Readme file. I hate it but will begrudgingly admit it's important.,0,9
1380698757067603971,969343076442542081,JaimeAAvendano,Sat Apr 10 01:46:50 +0000 2021,"Day 43 of #66DaysofData-

After a long work day, I didn't have too much energy to study. So decided to just go exploring through different datasets on Kaggle to see what catches my eye.",0,8
1380682317769764864,1163814073752072192,EthanCDouglas,Sat Apr 10 00:41:31 +0000 2021,Day 3 of #66DaysOfData. Got one of these bad boys 10 minutes in and called it a day #ItsTheWeekend https://t.co/uHelnTK6ok,2,9
1380676381760184322,63557338,egm_photo,Sat Apr 10 00:17:55 +0000 2021,"Day 96 of #66DaysOfData with @KenJee_DS 

Wiki scraping. Newsletter plans. Mastery. Office Hours. For details, check here: https://t.co/ZGik5V3Vct https://t.co/AQHj3Gju8C",0,8
1380655024578117633,2527930848,joao96santos,Fri Apr 09 22:53:03 +0000 2021,"63 / #66DaysOfData

How does BlockChain work by @3blue1brown
https://t.co/CZWlzLRJ8N",0,6
1380623509433556999,32453704,anyachocolat,Fri Apr 09 20:47:50 +0000 2021,"Day 12 of #66DaysOfData:
- Skillfactory course, did a little Python exercise with a classmate
- Learned more about real numbers and floating-point arithmetic
- Read about the binary search method",0,14
1380594583034208261,1380591302685859841,tbone38502034,Fri Apr 09 18:52:53 +0000 2021,#66daysofdata   Day 1: Started working on a project to look at housing.  The first thing that I'm looking at is temperatures.  I found a dataset of temperatures for 155 cities in the US on Kaggle.  Currently building in R.  Reminding myself of some techniques from school.,0,2
1380592042871504903,951871594376376320,JackRaifer,Fri Apr 09 18:42:47 +0000 2021,"Let's talk about the Zen of Machine Learning, some lessons from the Zen of Python (import this), we could apply to Machine Learning and AI.

On in 5 minutes, join me here: https://t.co/YKMepbHrhE

#66DaysOfData
#MachineLearning
#DataScience
#AI",0,5
1380581035029581827,1331398329977032707,aloknag_DS,Fri Apr 09 17:59:03 +0000 2021,"Resuming round 2 of #66DaysOfData challenge :

Day 18 :

I watched a lecture video that introduced K-nearest neighbours algorithm. learned about the working  principle of KNN algorithm and using KNN Classifier from scikit-learn for solving a classification problem.",0,9
1380570451215147010,1363855621628465153,korasaju_a,Fri Apr 09 17:16:59 +0000 2021,"Day 28 of #66DaysofData with @KenJee_DS 

Today, I:
1 Finished Data Strategy course by Bernard Marr
2 Finished my Data Wrangling course on Trifacta, passed the first part of my certification with an 87% grade. I’ll take the second part tomorrow. I hope I pass it 🙇🏻‍♂️",0,16
1380565729850892291,719157417443987457,Mayibongwe_MS,Fri Apr 09 16:58:14 +0000 2021,"Day 40 of #66daysofdata 

Decided to get myself an actual book to read. Interesting to see how we can interrogate the bias in data reporting and recognize when numbers are being manipulated. https://t.co/y6awsiioSj",1,9
1380563654458843138,731856877139558400,ABYA80,Fri Apr 09 16:49:59 +0000 2021,"R2: #66daysofdata with @KenJee_DS 

Day 25: With a lot of help from the internet, finished EDA on the IMDb dataset. While working on it, realized the need to start understanding an intermediary level of python (Lamba, collections, itertools, more) will try to learn these topics.",0,25
1380555868333170693,1281890679052857346,ShrutiJ87241031,Fri Apr 09 16:19:03 +0000 2021,"Day 37 : 2R #66daysofdata 
Learned python oops concepts and watching how to get an analytic job podcast . Worked on my next article in relations to data science . 
@KenJee_DS",1,19
1380542089180680198,1377113586145751042,sustainablersyd,Fri Apr 09 15:24:17 +0000 2021,"Day 10 (yesterday) of #66daysofdata with @KenJee_DS 
- more chats abt data architecture/insights
 -ETL vs ELT
- dive into homegrown chronjobs/data pulling
- re-intro to bash commands
- Amplitude + segment for QAing events
- Future of AI + mind of gaggle grandmaster from KNN!",0,14
1380541409174777857,125882120,VarunBKS,Fri Apr 09 15:21:35 +0000 2021,#66DaysOfData The discord invite is shown as expired. The discord invite is shown as expired. How can I join the group?,0,7
1380524629379313669,19448058,paulapivat,Fri Apr 09 14:14:55 +0000 2021,"R3: Day 11: #66daysofdata 

• work on arithmetic_formatter funct on @freeCodeCamp 
• Ways to check strings incl.
• wrap any() around list comprehension to check strings
• .isdigit() to check if something is a number
• not operator in Python, ! in R
• int() convert to number",0,5
1380516979837140997,995452348280573955,Just_Jordan_T,Fri Apr 09 13:44:31 +0000 2021,"Day 21: #66DaysOfData CH5 - 'Modeling relationships Using Regression' - 'Art Of Statistics' Completed project number 2 on Udacity. Now I am working on 'Decsriptive Statistics - Part 1' Watched MrDBourke

(https://t.co/nmfCfWiJYH)",0,2
1380512288558477317,1284445574511636480,Tommy_McLennan,Fri Apr 09 13:25:52 +0000 2021,"Day 3 - Rd 2 #66daysofdata Reading about handling missing data and multicolinarity. Read this article about Why, How and When to Scale your Features - https://t.co/dsV3UqVykW. Still working on the Wine Quality dataset with Python in @kaggle. Researching security aspects of DS.",0,17
1380446337821515776,63557338,egm_photo,Fri Apr 09 09:03:49 +0000 2021,"Day 95 of #66DaysOfData with @KenJee_DS 

Slow data day. So I watched an interview. And answered a question on good source of data. Details here: https://t.co/NDDCpSfaHp",0,10
1380431502463369220,397272525,shatandv,Fri Apr 09 08:04:52 +0000 2021,"Day 94 of #66DaysOfData:
- Attended a webinar on the PCA algorithm,
- Made a nice choropleth map with Folium,
- Researched some scraping proxies,
- Started learning about the AI Flywheel.",0,18
1380431363191398405,2562318241,NeemaMV,Fri Apr 09 08:04:18 +0000 2021,"Day 46, 47of #66daysofdata
Day 75, 76 of #100DaysOfCode 
Completed working on SQL query and developed knime workflow 
Day 26,27 of #100DaysofSQL
Read an article on frequently asked SQL queries from Great Learning",7,17
1380430937121558529,1108597836755755009,maisdev,Fri Apr 09 08:02:37 +0000 2021,I finished it 🍀🎉😊... Coursera #machinelearning course by Andrew Ng. Finally!!! Super course (wish it was in #python though). Now... next phase... #66daysofdata #100DaysOfMLCode #DataScience https://t.co/M58jEkNBtJ,2,9
1380409847435288578,1316454234447990784,data_motivated,Fri Apr 09 06:38:49 +0000 2021,Day 2: I worked on improving my book recommender model today! I also read about SVM's. #66daysofdata #DataScience,0,12
1380387304229851141,209191879,bhatnagarkush,Fri Apr 09 05:09:14 +0000 2021,"Starting R2 of #66daysofData with @KenJee_DS 
Day 67/R2 : Learned about @awscloud S3 role in Data Engineering and how S3 storage tiers and lifecycle rules play an important part in the Data pipeline
#MachineLearning #MLInAWS #AWS",2,16
1380385176090468354,1301025989359788033,AMuktineni,Fri Apr 09 05:00:46 +0000 2021,"Day 62 of #66daysofdata Round2!

AoS Chapter 9: Statistical inference, binomial &amp; Bernoulli distributions, Central Limit Theorem, expectation, and control limits. @KenJee_DS",0,13
1380383602710548481,466528595,Elena_Dyagileva,Fri Apr 09 04:54:31 +0000 2021,Days 33 and 34 of #66DaysofData: last to days I practice nested loops in Python,0,17
1380383124400508931,1301025989359788033,AMuktineni,Fri Apr 09 04:52:37 +0000 2021,"Day 61 of #66daysofdata Round2!

AoS Chapter 8: probability theory's axioms and theorems, conditional probability, some hypotheses about the nature of probability, and Poisson distribution. @KenJee_DS",0,15
1380382856506040321,1346312420780752896,Comet_Miller,Fri Apr 09 04:51:33 +0000 2021,"Day 65 of #66DaysOfData 

Statistics:
Got to page 193 in ISL

Programming:
Began watching TidyX #25

Personal Project:
Worked on visualizing and evaluating the posterior distributions",0,7
1380366150672912386,95620001,FirstKraken,Fri Apr 09 03:45:10 +0000 2021,25/66 #66daysofdata - Today I refined some of my @numerai environment to streamline submissions. Gone are the days of having a streamlined workspace but forgetting silly things like model ids. Made secondary steps generic enough to work on several things but @numerai focused.,2,13
1380365357131603968,95620001,FirstKraken,Fri Apr 09 03:42:01 +0000 2021,23-24/66 #66daysofdata - Dialed it back for a small break but stayed active. Did some statistics refresher moduals to stay engaged as well as read some articles from @TDataScience in a rather successful attempt to broaden the horizon a bit.,0,7
1380363494827028480,1163814073752072192,EthanCDouglas,Fri Apr 09 03:34:37 +0000 2021,"Day 2 of #66DaysofData. Read ""A Layered Grammar of Graphics"" by @hadleywickham. While I still think Seaborn is underrated, I definitely see the appeal of ggplot2. Excited to grow more comfortable with it over the next few days so that each plot doesn't take me 15 minutes to build",0,11
1380352885133869056,784839510303453185,tthoraldson,Fri Apr 09 02:52:28 +0000 2021,Day 25 of #66daysofdata R2: more celery and RabbitMQ experimenting.,0,14
1380350018415161352,1208077315747528704,SiphuLangeni,Fri Apr 09 02:41:04 +0000 2021,"Day 98: #NeuralProphet is built on #PyTorch and exploits #DeepLearning for time series forecasting. Read in data, set hyperparameters while initializing the model. Addresses scale, customization, extensibility.

#100DaysOfCode #66DaysOfData #DataScience #TimeSeries #Python #BWIAI",7,19
1380349949037178882,59787963,jamesnan,Fri Apr 09 02:40:48 +0000 2021,"Day 38: #66DaysOfData
Finished ""Control Flow, Iteration and Functions in R"" @ Dataquest",0,4
1380325042194636801,969343076442542081,JaimeAAvendano,Fri Apr 09 01:01:49 +0000 2021,"Day 41-42 of #66DaysofData-

A little bit of everything:
- Read up on Support Vector Machines.
- Watched most of lesson 4 in https://t.co/DZ4dRncKBD. 
- Actually had a good reason to use R at work. Had to extract some text out of a PDF. Lots of regex practice with that.",0,13
1380313403634294789,1266599735881687040,ChinWuChen1,Fri Apr 09 00:15:35 +0000 2021,"D23 #66daysofdata 
- practiced SQL, learning how to use CASE WHEN.
- picked up some project ideas and searched for suitable data.",0,14
1380300779005829121,951871594376376320,JackRaifer,Thu Apr 08 23:25:25 +0000 2021,"Today was day 1 of the @GeekleOfficial Python for ML and AI Global Summit, it was AMAZING.
I am very excited to be on tomorrow, and talking with some amazing people abouy #MachineLearning and @AI.
You can still register to attend here --&gt; https://t.co/zgD5h9vP98

#66DaysOfData https://t.co/7JxWD5PnHe",0,6
1380280876941074437,397272525,shatandv,Thu Apr 08 22:06:20 +0000 2021,"Day 93 of #66DaysOfData:
- Learned about options of dealing with differently distributed train and test datasets,
- Learned a bit about dbt,
- Worked some more on the monitoring app.",0,15
1380276750035398656,341612756,JamesGlassey,Thu Apr 08 21:49:56 +0000 2021,"Day 2 of @KenJee_DS' #66daysofdata 
A continuation on SQL: made some functions that clean a Pandas' data frame and uploads them to a SQL database. In the midst of this, I went down a Rabbit Hole on SQL injection attacks after finding values in my table with an apostrophe.",0,14
1380262015374131209,1282311789464760321,HeqiqetEhmedova,Thu Apr 08 20:51:23 +0000 2021,"Day 1 of #100DaysOfCode ; #66daysofdata  
✔️earned a statement of accomplishment on DataCamp for completing Introduction to #Python 
✔️Started to learn Intermediate Python.

https://t.co/doH5rkrnsV via @DataCamp",6,9
1380259070314225668,32453704,anyachocolat,Thu Apr 08 20:39:40 +0000 2021,"Day 11 of #66DaysOfData:
- Read a chapter from ""A Byte of Python"" about strings
- Skillfactory course
- Read a bit about float numbers, will try to understand better tomorrow
- Reviewed the #LH2L course part about chunking",0,13
1380248361933094924,1369643950395564032,AsgharMarvi,Thu Apr 08 19:57:07 +0000 2021,"Recently started #66daysofdata challenge. For Day1, I read blog post by Paul Shapiro (https://t.co/uKPQr9sD3x).
Will try to reproduce this in latest version of KNIME Analytics Platform later.

#KNIME #SEO #DataScience #ML #Data",0,2
1380236798538903552,822280007502295041,_paulo_lopez_,Thu Apr 08 19:11:10 +0000 2021,"#100DaysOfMLCode #100DaysOfCode #66daysofdata #Python 🔛☀️Day1⃣6⃣

🔹Looking for a new dataset to kickstart a fun project.  Everyone knows about Kaggle and UCI ML Repository but I've been looking at different places such as:

1. https://t.co/2IOTa7lAML
2. https://t.co/yd5Fk6y26t",7,9
1380221950660775937,1243246008303112192,samarthgupta39,Thu Apr 08 18:12:10 +0000 2021,"day48 of #66daysofdata
Continued working on my blog
Did some leetcode questions (Algorithm)",0,11
1380212783116124164,1300492664308146176,MarkusM99098101,Thu Apr 08 17:35:45 +0000 2021,"Day 38 of  #66DaysOfData r2:

Improved my score on the the Tabular Playground Series. 
Read various articles on feature engineering, feature encoding and memory reduction.
Started with Ch5 of Python Machine Learning, which is about dimensionality reduction with PCA and LDA.",0,14
1380202323029319684,731856877139558400,ABYA80,Thu Apr 08 16:54:11 +0000 2021,"R2: #66daysofdata with @KenJee_DS 

Day 24: Practicing pd, plt, np, and sns on IMDb dataset.
Read some articles on python regular expression.",0,21
1380200939856949249,19448058,paulapivat,Thu Apr 08 16:48:41 +0000 2021,"R3: Day 10: #66daysofdata

•explore PageRank algorithm in Python
•explore web crawling with Python
•watch code walk through from PY4E",0,3
1380196197973983240,731856877139558400,ABYA80,Thu Apr 08 16:29:51 +0000 2021,"Something I just learn today while working on a dataset. 
#DataScience #66daysofdata https://t.co/1FwR2tFuwb",0,19
1380195937335713795,1363855621628465153,korasaju_a,Thu Apr 08 16:28:48 +0000 2021,"Day 27 of #66DaysofData with @KenJee_DS 

Today, I:
Reviewed Descriptive Statistics, found a dataset and worked on it applying my knowledge on Python, D. Statistics and Trifacta. 

In all honesty, I’m inlove with what I’m doing — studying Data Science and working on data.",0,12
1380195123829465089,1355938756583321609,Sinnerman____,Thu Apr 08 16:25:34 +0000 2021,"#66daysofdata
Day 23: Solved some coding problems on python arrays",0,7
1380187008639852549,2149586883,vperez2000,Thu Apr 08 15:53:20 +0000 2021,"#66daysofdata #R3 #Day3 by @KenJee_DS
@DataCamp DS track

Seaborn still ... Plotting categorical vars vs. quantitive vars, has been super fun! https://t.co/DiLVhbRR5C",0,9
1380164504382676993,1322620958327255040,Datavisz,Thu Apr 08 14:23:54 +0000 2021,Day 38 of #66daysofdata: Finished the kaggle tutorial on Titanic ship. Entered TPS on titanic shipwreck.,0,15
1380156376601792527,951871594376376320,JackRaifer,Thu Apr 08 13:51:36 +0000 2021,"We all want to jump into building #Machinearning models, but data is much more important. We need to spend more time curating it, managing it and understanding it.
#DataScience
#66DaysOfData

https://t.co/ReROrDxpOV",3,22
1380104531963432960,1306505184911208453,mt0rm0,Thu Apr 08 10:25:36 +0000 2021,"Days 46&amp;47 of #66daysofdata: Almost finished @Tableau Fundamentals (50/55), did @kaggle's Intro to AI Ethics Micro-course and started cleaning a huge dataset for practicing. Really happy and focused :)",0,16
1380084259990474754,719157417443987457,Mayibongwe_MS,Thu Apr 08 09:05:02 +0000 2021,"Day 39 of #66daysofdata 

Reading on the iterators and itertools for creating looping functions in python.",0,7
1380060394568306688,1280071475278446592,gehrichai65,Thu Apr 08 07:30:13 +0000 2021,"#66DaysOfData 
Day 12 - worked on data scraping for internship 
Day 13, 14 - worked on cleaning data on a given dataset",0,10
1380036943233355780,324583975,georgekanellos,Thu Apr 08 05:57:01 +0000 2021,"Days 14&amp;15 (R2) of #66daysofdata by @KenJee_DS 

🚀⚡️🎆 Second project complete 🥳🥳

- Visualised filter weights, feature maps in a Resnet 50 including a Matplotlib animation
- Grad-CAM vis. using PyTorch hooks 
My website: https://t.co/9zby260C2h
Kaggle: https://t.co/EfWFeSxHDd",0,19
1380013694420062209,1346312420780752896,Comet_Miller,Thu Apr 08 04:24:38 +0000 2021,"Day 64 of #66DaysOfData 

Statistics:
Got to page 192 in ISL

Programming:
Finished watching TidyX #24

Personal Project:
Continued on the Bayesian analysis code",0,7
1380012042480807937,1059200207756423170,Aamna__Suhail01,Thu Apr 08 04:18:04 +0000 2021,"#66daysofdata 
Day 21 
@KenJee_DS

Statistics for Data Science 
1hr 45 min (Mean,Median,Mode, Measures of Dispersion, 5 point summary, etc)
@Great_Learning 
https://t.co/GvpVYEWmf0",0,9
1380008743195213824,1316454234447990784,data_motivated,Thu Apr 08 04:04:58 +0000 2021,Day 1: Spent most of the day fixing a bug on my website. I plan to get some reading done and possibly pick a @kaggle project! #66daysofdata #DataScience,0,11
1379987732605374465,59787963,jamesnan,Thu Apr 08 02:41:29 +0000 2021,"Day 37: #66DaysOfData
Learn ""Control Flow, Iteration and Functions in R"" @ Dataquest",0,6
1379986562306473984,63557338,egm_photo,Thu Apr 08 02:36:50 +0000 2021,"Day 94 of #66DaysOfData with @KenJee_DS

Doors slowly opening. A mixing of theory and practice. Of schools, foundations and graphs from edge lists. Details here: https://t.co/faGGvKhR74",0,8
1379978826147581956,1377113586145751042,sustainablersyd,Thu Apr 08 02:06:05 +0000 2021,"Day 9 of #66daysofdata with @KenJee_DS :

- https://t.co/VOETRRoCbp exercises
- data architecture
- difference between OLTP vs OLAP databases and data warehousing
- short intro to dbt",0,15
1379961114331521025,1163814073752072192,EthanCDouglas,Thu Apr 08 00:55:42 +0000 2021,"Starting @KenJee_DS's #66DaysofData challenge, where I'll be learning something new in the realm of data science each day. 

Day 1: Learning some more R so I can better collaborate with the fantastic R community on here. Alt + ""-"" and Ctrl+Shift+M are going a long way for me.",0,29
1379949642960547842,1352793833457799168,Blakof2,Thu Apr 08 00:10:07 +0000 2021,"Buy likes and subscribers online for little money !
All social media sites. 
 #business #analytics #cybersecurity #devops  #datascience #ai #bot #Serverless #womenintech #100DaysOfCode #66DaysOfData #DataScience #iot #QaRt #Phemex #NFT 
https://t.co/pmtoNiL0zu https://t.co/Fxr4D7Izbs",4,2
1379949011747155972,1291243974611668992,pristdata,Thu Apr 08 00:07:37 +0000 2021,"Day 38 &amp; 39 of #66daysofdata:

-Researched about PCA for food sensory analysis
-Practiced data cleaning with SSIS",0,20
1379932256974802948,20038710,sandcurves,Wed Apr 07 23:01:02 +0000 2021,"Well, I have landed a job that has slightly different requirements, so putting my #66daysofdata on hold to learn what I need for my new job.

I'll be back!",0,21
1379912004345991176,784839510303453185,tthoraldson,Wed Apr 07 21:40:34 +0000 2021,Day 24 of #66daysofdata R2: More memory profiling and a couple DataCamp lectures/exercises.,0,12
1379909447770849281,1361227694889967616,dataQueen_pend,Wed Apr 07 21:30:24 +0000 2021,"Day 50 and 51 of #66daysofdata were rest days for me.

Hoping for the amazing and productive day 52 🙏🤞",0,19
1379902550019776513,32453704,anyachocolat,Wed Apr 07 21:02:59 +0000 2021,"Day 10 of #66DaysOfData:
- Skillfactory course, learned more about types in Python, chatted with my classmates, we solved a little Python problem together
- #LH2L course, learned about chunking",0,8
1379895559608266753,1300492664308146176,MarkusM99098101,Wed Apr 07 20:35:13 +0000 2021,"Day 37 of  #66DaysOfData r2:

I worked on the Tabular Playground Series - Apr 2021. I used techniques like cross-validation, voting, stacking, hyperparameter tuning, but I think I dropped to many useful features.

I also added more information to my portfolio website.",0,12
1379892559821078530,1356609984163889154,jo_grammer,Wed Apr 07 20:23:18 +0000 2021,"Day 38 of #66daysofdata 

Completed my Python bootcamp course with Udemy 🥳
Started working on my assignment for my IBM DS certification ML module, I new this thing was going to be challenging but wohoo this is no joke 🤣🤣
Will have a better update by tomorrow 💪",0,11
1379888844145893380,1649054340,a_escontrela,Wed Apr 07 20:08:32 +0000 2021,Day 13 of #66daysofdata #100DaysOfMLCode back to some cleaning and processing in R #RStats  to do feature engineering to improve classification accuracy,1,5
1379874956880842752,341612756,JamesGlassey,Wed Apr 07 19:13:21 +0000 2021,"Restarting @KenJee_DS' #66daysofdata 
Day1:
I got a better understanding of Git and Github: goodbye to a sparse Github contributions calendar. I also went over some SQL interview questions and learned how to connect Python with SQL.",0,14
1379859003493249030,1256684539801452551,elianemitchll,Wed Apr 07 18:09:57 +0000 2021,day 26-33 of #66daysofdata: been working each day to adjust the NLP as needed and to create TidyTuesday level data visualizations for work so that we can post to social media. need to get back on the horse of posting to Twitter about my progress!,0,13
1379853098181521411,1243246008303112192,samarthgupta39,Wed Apr 07 17:46:29 +0000 2021,"day47 of #66daysofdata
Continued working on my blog
Continued with my @datacamp track",0,15
1379849632902045697,731856877139558400,ABYA80,Wed Apr 07 17:32:43 +0000 2021,"R2: #66daysofdata with @KenJee_DS 

Day 23: Completed this ToDo list and was exploring re-Regular Expression. https://t.co/aFiwTdJknh",0,19
1379844572939870209,1322620958327255040,Datavisz,Wed Apr 07 17:12:37 +0000 2021,Day 37 of #66daysofdata: Made a dummy submission for titanic ship wreck on kaggle.,0,18
1379844212481536003,1172555040952848384,JaimeRuss4,Wed Apr 07 17:11:11 +0000 2021,"Day 3 of #66daysofdata : I was going to go into the definition of corpus in relation to NLP, then found this: https://t.co/oGwLEliFTA. So, NOW today's lesson is: in Data Science, context is paramount!
#DataScience #NLP #NLProc #Thinkful #DataContext #Practice #5MinADay",0,4
1379841473210945538,1284445574511636480,Tommy_McLennan,Wed Apr 07 17:00:18 +0000 2021,Day 2 - Round 2 #66DaysofData I listened to some of @KenJee_DS's podcast Ken's Nearest Neighbours on @Spotify. Continued my project on @knime. Looked at some of the Covid-19 vaccination rollout statistics online. Looked at some articles on the ROC curve.,1,23
1379839267623473156,1137782574036635649,thedataprof,Wed Apr 07 16:51:32 +0000 2021,"Great #cheatsheet on #datastructures in #Python 
shared by @DataScienceDojo and created by Code Avail

#66daysofdata https://t.co/c6V8cA91fc",8,17
1379818717530439683,1324652185964204033,meyke9976,Wed Apr 07 15:29:52 +0000 2021,"Day 91 of #66daysofdata by @KenJee_DS
I passed the @MicrosoftLearn exam today! Thanks for all your mental support! I won't be doing much else today :)
  https://t.co/rUJCikVM3A",0,24
1379811228025942022,1363855621628465153,korasaju_a,Wed Apr 07 15:00:07 +0000 2021,"Day 26 of #66DaysofData with @KenJee_DS 

Today, I:
1 Continued my SQL Mastery Class — learned Primary/Foreign/Unique Keys and main types of Relationships
2 Continued my Data Wrangling course on Trifacta A. — finished course 3 and practiced Data Wrangling on my own made dataset",0,12
1379801144461959168,201299757,Wedkemail,Wed Apr 07 14:20:02 +0000 2021,#rdis66DaysOfData #66daysofdata Today I flicked through Apple's research kit for implementation into a research personal project. #apple #ResearchKit,0,4
1379791736751423496,2149586883,vperez2000,Wed Apr 07 13:42:39 +0000 2021,"#66daysofdata #R3 #Day2 by @KenJee_DS
@DataCamp DS track

Is not Introduction to Seaborn 
Is:
Seaborn and the beauty of visualization 😍 https://t.co/mTuVWqNywD",1,9
1379694248094752769,397272525,shatandv,Wed Apr 07 07:15:16 +0000 2021,"Day 92 of #66DaysOfData:
- Improved a monitoring app I made a couple days ago,
- Attended a webinar on KNN and KMeans algorithms,
- Analyzed data model requirements with Pandas.",0,14
1379691978527367169,1300541186864590848,trainandtest,Wed Apr 07 07:06:15 +0000 2021,"#QuestionOfTheDay How to do Forward Backward stepwise logistic regression in Python? Are there any existing libraries? 

#MachineLearning #ML #Python #AI #Data #DataScience #100DaysOfCode #100DaysOfMLCode #66daysofdata #ArtificialIntelligence",8,9
1379682668883763204,822280007502295041,_paulo_lopez_,Wed Apr 07 06:29:16 +0000 2021,"#100DaysOfMLCode #100DaysOfCode #66daysofdata #Python 
Day 15
🔹Used NLP and NB classifier to determine text messages as 'spam' or 'ham'.
https://t.co/DSnsfBuEwi https://t.co/4mHCY5bsec",10,8
1379680482313396225,1266599735881687040,ChinWuChen1,Wed Apr 07 06:20:34 +0000 2021,"D22 #66daysofdata 
- read about probability and statistics online resources, so many of them, so different from the old days when only (thick and heavy) textbooks were available.",1,12
1379678762908807170,1329313525974532097,AyubRasool14,Wed Apr 07 06:13:44 +0000 2021,Day 11/66 &amp; 12/66: read thru and tried few examples from plotly documentaction. Went thru old datasets which I have previously done during my Python for machine learning Course to learn how to do an effective EDA. #66daysofdata,0,13
1379663081563779073,1346312420780752896,Comet_Miller,Wed Apr 07 05:11:26 +0000 2021,"Day 63 of #66DaysOfData 

Statistics:
Got to page 190 in ISL

Programming:
Continued watching TidyX #24

Personal Project:
Continued coding and examining mean AUDL winning scores using simple Bayesian methods",0,6
1379655365919408138,995452348280573955,Just_Jordan_T,Wed Apr 07 04:40:46 +0000 2021,Day 19: #66DaysOfData - CH4 What causes what? 'Art Of Statistics' Working on Project 2 from Udacity. EDA #DataScience,0,3
1379646039527993348,1262838138948517888,KasimSegun,Wed Apr 07 04:03:43 +0000 2021,"Just completed this DataEngineering track @DataCamp. 🥳🥳
If you have knowledge of any opportunity where I can gain experience and further strengthen my skills please share.
#data #66daysofdata #dataengineering  https://t.co/SFZWgvmoTu",0,8
1379629967567388675,1377113586145751042,sustainablersyd,Wed Apr 07 02:59:51 +0000 2021,"Day 8 of #66daysofdata with @KenJee_DS :
- More https://t.co/VOETRRoCbp exercises (nested queries)
- Chats abt user behaviour research data
- Learning more about trending data engineering tools
- Alex the Analyst’s react to @KenJee_DS ’s DA to DS vid 😂
- Bought Naked Statistics",0,15
1379610315403460615,1208077315747528704,SiphuLangeni,Wed Apr 07 01:41:45 +0000 2021,"Day 96: #Boxplots show center, spread, symmetry, outliers in data. #Violinplots also show distribution, density of underlying data. They tell you more but can be confusing if audience is not familiar with them.

#100DaysOfCode #66DaysOfData #DataScience #DataVisualization #BWIAI",15,24
1379602909151776769,969343076442542081,JaimeAAvendano,Wed Apr 07 01:12:19 +0000 2021,"Day 41 of #66DaysofData-

- It was another TidyTuesday dataviz today. Data was from https://t.co/CYYfYL2Cpg. Scanned through some of the articles they have.",0,4
1379600988961656838,784839510303453185,tthoraldson,Wed Apr 07 01:04:42 +0000 2021,Day 23 of #66daysofdata R2: Worked with Python's memory-profiler package for the first time today. I'm hoping to both reduce processing time and run my flask app with less memory.,0,15
1379600217532686341,951871594376376320,JackRaifer,Wed Apr 07 01:01:38 +0000 2021,"Want to get better at programming and wandering weather I should start learning #django or #flask. 
Any thoughts or ideas about this are gladly accepted.

#66daysofdata 
#programmers 
#Python",4,13
1379591727762264065,63557338,egm_photo,Wed Apr 07 00:27:54 +0000 2021,"Day 93 of #66DaysOfData with @KenJee_DS 

Of matrices, Wikipedia and theoretical basis. For details, check here: https://t.co/Fu1CwDv4gu https://t.co/oR7chkwKLu",0,8
1379571949400129537,32453704,anyachocolat,Tue Apr 06 23:09:18 +0000 2021,"Day 9 of #66DaysOfData:
- Did some of the #LH2L course 
- And a bit of the Skillfactory course",0,14
1379565680702279680,1316454234447990784,data_motivated,Tue Apr 06 22:44:24 +0000 2021,"Starting the #66daysofdata challenge again! I really enjoyed the first iteration, but I’m going to change it up a bit this time to get the most out of it I can. Check back tomorrow for a day 1 tweet!",0,8
1379545191934275588,1649054340,a_escontrela,Tue Apr 06 21:22:59 +0000 2021,Day 12 of #66daysofdata #100DaysOfMLCode today was about using SQL to explore data and practicing SQL exercises available at #stratascratch,0,9
1379538922376724481,20038710,sandcurves,Tue Apr 06 20:58:04 +0000 2021,"Day 8 of #66daysofdata 

I spent a great deal of time digging into the hope mine temp &amp; humidity data that a friend gave me.  It's amazing how a close look at even ""meaningless"" data can reveal interesting insights.",0,13
1379533919201193988,1172555040952848384,JaimeRuss4,Tue Apr 06 20:38:11 +0000 2021,"Day 2 of #66daysofdata : Python: Parameters = arguments = values entered into a function. Models: Hyperparameters = values entered into a model, sometimes = parameters (see prev sentence). More: https://t.co/GaX8uJZnVC

#DataScience #pythonlearning #Practice #5MinADay",0,3
1379523806084149253,1300492664308146176,MarkusM99098101,Tue Apr 06 19:58:00 +0000 2021,"D 35 &amp; 36 of  #66DaysOfData r2:

D 35: finished with Ch 4 of Python Machien Learning

D 36: worked on two Kaggle Datasets: House Price prediction and started with the Tabular Playground Series - Apr 2021; a challenge stating on every month and is  geared towards beginners",0,17
1379510657767342082,1356609984163889154,jo_grammer,Tue Apr 06 19:05:45 +0000 2021,"Day 37 of #66daysofdata 

Watched the part 2 &amp; 3 of Ken Jee’s DS project from scratch (data collection &amp; data cleaning) 
Continued playing around w/ the Spotify dataset from Kaggle, still having trouble narrowing ideas for a project 
interesting article:

https://t.co/cbMTg2LzmB",0,10
1379505008056602625,324583975,georgekanellos,Tue Apr 06 18:43:18 +0000 2021,"Days 11-13 (R2) of #66daysofdata by @KenJee_DS

Worked more for the final visualisations of my Kaggle kernel. Hopefully available in the next few days! 🎢 https://t.co/4PYE1QDGQd",0,15
1379503796129165314,1243246008303112192,samarthgupta39,Tue Apr 06 18:38:29 +0000 2021,"day45-46 of #66daysofdata
Finally, I finished the first review of my research paper
Did some leetcode questions
Continued with my @datacamp track",0,13
1379494890678067200,731856877139558400,ABYA80,Tue Apr 06 18:03:06 +0000 2021,"R2: #66daysofdata with @KenJee_DS 

Day 21 &amp; 22:
- Done exploring Airbnb dataset.
- Studying topics like Standard Normal Distribution and Probability Density Function.
- Found an IMDb 🎬 dataset will try to work and practice pandas &amp; matplotlib on it.",0,22
1379493597121249287,2527930848,joao96santos,Tue Apr 06 17:57:57 +0000 2021,"62 / #66DaysOfData

Read on how to querry Redshift data using Python with psycopg2

 https://t.co/XKcjSMFknl",0,8
1379486018135597065,1284445574511636480,Tommy_McLennan,Tue Apr 06 17:27:50 +0000 2021,Day 1 - Round 2 of #66DaysofData Been investigating the Wine Quality Data Set from the UCI Machine Learning Repository. Creating a workflow in KNIME. Started the 'Feature Engineering' @Kaggle course and had look at the new 'Intro to AI Ethics' @Kaggle course.,2,29
1379479612724445185,1281890679052857346,ShrutiJ87241031,Tue Apr 06 17:02:23 +0000 2021,"Day 36 : 2R #66daysofdata 
Learned python concepts like string manipulation, list , functions, lambda , iterators and generators .
@KenJee_DS",0,18
1379472015699116034,1324652185964204033,meyke9976,Tue Apr 06 16:32:12 +0000 2021,"Day 90 of #66daysofdata by @KenJee_DS 
Last exam prep day, tomorrow is the big day. I really hope I will pass... Fingers crossed! Then I will finally be able to write more diverse updates 😂",0,23
1379471372733317121,2149586883,vperez2000,Tue Apr 06 16:29:39 +0000 2021,"#66daysofdata #R3 #Day1 by @KenJee_DS 

So, here I am starting for the 3rd time #66daysofdata 

One of the things I learned about this challenge is to set a SMART goal ➡️ finish the @DataCamp Data Scientist career track in #Python
I'm in the 45% right now, so wish me luck!! 🍀🤸‍♀️",0,14
1379471294849114115,1137782574036635649,thedataprof,Tue Apr 06 16:29:20 +0000 2021,"Hi friends, here's episode 3 of the R tutorial series and it's on data types in R
https://t.co/6CdXkRm5df

#R #datatypes #Rcourse #Rtutorial #66daysofdata",0,10
1379462585116807168,1322620958327255040,Datavisz,Tue Apr 06 15:54:44 +0000 2021,"Day36 of #66daysofdata : Finished 1st half of the web automation project I am working on. Learnt opening web pages, switching tabs using window handles and downloading files from the window.",0,16
1379458743675457537,1355938756583321609,Sinnerman____,Tue Apr 06 15:39:28 +0000 2021,"#66daysofdata
Day 22 : Done with learning Tableau",0,9
1379441758887534599,1363855621628465153,korasaju_a,Tue Apr 06 14:31:58 +0000 2021,"Day 25 of #66DaysofData with @KenJee_DS 

Today, I:
1 Continued my SQL Mastery Class — Basic DB Terminologies, DB vs Spreadsheets, and Relational Schemas
2 Continued my Data Wrangling course on Trifacta A.
3 Saw a post on linkedin about Manim Engine — Discovered 3Blue1Brown",0,15
1379440407000412164,19448058,paulapivat,Tue Apr 06 14:26:36 +0000 2021,"R3: Day 9: #66daysofdata 

•Work through building a data pipeline for visualization w/ python, sqlite, js and htm. 
•The final chapters of Dr. Chucks' PY4E really hammers home the 'general purpose'-ness of 🐍
•use api, web services, sql to load data, then clean later b4 viz https://t.co/7HAwc2rXHY",0,6
1379432924601221137,995452348280573955,Just_Jordan_T,Tue Apr 06 13:56:52 +0000 2021,Day 18: #66DaysOfData - CH3 -' Why are we looking at data anyway?' 'Art Of Statistics' Working on project #2 on Udacity working with Dropping columns in pandas + data viz with seaborn and matplotlib. #DataScience #Python,4,4
1379374681812271106,59787963,jamesnan,Tue Apr 06 10:05:26 +0000 2021,"Day 36: #66DaysOfData
Finished "" Guided Project: Investigating COVID-19 Virus Trends in  R "" @ Dataquest",0,7
1379345046781181952,1306505184911208453,mt0rm0,Tue Apr 06 08:07:40 +0000 2021,"Days 44&amp;45 of #66daysofdata: More @tableau Fundamentals, worked on @kaggle notebooks and hyperparameter Tuning for MLPs",0,13
1379327535813521411,1266599735881687040,ChinWuChen1,Tue Apr 06 06:58:05 +0000 2021,"D21 #66daysofdata 
- Revisited and gained a deeper understanding of Fourier Series and Transform, and their fundamental similarity with SVD.",0,12
1379318709957718019,1346312420780752896,Comet_Miller,Tue Apr 06 06:23:01 +0000 2021,"Day 62 of #66DaysOfData 

Statistics:
Got to page 187 in ISL

Programming:
Began watching TidyX #24

Personal Project:
Began coding up the simple Bayesian analysis of AUDL game scores",0,8
1379314792997941249,209191879,bhatnagarkush,Tue Apr 06 06:07:27 +0000 2021,"Day 66 : Last day of #66daysofdata Challenge, did some retrospection and also planned for R2. Thank you @KenJee_DS  for introducing this challenge, it helped me in a big way. 
#MachineLearning #DataScience #learningneverstops",1,17
1379269240591511552,1322620958327255040,Datavisz,Tue Apr 06 03:06:27 +0000 2021,Day 35 of #66daysofdata : Spent some time on kaggle.,0,14
1379267010878640128,1208077315747528704,SiphuLangeni,Tue Apr 06 02:57:35 +0000 2021,"Day 95: #ListComprehension is a #Pythonic way to create new lists.

[expression for item in iterable (if conditional)] 

They produce elegant, readable code but can cause a hit to performance in large lists. 

#100DaysOfCode #66DaysOfData #DataScience #Python #Programming #BWIAI",12,17
1379261192552652801,1137782574036635649,thedataprof,Tue Apr 06 02:34:28 +0000 2021,"Hi friends, my friend @RichardOnData1 has released a video on the top #R packages (e.g. tidyverse, ggplot2, etc.) to use, check out his video in the links provided below👇 

#rpackages #datascience #66daysofdata https://t.co/gr6HgU02t1",1,10
1379252411852816386,1291243974611668992,pristdata,Tue Apr 06 01:59:34 +0000 2021,"Day 36 &amp; 37 of #66daysofdata:
- Read a chapter on significance testing
-Continued working on food data analysis notebook
-Watched videos about Coursera's Google data analytics certificate, what do you guys think about it? Are you considering taking it?",0,27
1379250290717769739,784839510303453185,tthoraldson,Tue Apr 06 01:51:09 +0000 2021,Day 22 of #66daysofdata R2: All the Celery! Testing out celery with some C# MassTransit apps.,0,13
1379245639943393284,406512519,rohan_kumawat,Tue Apr 06 01:32:40 +0000 2021,"@Elena_Dyagileva I'm also building the habit of #66DaysofData 
All the best for the rest of the days 🌠😄",0,3
1379216380298416130,969343076442542081,JaimeAAvendano,Mon Apr 05 23:36:24 +0000 2021,"Day 40 of #66DaysofData-

Ended up going with a super simple dataset instead. But completed my goal of deploying it on @heroku.
Ran it through https://t.co/piqKWVf9w9 first. Keep missing items in the requirements.txt.

https://t.co/CzvBdGKrKR",0,6
1379204498388844544,1377113586145751042,sustainablersyd,Mon Apr 05 22:49:11 +0000 2021,"Day 7 of #66daysofdata with @KenJee_DS 
- intro to how my company uses Github
- dbt intro
- random work things associated with event tracking and payloads
Rest of day will be SQL exercises via https://t.co/VOETRRoCbp 🤓",0,16
1379202724403818498,20038710,sandcurves,Mon Apr 05 22:42:08 +0000 2021,"Day 7, #66DaysOfData

Another day of purely working on projects.  Today I was mainly tweaking a project for a job interview, which has been a lot of fun working on.  Getting my Regex skills up!",0,12
1379190305082200066,63557338,egm_photo,Mon Apr 05 21:52:47 +0000 2021,"Day 92 of #66DaysOfData with @KenJee_DS 

Of pretty graphs, code-snippets and securing Docker containers. Details here: https://t.co/EdfVuSTRbB https://t.co/SERERFIFqS",0,13
1379190190116249600,822280007502295041,_paulo_lopez_,Mon Apr 05 21:52:20 +0000 2021,"#100DaysOfMLCode #100DaysOfCode #66daysofdata #Python 
Day 14th
🔹 Started reading ""Approaching (Almost) any Machine Learning Problem"" by Abhishek Thakur 🔥💯

https://t.co/00G5zUr1kD",11,8
1379169545731063817,1649054340,a_escontrela,Mon Apr 05 20:30:18 +0000 2021,Day 11 of #66daysofdata #100DaysOfCode #100daysofML today was about KNN in R #RStats running some tests to select best K value,9,17
1379162528845037568,951871594376376320,JackRaifer,Mon Apr 05 20:02:25 +0000 2021,"#66DaysOfData with @KenJee_DS R2 OT:
Had a blast last week talking about #DATApreneurship at the #ODSC2021. If you missed it, you can watch it in my sparkling new YouTube Channel. 
I will be adding fun content soon, so subscribe.

https://t.co/4T1bZRwVTB",0,14
1379155899663679491,397272525,shatandv,Mon Apr 05 19:36:04 +0000 2021,"Day 91 of #66DaysOfData:
- Cleaned some really uncool data,
- Started conceptualizing a data model for a project of mine,
- Learned how to clean up incorrect data labels from Andrew Ng's ML Strategy course,
- Read some of the paper on Circuits in ANNs 👇.",0,17
1379150301433716738,232069724,rahul40patel,Mon Apr 05 19:13:49 +0000 2021,"Day 18 of #66DaysOfData

4th week of the SQL for Data Science course.

- Using SQL for Data Science best practices

@KenJee_DS",0,13
1379147306407190534,1361227694889967616,dataQueen_pend,Mon Apr 05 19:01:55 +0000 2021,"Day 49 of #66daysofdata 

Done some:
➡️ Quizzes in @SoloLearn 
➡️ Continued Python course by @simplilearn 

✨ Methods, built-in functions on lists
✨ Intro about Tuples
✨ Reviewed basic python concepts",0,15
1379140878250340354,406512519,rohan_kumawat,Mon Apr 05 18:36:23 +0000 2021,"Day 29 of #66daysofdata and #100DaysOfCode 
I worked on the Kaggle April Competition and cleared my concepts of ANN too.
#kaggle",5,9
1379126732058361857,2562318241,NeemaMV,Mon Apr 05 17:40:10 +0000 2021,"Day 45 of #66daysofdata
Day 74 of #100DaysOfCode #DataScience
Day 25 of #100DaysOfSQL
Developed few SQL queries for data preparation.
Pull the data in knime and set up workflow with some multiple file join",9,23
1379125182992941059,1172555040952848384,JaimeRuss4,Mon Apr 05 17:34:01 +0000 2021,"Day 1 of #66daysofdata New to web scraping? Site with fake data to practice basic scraping skills: https://t.co/EmvwurCete

#DataScience #webscraping #learning #beautifulsoup #Practice #5MinADay",0,5
1379123620937629711,32453704,anyachocolat,Mon Apr 05 17:27:48 +0000 2021,"Day 8 of #66DaysOfData:
- Learned about the Zen of Python 
- Read about namespaces/scopes https://t.co/W08Tz7uq9L",0,11
1379093097368453121,1356609984163889154,jo_grammer,Mon Apr 05 15:26:31 +0000 2021,"Day 36 #66daysofdata 

Continued working on my DS certif ML module w/ IBM (entering the final stages as I have only one more assignment to submit before the Capstone Project 👀) worked also on content-based recommender systems and collaborative filtering
https://t.co/dF4oy685Hb",0,8
1379092038021345283,1363855621628465153,korasaju_a,Mon Apr 05 15:22:18 +0000 2021,"Day 24 of #66DaysofData with @KenJee_DS 

Today, I:
1 Continued my SQL Mastery Class — Learned about different SQL Syntax and the statements under each syntax ( DDL, DML, DCL &amp; TCL) 
2 Recalibrated my Data Science Learning Path again and patterned it with 365 Data Science courses",0,15
1379076435990564864,95620001,FirstKraken,Mon Apr 05 14:20:18 +0000 2021,22/66 #66daysofdata  - when you let your @numerai model train while you sleep and wake up at 5am to submit just under the wire. https://t.co/o4JxkJWx2v,3,14
1379059560799997953,1324652185964204033,meyke9976,Mon Apr 05 13:13:15 +0000 2021,"Day 89 of #66daysofdata by @KenJee_DS 
Just studying and practicing for the upcoming exam... https://t.co/ZzhgPBG5fo",0,17
1379021965051060226,1310565371389177858,R1SE_823,Mon Apr 05 10:43:52 +0000 2021,"Day 61 of #66daysofdata 
- build face recognition web app to practice using fast api and docker",0,9
1379020107821813760,1284445574511636480,Tommy_McLennan,Mon Apr 05 10:36:29 +0000 2021,"After a bit of a break, I'm starting my second round of #66DaysofData challenge with @KenJee_DS tomorrow - 
where you try to spend at least 5 minutes learning data science each day for 66 days! Let's go!",3,39
1379005918998843392,1348766102529171467,KeerthanaJagan5,Mon Apr 05 09:40:06 +0000 2021,Day 41 of #66daysofdata : forgot to post yesterday. Started the intro to NLP micro course in Kaggle and completed the first exercise in pattern matching with spacy library @KenJee_DS,0,8
1378999126004617223,1059200207756423170,Aamna__Suhail01,Mon Apr 05 09:13:06 +0000 2021,"#66daysofdata 
Day 20
 @AndrewYNg Coursera Machine Learning Course 
Week 3
Logistic Regression- Classification,  Hypothesis Representation and Decision Boundary

@Krishnaik06
Exploratory Data Analysis on Titanic Dataset

 @KenJee_DS",1,23
1378992278019117059,32453704,anyachocolat,Mon Apr 05 08:45:54 +0000 2021,"Day 7 of #66DaysOfData:
- Did a bit of my @SkillFactoryRu course, still on the Python module",0,11
1378947125808132100,397272525,shatandv,Mon Apr 05 05:46:29 +0000 2021,"Day 90 of #66DaysOfData:
- Read an interesting paper on Multimodal Neurons in ANNs. It's especially curious to see the parallels between the brain and ANNs,
- Learned more about writing product functional requirements,
- Watched a video on ML error analysis.
#moredaysofdata",0,10
1378946339451637761,466528595,Elena_Dyagileva,Mon Apr 05 05:43:21 +0000 2021,"DAYS 31 and 32 of #66DaysofData :
I practiced break, continue statements and tasks where you have to find and fix someone’s mistakes in code. That was quite difficult 😄 but fun as well",0,21
1378925765790724097,59787963,jamesnan,Mon Apr 05 04:21:36 +0000 2021,"Day 35: #66DaysOfData
Working on "" Guided Project: Investigating COVID-19 Virus Trends in  R "" @ Dataquest",0,7
1378919895690186752,95620001,FirstKraken,Mon Apr 05 03:58:16 +0000 2021,"21/66 #66daysofdata - After a 4 hour run time, I received the prediction data and a nested dictionary with the specs on every model ran. The key for the ""winning"" model was lost due to a misplaced comma. Restarting.",0,11
1378917523572285442,995452348280573955,Just_Jordan_T,Mon Apr 05 03:48:51 +0000 2021,"Apr 4, 2021 Day 17: #66DaysOfData - CH2 'Art Of Statistics' working on project 2 on Udacity Data Analysis. Watched Tina's video on studying. Overall just learning enough to get started and work on projects. #DataScience #Python 
(https://t.co/cT8dy9B10b)",2,3
1378917089994551300,1377113586145751042,sustainablersyd,Mon Apr 05 03:47:07 +0000 2021,"Day 6 of #66daysofdata on the road.
- Listened to 3 KNN's episodes (Uber driver to ML, majoring in DS&amp;NASA physics to DS) u know a podcast is good when you realize the episodes are too short @KenJee_DS 
- A couple more docker vids
- https://t.co/sDMsABd88u practical data ethics",0,16
1378913233780809729,1208077315747528704,SiphuLangeni,Mon Apr 05 03:31:48 +0000 2021,"Day 94:  ""It was working just fine on my machine…not sure why it’s not working for you 🤔."" #Docker to the rescue! Create isolated, reproducible and portable workspaces for the team! #Dockerfile→build Image→Container

#100DaysOfCode #66DaysOfData #DataScience #DevOps #BWIAI",12,17
1378882808878354433,969343076442542081,JaimeAAvendano,Mon Apr 05 01:30:54 +0000 2021,"Day 39 of #66DaysofData-

- Finished the 6th course in the Google Analytics series of sharing data. Easily my favorite so far. I've done a decent amount of public speaking and presenting, but there was a lot of good info on how to improve that skill.",0,12
1378856637851561985,1283489158258819072,hhotkey,Sun Apr 04 23:46:55 +0000 2021,"Day 2️⃣2️⃣ ==&gt;&gt; of #66daysofdata #100daysofcode 

In continuation to the previous post:
Empirical Risk Minimization (ERM) vs. Tilted Empirical Risk Minimization (TERM) implemented on real-world datasets. 
Source: Facebook AI and CMU https://t.co/bH8jrrnPXj",7,10
1378850535445528581,20038710,sandcurves,Sun Apr 04 23:22:40 +0000 2021,"Day 7 of #66DaysOfData

I worked on coding projects again and studied some SQL",0,15
1378848557701197829,784839510303453185,tthoraldson,Sun Apr 04 23:14:48 +0000 2021,Day 21 of #66daysofdata R2: Completed my @numerai model submission.,3,20
1378827472976875524,2302616060,mornalisak,Sun Apr 04 21:51:01 +0000 2021,"Day 1 of #66daysofdata with @KenJee_DS #100daysofcode kaggle, kaggle, kaggle,    holy kaggle yes kaggle.....wish me luck. https://t.co/IGRsGxOa0G",11,12
1378822363144413193,1649054340,a_escontrela,Sun Apr 04 21:30:43 +0000 2021,Day 10 of #66daysofdata #100DaysOfMLCode #100daysofcode I continue working in  a mini project for classification of #bitcoin transactions related to fraud. I was doing some fine tuning of Logistic Regression model and review clustering algorithms notions,8,11
1378811659687505922,1300492664308146176,MarkusM99098101,Sun Apr 04 20:48:11 +0000 2021,"Day 34 of  #66DaysOfData r2: today I read more on data preprocessing (Ch4 Python Machine Learning): handling categorical data (nominal, ordinal, one-hot encoding), scaling data (standardization/min-max) and L1 &amp; L2 regularization.",0,15
1378798374929973248,397272525,shatandv,Sun Apr 04 19:55:24 +0000 2021,"Day 89 of #66DaysOfData:
- Implemented an algorithm for Random Forest,
- Read a lot about the Gradient Boost and Adaboost algorithm.
#moredaysofdata",0,15
1378796475765886977,1361227694889967616,dataQueen_pend,Sun Apr 04 19:47:51 +0000 2021,"Day 48 of #66daysofdata 

I was really courious what this Python's arrays are... And I went a few steps in the @simplilearn course further to check it out!

Thoughts? 
Interesting...
But I can't wrap my head around for what they are to use😂.",0,16
1378778481949958144,1059200207756423170,Aamna__Suhail01,Sun Apr 04 18:36:21 +0000 2021,"#66daysofdata 
Day 19
 @Coursera Introduction to Data Science 
Week 1 Introduction Module Completed

 @KenJee_DS",0,13
1378777939035058178,406512519,rohan_kumawat,Sun Apr 04 18:34:11 +0000 2021,"Day 28 of #66daysofdata and #100DaysOfCode 
I worked on the Kaggle April Competition.
#kaggle",6,6
1378777635594121219,1342015716535508994,iamsalihmansoor,Sun Apr 04 18:32:59 +0000 2021,"Day 40 &amp; 41

Revised the earlier concepts from the Udacity course.
Also watched a talk on 'Data Analytics in the accounting profession'

@KenJee_DS #66daysofdata",1,11
1378761731359432706,731856877139558400,ABYA80,Sun Apr 04 17:29:47 +0000 2021,"R2: #66daysofdata with @KenJee_DS 

Day 20: Continuing work on airbnb dataset.
Watched a video of @Krishnaik06 on PyWebIo and @hellotinah's latest video.",0,21
1378746644179525634,1331398329977032707,aloknag_DS,Sun Apr 04 16:29:50 +0000 2021,"#66DaysOfData: 
Taking two days off for interview prep. 🤞",0,12
1378744787537256452,1322620958327255040,Datavisz,Sun Apr 04 16:22:27 +0000 2021,Day 34 of #66daysofdata: Watched some nlp and recommender systems video on Udemy. I am hurrying towards the deep learning section.,0,11
1378739693391552516,1363855621628465153,korasaju_a,Sun Apr 04 16:02:13 +0000 2021,"Day 23 of #66DaysofData with @KenJee_DS 

Today, I:
1 Reviewed and practiced what I learned these past few days — NumPy, Pandas and Webscraping in Python using Beautiful Soup. 
2 Started my training on Trifacta for Certification",1,11
1378695284562087947,1280071475278446592,gehrichai65,Sun Apr 04 13:05:45 +0000 2021,"#66DaysOfData 
Day 10, 9 - went through some follow along tutorials for speech recognition for an internship task
Day 11 - Worked on data cleaning on given dataset",0,9
1378673136812621829,1324652185964204033,meyke9976,Sun Apr 04 11:37:44 +0000 2021,"Day 88 of #66daysofdata by @KenJee_DS 
Continued with exploring the tweets dataset. Also studied for DP-200. No more escaping... 3 days count down untill the exam 🙀",0,23
1378649050598105092,1137782574036635649,thedataprof,Sun Apr 04 10:02:02 +0000 2021,"Hi friends, always wanted to do some #webscraping in #python ? Here's a super easy way using the newspaper3k library.
https://t.co/Z0SqC3nzjl

#66daysofdata #datascience",9,25
1378604842109657094,1329313525974532097,AyubRasool14,Sun Apr 04 07:06:22 +0000 2021,Day 10/66: decided to change from seaborn to plotly to perform my EDA. Managed to change most of the EDA I have done to plotly. Also watched @KenJee_DS videos oh how he used plotly and read some documentation.#66daysofdata,0,14
1378576168136241162,19448058,paulapivat,Sun Apr 04 05:12:25 +0000 2021,"R3, Day 7: #66daysofdata 

- Complete relational databases in FCC, many-to-many relationships
- Connect Python w/ SQLite DB
- loop thru .txt email list and create database of names/emails (connect 
- loop thru .json file &amp; create db 
- loop thru .xml file &amp; create db",0,2
1378557069612081158,1322620958327255040,Datavisz,Sun Apr 04 03:56:32 +0000 2021,Day 33 of #66daysofdata : Finished the kmeans clustering section on Udemy.,0,14
1378541968519798784,995452348280573955,Just_Jordan_T,Sun Apr 04 02:56:32 +0000 2021,Day 16: #66DaysOfData Finished CH1 of 'The Art Of Statistics' Still working on the 2ed project for Udacity Data Analytics. working with Pandas filling null values and dropping columns. #DataScience #DataAnalytics https://t.co/zXJ3CrJDIs,2,2
1378541805411700737,1208077315747528704,SiphuLangeni,Sun Apr 04 02:55:53 +0000 2021,"Day 93: Libraries expand functionality of your programming language.

Created a method that checks if a value falls within a range using vanilla #JS in 12 lines of code. #Lodash .inRange() does it in 1.

#100DaysOfCode #66DaysOfData  #JavaScript #Programming #DataScience #BWIAI",9,12
1378530049784229888,969343076442542081,JaimeAAvendano,Sun Apr 04 02:09:10 +0000 2021,"Day 38 of #66DaysofData-

- Getting ready to setup a simple logistic regression classifier. Still exploring/cleaning the data.",0,14
1378528828704886789,784839510303453185,tthoraldson,Sun Apr 04 02:04:19 +0000 2021,Day 20 of #66daysofdata R2: Continued with celery research and worked on my @numerai model.,2,8
1378510490666668036,1291243974611668992,pristdata,Sun Apr 04 00:51:27 +0000 2021,"Day 34 &amp; 35 of #66daysofdata: 

Chill days but I managed to:
-Watch @JackRaifer 's #ODSCEast webinar about datapreneurship, it was great, highly recommend it.
-Read a chapter about unsupervised learning.
-Do some quick SQL exercises.",0,18
1378488291041808384,95620001,FirstKraken,Sat Apr 03 23:23:14 +0000 2021,20/66 #66daysofdata - Tapped out the time limit on google colab. That was something. Refined some things and it runs in half the time... That's still a lot. #EpicEpochs,0,3
1378478924951343105,1377113586145751042,sustainablersyd,Sat Apr 03 22:46:01 +0000 2021,"Day 5 of #66daysofdata: 
- Realizing I accidentally tweeted day 3 twice
- building out DB project for updates
- Getting more familiar with @Docker containerization 
Notion links coming soon",0,12
1378467898671431681,20038710,sandcurves,Sat Apr 03 22:02:12 +0000 2021,"Day 6, #66DaysOfData

I worked on coding projects.  Not that much of it actual ""data"" projects, but there was a little.",0,9
1378458033366384640,1301025989359788033,AMuktineni,Sat Apr 03 21:23:00 +0000 2021,"Day 60 of #66daysofdata Round2!

The Art Of Statistics Chapter 7: Theory around uncertainty in statistics and communicating uncertainty using concepts like margin of error, confidence intervals and bootstrapping. @KenJee_DS",0,17
1378454233536724994,967674092273983489,joleenbothma,Sat Apr 03 21:07:54 +0000 2021,"Day 66 of #66DaysofData 

Today I created a class in #python for my Xero API project. There was a steeper learning curve compared to toy examples. I learnt a lot more. 

I look forward to continuing to share my journey here. 

Thanks to @KenJee_DS for this awesome challenge! https://t.co/nRyRErnRXZ",1,13
1378449311474794498,1649054340,a_escontrela,Sat Apr 03 20:48:20 +0000 2021,Day 9 of #66daysofdata #100DaysOfMLCode #100DaysOfCode I continue working on mini project of Bitcoin Ransomware in R #RStats. Today I struggled with memory issues running SVM and Random Forest due to the size of the dataset,13,9
1378440177312485381,1300492664308146176,MarkusM99098101,Sat Apr 03 20:12:03 +0000 2021,"D 33of  #66DaysOfData r2: 
Today I spend almost all of my time to revise my EDA for the Kaggle competition.
 ""If you don't do it right the fist time you will have to do it a second time""

I also started with chapter 4 of Python Machine Learning, which is about data preprocessing.",1,13
