tweet_id,user_id,user_name,created_at,full_text,retweets,favorite
1403038762150502402,46960309,arshaq,Thu Jun 10 17:18:02 +0000 2021,"Day 8-9 Summary:

- Plotting using plotly and cufflinks
- plotting geo data 
- Capstone project on 911 calls

#NoteToSelf:
- Plotting is prove to be something I need to work on. 

#66daysofdata",0,0
1403037218617409545,1607658019,_koredehassan,Thu Jun 10 17:11:54 +0000 2021,"Day 18 of #66daysofdata

Light day of learning

I had fun working on my housing prices kernel on @kaggle",0,0
1403035233226690563,1051512590445105152,khanh_hab,Thu Jun 10 17:04:01 +0000 2021,"D11 of #66daysofdata
- Correlated subqueries
- The DRY Principle in SQL",0,0
1403031456784424962,1065851164082634752,satriya_tegar,Thu Jun 10 16:49:01 +0000 2021,"Day 2 #66DaysOfData
Mini-course python on Kaggle
Read an article from medium about data visualization",0,0
1403016036467814405,2149586883,vperez2000,Thu Jun 10 15:47:44 +0000 2021,"#66daysofdata #R3 #Day39 by @KenJee_DS
@DataCamp DS track

Today, Bagging - Bootstrap Classification and OOB Evaluation.

I don't know why but this is really cool, I just feel very enthusiastic each time I execute accuracy_score() 😅🙌🏻💖",0,3
1403012424488345601,324583975,georgekanellos,Thu Jun 10 15:33:23 +0000 2021,"Days 59-62 (R2) of #66daysofdata by @KenJee_DS 

Went back to the drawing board! 📋📋
I revised the first lectures from the Machine learning with Python course on edX https://t.co/NjpWdQYNfu 
The next step is to pick a Kaggle competition to try out!",3,2
1403004921071345666,2352929006,akira_rafhael,Thu Jun 10 15:03:34 +0000 2021,"Day 55 : Learned Continuous Distribution

#66DaysOfData",0,3
1403003914711044107,1362442599747870721,art9793,Thu Jun 10 14:59:34 +0000 2021,"D43-46 #66daysofdata @KenJee_DS
Completed the #Statistics with #Numpy module of the Analysing #Data with #Python skill path!
Next up is the #Pandas
Module!

Also been preparing for a super important Interview for a promotion which is tomorrow  :)
#DataScience #DataAnalytics",4,6
1403001652290883587,1363855621628465153,korasaju_a,Thu Jun 10 14:50:35 +0000 2021,"Day 9 of #66DaysofData (R2) with @KenJee_DS 

•Learned how to create Temporary Tables and perform Multi-Step Queries on MySQL — used my knowledge to Analyze Top Website Pages/Entry Pages from a dataset.",0,8
1402967966854098945,1008234306609741824,ShenghongZhong,Thu Jun 10 12:36:43 +0000 2021,"Recently it's quite popular.... 

Telling me without telling me you're a data scientist...

#DataScience #66daysofdata",2,0
1402925044800569349,1356609984163889154,jo_grammer,Thu Jun 10 09:46:10 +0000 2021,"Day 22 R2 #66daysofdata 

Read chapter on privacy &amp; ethics from MIT Press essentials: Data Science by John D. Kelleher. 

Also did some EDA &amp; viz of LA museums data.

There's some interesting data on: https://t.co/hUtCMT8QeJ",0,8
1402917515337027586,32453704,anyachocolat,Thu Jun 10 09:16:15 +0000 2021,"Day 60 of #66DaysOfData:
- still learning numpy. it's taking me more time than pandas",0,5
1402904165471432709,1324652185964204033,meyke9976,Thu Jun 10 08:23:12 +0000 2021,"Day 149 of #66daysofdata by @KenJee_DS 
I have been checking out notebooks that use time series analysis... ⌛️⏳⌛️⏳",0,14
1402892292835491840,86625337,vivcheny,Thu Jun 10 07:36:01 +0000 2021,"Day 1: signed up for #WaiPRACTICE with @RLadiesDublin

Thought about this for few days if I have time for this while also doing my final project. I guess I convinced myself to say yes knowing how difficult it's going to be for my time management 😂
#66daysofdata",0,2
1402886273040326656,1137782574036635649,thedataprof,Thu Jun 10 07:12:06 +0000 2021,"Hi friends, I just published in @TDataScience How to Build an AutoML App in Python https://t.co/fLWWY0NIc2 

#66daysofdata #100daysofcode #datascience #automl #machinelearning #python https://t.co/SPr9rwdAci",18,25
1402858020091183105,16229037,elviajeligero,Thu Jun 10 05:19:50 +0000 2021,Day 5 and 6 of #66daysofdata: Finished my Taylor series homework. @SymPy is such a badass tool. https://t.co/AxEYxdJGjH,0,2
1402842774781661186,1276070101196795904,thinam_,Thu Jun 10 04:19:15 +0000 2021,"💡Implementation of The Generator Block and Pokemon Dataset.

📔Notebook: https://t.co/XVPSzP0AO9
📚 Dive into Deep Leaving : https://t.co/4vpKQHzkRz

#66daysofdata #machinelearning #deeplearning https://t.co/TcyHj4eDqE",0,3
1402839626037948425,1369840035726581766,DustinVo10,Thu Jun 10 04:06:45 +0000 2021,"Day 16 #66daysofdata 06/09/21
Continue pre-processing data",0,2
1402838530259402752,1301025989359788033,AMuktineni,Thu Jun 10 04:02:23 +0000 2021,"Days 16-20 of #66daysofdata Round3

Earned a Statement of accomplishment for completing Supervised Learning with 'scikit-learn' @DataCamp @KenJee_DS 

https://t.co/Y7IrFt2tpk",1,9
1402829222121459712,2238460753,KennethB23,Thu Jun 10 03:25:24 +0000 2021,"Completed day 25 of #66daysofdata by writing lots of SQL queries from practice exercises. Today's focus was on a combination of statements learned to date... INSERT INTO, CREATE TABLE, IF NULL(), COALESCE() and JOIN just to name a few.",0,1
1402820607562092546,2149586883,vperez2000,Thu Jun 10 02:51:10 +0000 2021,"#66daysofdata #R3 #Day38 by @KenJee_DS
@DataCamp DS track

On Bias Variance Trade-Off and Ensemble Learning - Voting Classifier, the last a new concept for me!",0,7
1402815919198511106,734167027997347842,_liamconnors,Thu Jun 10 02:32:32 +0000 2021,Day 24 of #66daysofdata - started the classification chapter in Hands-On Machine Learning,1,13
1402803693129506822,1392958037497892871,AntoneEvansJr,Thu Jun 10 01:43:57 +0000 2021,"#Day31 of #66DaysOfData by @KenJee_DS 
How do we mitigate unfairness in our data? Extra extra read academic papers (my day)! It's no surprise this question has been studied by individuals for years. There are 3 approaches I've found in my reading pre- in- and post-processing.👇🏾 https://t.co/EvuK0sigQ9",0,6
1402797446615470086,1179254091521941508,jasonvero,Thu Jun 10 01:19:08 +0000 2021,"Day 39 - of #66DaysOfData
Day 19 - of #66DaysOfRunning

While moving through my studies, an idea for a project came to mind. As part of that project, I will be building a Twitter web scraper.

I have just applied for Twitter Developer credentials to receive access to their API.",0,9
1402791871940763650,406512519,rohan_kumawat,Thu Jun 10 00:56:59 +0000 2021,@elise__chin @KenJee_DS Welcome to the #66daysofdata community♥️🌈,0,2
1402786658941083654,25925939,Dataenergy_DS,Thu Jun 10 00:36:16 +0000 2021,"Day 32: working on NoSQL databases using Robo 3T and learning about Google's Big Query

#66daysofdata",0,2
1402785835909591044,2384674350,WoleAdewumi,Thu Jun 10 00:33:00 +0000 2021,D24: Learnt how to create new tools using shell scripts #66daysofdata,0,4
1402765675895181313,101522789,augusto_dn,Wed Jun 09 23:12:53 +0000 2021,"Day 7 of #66daysofdata RNN basic concepts.
🔹RNN architectures are good candidates for sequential data: weather forecasts, stock market predictions and even with written and spoken language, among others.
🔹Since it incorporates a feedback loop, values can rise uncontrollably. https://t.co/PSh6GNEIh7",0,3
1402748901413867521,3435986734,ImprovingSlowly,Wed Jun 09 22:06:14 +0000 2021,"Day 9 of #66daysofdata

We started our study group for Automate the boring stuff today 🥳",0,2
1402748152977952788,929998650,KehalHoussem,Wed Jun 09 22:03:16 +0000 2021,"Day 3⃣2⃣:

I examined some notebooks on @kaggle to get inspiration and learn some new approaches and techniques 😁.

https://t.co/whjAW1s5uj

#66DaysOfData #MachineLearning #data",1,1
1402744262148739083,1389606414474227715,Nobre_Lucas18,Wed Jun 09 21:47:48 +0000 2021,"#66daysofdata, day 17:

Today I got carried away with Machine Learning 🥰. I studied about the types of machine learning: Supervised, Unsupervised, Semi-supervised and Reinforcement Learning.",0,3
1402740917518340101,1353036098201595912,rpmandrekar,Wed Jun 09 21:34:31 +0000 2021,"Day 0 of #66daysofdata with @KenJee_DS
Finished the introduction Playlist of ""first principles of computer vision"" by Prof. Shree Nayar. 
Learnt what computer vision is, what it is used for and the basics about how humans see and how computer vision can edge human vision.",0,13
1402730978049617921,901324520346091520,Sanskar1531,Wed Jun 09 20:55:01 +0000 2021,"day 44 of #66daysofdata 
Watched video from Google I/O conference playlist on vertex AI by Google. Also did some quizzes on git.",0,1
1402713246780465156,1392381742317703168,moondaawg,Wed Jun 09 19:44:33 +0000 2021,"#Day9 of #66daysofdata 
Struggled a lot today.Spent most of my day trying to get back my data from my drive D which got unallocated. Hoping to recover it back soon.

Managed to study introduction to Machine Learning.
NEVER STOP LEARNING!
#motivation #machinelearning #datascience",1,8
1402712793225207809,406512519,rohan_kumawat,Wed Jun 09 19:42:45 +0000 2021,"Day 18 of #66daysofdata 
I published another blog today💙.
I started compiling my Computer Vision notes✌️🏻.

https://t.co/aaP525Bs8s",0,3
1402688140029083648,1352186511433805824,balalaikagrunge,Wed Jun 09 18:04:47 +0000 2021,"Day 33 of #66daysofdata
Cleaned the notebook for feature importances and RFE rankings. Made the graphs easier to read and prettier. Wrote some more functions for pre-processing. Still trying to debug a little piece of code for hyperparameter tuning.",0,11
1402687366565924864,554435225,hmatalonga,Wed Jun 09 18:01:43 +0000 2021,"Day 60 of #66DaysofData. One of my models continues to fare well in the @numerai tournament earning its first silver medal.

#DataScience #MachineLearning https://t.co/9nrbK8G634",1,13
1402681128356483074,1326548459210461184,rajatrc17,Wed Jun 09 17:36:56 +0000 2021,"Day 3 of #66daysofdata 
Just a video explaining Adaboost for today. 
Had a busy day!",0,3
1402680150714503169,1299710065042051073,imaatheworld,Wed Jun 09 17:33:03 +0000 2021,"#66daysofdata Day 10 [09/06/2021] 
I learned transforming data with pandas",0,4
1402679896346796034,1322620958327255040,Datavisz,Wed Jun 09 17:32:02 +0000 2021,Day 64 of #66daysofdata: Revised Decision tress from ISLR.,0,7
1402676673368236037,1266599735881687040,ChinWuChen1,Wed Jun 09 17:19:14 +0000 2021,D56 #66daysofdata - took it easy and did some gentle reading ☺️,0,8
1402674664439156738,1607658019,_koredehassan,Wed Jun 09 17:11:15 +0000 2021,"Day 17 of #66daysofdata

Read chapter 7 of ""Hands on Machine Learning with Scikit-Learn, Keras and Tensorflow""

Also continued exploring the kaggle housing prices dataset",0,5
1402667718554230784,1065851164082634752,satriya_tegar,Wed Jun 09 16:43:39 +0000 2021,"Day 1 #66DaysOfData
learning machine learning course in Coursera
I hope this journey gonna be amazing https://t.co/gkL8Cf4GMN",0,3
1402666708544933897,993972652279844864,francomanca93,Wed Jun 09 16:39:38 +0000 2021,"Day 2 of #66daysofdata. I finished watching 2nd week of AI for Everyone by @AndrewYNg

✅ Workflow of a MACHINE LEARNING project and DATA SCIENCE project
✅ Every job function needs to learn how to use data
✅ How to choose an AI project (2 Parts)
✅ Working with an AI team.

🧵",0,14
1402660727668674563,1670570930,gauravgulati9c,Wed Jun 09 16:15:52 +0000 2021,"Progress Update!
Day 10, 11 - Learnt about the Multi armed bandit problem. It's indeed interesting. Will be practically implementing it soon.

#66daysofdata #MachineLearning",1,7
1402655077966417922,1356609984163889154,jo_grammer,Wed Jun 09 15:53:25 +0000 2021,"Day 21 R2 #66daysofdata
Quite the hectic week

- 365 DS course:

Multiple Regression with StatsModels

- Intro to Feature Engineering:

Improve a model’s predictive performance
Reduce computational or data needs
Improve interpretability of the results

👇

https://t.co/duvsFtyA7S",0,9
1402654898634694660,1363855621628465153,korasaju_a,Wed Jun 09 15:52:42 +0000 2021,"Day 8 of #66DaysofData (R2) with @KenJee_DS 

•Learned the use of COUNT — CASE WHEN statement on MySQL as a substitute for Pivot on Excel 
•Analyzed Traffic Data, Bid Optimization and performed Trend Analysis on a certain dataset using MySQL.",0,13
1402650480837230594,1294630545490456578,AbdGeeky,Wed Jun 09 15:35:09 +0000 2021,Working on a dataset. #66DaysofData Tweet Dataset so that we can analyse real twitter data that we created and get insights of what others are learning and many more?? Stay tuned to get access. If you want the dataset when its done. Just Reply Below 👇👇,0,2
1402650428677005318,1240953896,asvn90,Wed Jun 09 15:34:56 +0000 2021,"Day 17+18 of #66DaysOfData with @KenJee_DS 

Figured out how to use pivot tables in Pandas. Also did some basic data analysis using the data of @365datascience's Excel pivot table training. Next: make a dashboard in @streamlit that is similar to the pivot table slicer in Excel 💪 https://t.co/nT0ZSF6Vxe",0,10
1402643830898188295,2352929006,akira_rafhael,Wed Jun 09 15:08:43 +0000 2021,"Day 48-54 : Working on assignments and preparation for final exams. I didn't feel like want to learn DS this week, to be honest. Finally all of my assignments and exams is done. For today :
* Reviewed Discrete Distribution on Udemy
* Watched @freeCodeCamp's video

#66DaysOfData",0,4
1402633304646381577,1339234622001926144,HolGiga,Wed Jun 09 14:26:54 +0000 2021,"Day 4 of #66daysofdata 
Completed Intro to machine learning course from kaggle. it’s super interesting! Feel good to realise how Decision Tree and Random Forest work. 😄
Btw just watched a video released by palantir to demo its new system, the power of AI is shocking.",0,4
1402607060341174275,1385222817323618305,elise__chin,Wed Jun 09 12:42:37 +0000 2021,"Day 1 - Start of my Data Science journey

Summer holiday is starting ☀️ and I’m excited to take up the #66DaysOfData challenge by @KenJee_DS! Looking forward to deepen my skills and learn new things about data everyday!",1,21
1402600050711166982,1213492232759570433,codesciple,Wed Jun 09 12:14:45 +0000 2021,"I'm publicly committing to the 100DaysOfCode &amp; 66DaysOfData Challenge starting tomorrow! Learn More and Join me! hey @ka11away @KenJee_DS  https://t.co/PMlBQSA81k 
 #100DaysOfCode #66daysofdata",9,12
1402571762164895745,1137782574036635649,thedataprof,Wed Jun 09 10:22:21 +0000 2021,"I just published ""Data Influencers to Follow on LinkedIn"" in the Data Professor publication on @Medium  https://t.co/3dPwqhhtvx 

#66daysofdata #100daysofcode #data #datascience #linkedin #dataprofessor https://t.co/WL4K9TOYnN",4,9
1402557586256412672,1324652185964204033,meyke9976,Wed Jun 09 09:26:01 +0000 2021,"Day 148 of #66daysofdata by @KenJee_DS 
I am getting my hands dirty with the product dataset. 👐I also read an article about the different kinds of distributions... I want to create some time next week to dive into this a bit further.",0,15
1402546809566896131,32453704,anyachocolat,Wed Jun 09 08:43:12 +0000 2021,"Day 59 of #66DaysOfData:
- continued practicing with numpy",0,15
1402531099096629249,1306505184911208453,mt0rm0,Wed Jun 09 07:40:46 +0000 2021,"Day 1 Round 2 of my #66daysofdata: I learned how to split fields and use context filters in @tableau. Plus reviewing affine transformations, isomorphism in Rn, sequences and limits.",0,12
1402496056542351361,1361227694889967616,dataQueen_pend,Wed Jun 09 05:21:31 +0000 2021,"@mt0rm0 Congrats Mario! 🍾🎉🎊 And I'm happy, that you will stay with us and continue this amazing challenge 😊. It's great to have you here. We are really building an amazing #66daysofdata #DataScientists community 🙌.",0,4
1402488512717406208,1253747806088683523,SolCatv2,Wed Jun 09 04:51:33 +0000 2021,"#66DaysOfData #Day3

Still working in the bioinformatics tutorial

Maybe it's a little out of context but i will start to study Arduino too and i'm super excited! I'm thinking of update this journey too.",0,4
1402486407835230209,1369840035726581766,DustinVo10,Wed Jun 09 04:43:11 +0000 2021,"Day 15 #66daysofdata
Learn about intergrating server, sql, python and start a small project",0,6
1402485106766344193,1391911205829181440,colin_carman,Wed Jun 09 04:38:01 +0000 2021,Day 40 of #66daysofdata: Ive really been trying to continue on with the Google Cert. But I am also getting an itch to try something new. Setting that aside for the week and starting the Titanic competition on @kaggle Following the tutorial and hopefully picking up some python too,0,6
1402475946020536327,1276070101196795904,thinam_,Wed Jun 09 04:01:36 +0000 2021,"✅Implementation of Updating Generator and Training Function. 

📚 Dive into Deep Leaving : https://t.co/4vpKQHzkRz

#66daysofdata #MachineLearning  #DeepLearning https://t.co/jKNcxraeYa",0,3
1402474583089766402,406512519,rohan_kumawat,Wed Jun 09 03:56:11 +0000 2021,"I just published Stemming | NLP Series Part 3 https://t.co/aaP525Bs8s 

#25DaysOfML #66daysofdata",0,5
1402474084387147777,2238460753,KennethB23,Wed Jun 09 03:54:13 +0000 2021,"Day 24 of #66daysofdata complete. 

Today was my intro tutorial to SQL JOIN. Good lessons on INNER, FULL, LEFT &amp; RIGHT JOIN. 👨🏾‍💻",0,3
1402448931624214534,1179254091521941508,jasonvero,Wed Jun 09 02:14:16 +0000 2021,"Day 38 - of #66DaysOfData
Day 18 - of #66DaysOfRunning

Today, I utilized conditional statement in Pandas to isolate and return a list of values.

I am also brainstorming ideas for my first project, utilizing concepts I have studied since the start of this data science journey.",0,17
1402445897640853512,969343076442542081,JaimeAAvendano,Wed Jun 09 02:02:12 +0000 2021,"Day 19/20: R2 of #66DaysofData 

This week's spark course had more information about how boosting algorithms work. Still have some videos to finish going through. 

But tonight I'm enjoying #Sliced. Very entertaining!",0,14
1402429648793919494,1392958037497892871,AntoneEvansJr,Wed Jun 09 00:57:38 +0000 2021,"#Day30 of #66DaysOfData by @KenJee_DS
It's day 30! When talking about Fairness, how do we measure it? Who determines what's fair? Where should we check for fairness in our pipeline? Mary Reagan and Kate Crawford videos bring great insight into this topic. 👇🏾 https://t.co/lkpiR5GBpx",0,11
1402422532104503301,2384674350,WoleAdewumi,Wed Jun 09 00:29:22 +0000 2021,D23: Learnt how to make perform batch processing using shell scripts #66daysofdata,0,11
1402421163926695936,101522789,augusto_dn,Wed Jun 09 00:23:55 +0000 2021,"Day 6 of #66daysofdata CNN with pure TensorFlow:
✅ Why is helpful to extract features.
✅ Why Pool Activations compress data.
✅Example:
    - [convo, relu, max pool]
    - Fully Connected Layer
    - dropout regularization
    - Fully Connected Layer with SoftMax activation",0,12
1402411753942568963,1339234622001926144,HolGiga,Tue Jun 08 23:46:32 +0000 2021,"Day 3 of #66daysofdata 
Just read a good article about how to start learning data science. 
Kaggle offers plenty of micro courses and the point is that they’re all free😆
It’s time to dive in and enjoy!

https://t.co/1uSE8JGdq9",0,6
1402404972495519745,25925939,Dataenergy_DS,Tue Jun 08 23:19:35 +0000 2021,"Days 30 and 31: Learning about NoSQL databases, MongoDB, the MongoDB Query Language and Robo 3T (a MongoDB GUI)
#66daysofdata",0,8
1402390824919388163,929998650,KehalHoussem,Tue Jun 08 22:23:22 +0000 2021,"Day 3⃣1⃣:

Returning back to Kaggle, I'm practicing on the dataset of Tabular Playground of June.

#66DaysOfData #MachineLearning #DataScience",1,8
1402388121950511105,3435986734,ImprovingSlowly,Tue Jun 08 22:12:38 +0000 2021,"Day 8 of #66daysofdata

BOOOOOOOOOO didn't get much done aside from learning a bit more about open source projects...",0,6
1402376936589045762,1326132466055323655,Nonyedollars,Tue Jun 08 21:28:11 +0000 2021,"While I haven't been updating on here, I've been working. I finally earned my Google data analytics certificate today🥳. I am going to start the #66daysofdata again.",0,6
1402360734785232897,1392381742317703168,moondaawg,Tue Jun 08 20:23:48 +0000 2021,"#Day8 of #66daysofdata 
Been a busy day, managed time to wrap up python basics. Read some blogs on how data works in sports and how we can make the most out of humongous data for prediction and fan engagement.

#sportsanalytics #DataScience #sportsprediction",0,7
1402359214681505793,1389606414474227715,Nobre_Lucas18,Tue Jun 08 20:17:46 +0000 2021,"#66daysofdata, day 16:

Not a very productive day when it comes to Data Science. End of term at college. However, I started reading the book Hands-on Machine Learning with Scikit-Learn, Keras &amp; TensorFlow.",0,10
1402350338418511872,901324520346091520,Sanskar1531,Tue Jun 08 19:42:29 +0000 2021,"day 43 of #66daysofdata 
Looked into version control and project management today (Git and Jira). Went through some basic terminologies and created sample repo to test out extra git commands.",0,10
1402342358335819777,1649054340,a_escontrela,Tue Jun 08 19:10:47 +0000 2021,"#66daysofdata is a great community, your tweets encourage me to keep going and learned a lot from you too. I'll probably do a second round in a while, but first I want to review some concepts and planning what to focus on next.",0,8
1402340571520409610,1649054340,a_escontrela,Tue Jun 08 19:03:41 +0000 2021,"66 #66daysofdata today I watched some videos to understand how to set up a Spark cluster with AWS and with that I finished this round. 

This time I focused more on data Eng tasks and I managed to build a few mini-projects related to ETL pipelines on-premise and on the cloud 🤓 https://t.co/uUQ1fU5ay7",0,19
1402331443351724037,2149586883,vperez2000,Tue Jun 08 18:27:24 +0000 2021,"#66daysofdata #R3 #Day37 by @KenJee_DS
@DataCamp DS track

Start with Machine Learning🌲Tree-Based Models.
.
I'm so close to finishing the DS with #Python track🧘🏻‍♀️
#BreatheIn #BreatheOut",1,15
1402320805736845315,1299710065042051073,imaatheworld,Tue Jun 08 17:45:08 +0000 2021,"#66daysofdata Day 9 [08/06/2021]
Today I took python programming assessment. The results led me to learn more about foundations for writing efficient python code. I practiced using enumerate(), map(), &amp; numpy arrays. I also learned to compare runtimes between different approaches",1,5
1402317748479348737,397272525,shatandv,Tue Jun 08 17:32:59 +0000 2021,"Thank you, everyone, for the well wishes and encouragement :) I will be posting diverse learnings from time to time, then. When I'm a bit freer, I'd love to do another #66DaysOfData round!",0,10
1402316144988598273,1607658019,_koredehassan,Tue Jun 08 17:26:37 +0000 2021,"Day 14 of #66daysofdata 

I watched a couple of videos on data visualization by @kirill_eremenko 

Day 15:

I read an article on how stacking can improve model performance 

Day 16:

I created my first @kaggle kernel and began to explore the housing prices competition dataset",0,7
1402314452750548993,1306505184911208453,mt0rm0,Tue Jun 08 17:19:53 +0000 2021,"Now, unfortunately, I have to make up for the time I have been traveling and need to put some more work hours today, so it's going to be a long long night. See you all tomorrow with a brand new round of #66daysofdata :) (5/5)",0,8
1402314443057512448,1306505184911208453,mt0rm0,Tue Jun 08 17:19:51 +0000 2021,"The 66th day of my #66daysofdata has been very special. First, I'm finishing my first round, and that's already great. And second, I had to fly back today to VLC for some annoying bureaucracy (so, perfect excuse for seeing my parents again since 1,5 years ago) (1/5)",0,29
1402309577887174658,1352186511433805824,balalaikagrunge,Tue Jun 08 17:00:31 +0000 2021,"Day 32 of #66daysofdata
Split my machine learning model notebook into several notebooks - pre-processing, EDA, base models, dimensionality reduction and hyperparameter tuning. Cleaned up the code and documented it  Pulled out some new features from the dates.",1,16
1402304414493278208,1326548459210461184,rajatrc17,Tue Jun 08 16:40:00 +0000 2021,"Day 2 of #66daysofdata 
Learned Tenors and operations on Tensors
Recurrent Neural Networks
Brushed up some SQL operations",0,5
1402281631415779339,232069724,rahul40patel,Tue Jun 08 15:09:28 +0000 2021,"Day 15, 16 &amp; 17 of #66DaysOfData

Started a course on ""Statistics - A Full University Course by Monika Wahi""

Section 1.1, 1.2, 1.3 completed

@KenJee_DS",0,14
1402278007306346505,71251893,MirceaMesesan,Tue Jun 08 14:55:04 +0000 2021,"Day 34 of #66DaysOfData. Some exercises using pandas indexing, selecting &amp; assigning. Pure fun 😊.",0,12
1402273650473062405,1391911205829181440,colin_carman,Tue Jun 08 14:37:45 +0000 2021,Day 39 of #66daysofdata: continued on with course 5 in the Google Cert. Also starting a blog over on Blogger. Mostly just a way to explain the concepts I'm learning. But for those interested I'll post a link when I get it finished.,0,10
1402267026769518595,1347561005329514498,sydteo,Tue Jun 08 14:11:26 +0000 2021,"Day 21,22 of #66daysofdata 
This week will be busy w submissions again so i’m putting my project on hold and doing some sql practices on hackerrank! small baby steps everyday!",0,18
1402255953089736714,446941538,walidwazini,Tue Jun 08 13:27:26 +0000 2021,"@Twitter Hope you can add features where we can classify our bookmarked tweets, just like in instagram's and Fb's 'Bookmark'. 
There's a lot of knowledge shared here, improving that will help us.
#100DaysOfCode #66DaysOfData",3,7
1402251677978165248,2588345408,paulr_rohan,Tue Jun 08 13:10:27 +0000 2021,"How GANs work ( Generative Adversarial Networks )

#DataScience #MachineLearning  #100DaysOfMLCode #Python #DataScientist #66daysofdata #Statistics  #pandas #programming #ArtificialIntelligence #Data #DataAnalytics #maths #DeepLearning https://t.co/u98O1OUurC",8,4
1402235961745063939,1324652185964204033,meyke9976,Tue Jun 08 12:08:00 +0000 2021,"Day 147 of #66daysofdata by @KenJee_DS 
Continued the EDA on the product dataset... I have a lot of categorical and nominal features. I am really curious if I can create a classifier to auto classify the products based on their features. To be continued...",0,20
1402209249766215680,993972652279844864,francomanca93,Tue Jun 08 10:21:51 +0000 2021,"Day 1 of #66daysofdata. I finished watching 1st week of AI for Everyone by Andrew Ng.

- Machine Learning
- What is data?
- The terminology of AI
- What makes an AI company?
- What machine learning can and cannot do
- Explanation of DL (two parts) https://t.co/TCAEopiD9X",0,4
1402200963855773701,1137782574036635649,thedataprof,Tue Jun 08 09:48:56 +0000 2021,"“Statistics are like bikinis. What they reveal is suggestive, but what they conceal is vital.” 
— Aaron Levenstein

For more quotes, check out my Medium blog https://t.co/dsVnJvZraw

#datascience #data #quote #quotes #66daysofdata",2,13
1402185251728805891,1352900033608351744,mr_osna,Tue Jun 08 08:46:30 +0000 2021,"Day 17: Continued with the Pandas course. Step by step Rome was built!

#66daysofdata",0,2
1402177407872913408,32453704,anyachocolat,Tue Jun 08 08:15:19 +0000 2021,"Day 58 of #66DaysOfData:
- started learning numpy",0,12
1402171794493034497,1322620958327255040,Datavisz,Tue Jun 08 07:53:01 +0000 2021,"Day 63 of #66daysofdata: Revised classification algo. from ISLR. Logistic regression, LDA, QDA, KNN and SVM. When to use which algo. Pros and cons of each one.",0,9
1402171698066034691,1363855621628465153,korasaju_a,Tue Jun 08 07:52:38 +0000 2021,"Day 6–7 of #66DaysofData (R2) with @KenJee_DS 

•Made my own Data Wrangling/Cleaning cheat sheet
•Performed Data Wrangling and EDA on 2 Datasets (1st dataset is about supermarket sales, 2nd is movie dataset)",0,19
1402165254822498304,554435225,hmatalonga,Tue Jun 08 07:27:02 +0000 2021,"Day 59 of #66DaysofData. I published a new blog post covering the k-Nearest Neighbours algorithm and implementing it from scratch.

#DataScience #MachineLearning 

https://t.co/liKGcSONkZ https://t.co/oEJpSd1vyi",3,8
1402155456546570240,406512519,rohan_kumawat,Tue Jun 08 06:48:06 +0000 2021,"Day 17 of #66daysofdata 
I just published Tokenization | NLP Series Part 2 https://t.co/eB0uNmhenA",0,3
1402152202316050438,1050363426357174272,HendryLian,Tue Jun 08 06:35:10 +0000 2021,"I'm now a Kaggle  Contributor. Check it out: https://t.co/1VMQ0inq8Z 
@KenJee_DS #66daysofdata",0,4
1402128462718988289,209191879,bhatnagarkush,Tue Jun 08 05:00:50 +0000 2021,"Day 118-119/R2 of #66daysofdata : Understanding RNN architecture and different supported topologies like sequence to sequence, sequence to vector, vector to sequence, and encoder to decoder
 #MachineLearning #DeepLearning",2,2
1402125681207562241,1369840035726581766,DustinVo10,Tue Jun 08 04:49:47 +0000 2021,"Day 14 #66daysofdata 06/07/21
Do some SQL tasks on SQLZoo and learn how to use git",0,12
1402118088032542722,1267805283511750660,Binal_BP,Tue Jun 08 04:19:36 +0000 2021,"Day 26: #66DaysOfData 

Worked on PostgreSQL and watched some mathematics video on YouTube.",0,15
1402109898356318215,16229037,elviajeligero,Tue Jun 08 03:47:04 +0000 2021,Day 4 of #66daysofdata: A little setback here. Today I seen the recording of my last class. I'm a little bit confused with the indications in my homework. I have better understanding of Taylor series now though. https://t.co/1fAmEeRUPL,0,4
1402107820632334336,2238460753,KennethB23,Tue Jun 08 03:38:48 +0000 2021,"Day 23 of #66daysofdata 

Today I researched a few Data Analytics certificates recommended by Alex the Analyst and worked through aggregate functions exercises in SQL. Also started lesson on ifnull() and coalesce() sql functions. 👨🏾‍💻",1,11
1402104618071457795,1276070101196795904,thinam_,Tue Jun 08 03:26:05 +0000 2021,"✅A simple implementation of Generator and Discriminator Networks and Optimization.

📚 Dive into Deep Leaving : https://t.co/4vpKQHzkRz

#66daysofdata #machinelearning #DeepLearning https://t.co/ayTyIfoyOT",0,2
1402100831323893764,1179254091521941508,jasonvero,Tue Jun 08 03:11:02 +0000 2021,"Day 37 - of #66DaysOfData
Day 17 - of #66DaysOfRunning

Finished my resume! I feel like a giant weight has been lifted off of my shoulders. 

I also had the chance to continue my studies on Pandas and learned how to manipulate indexes by utilizing the set_index() method.",0,10
1402086142170730496,406512519,rohan_kumawat,Tue Jun 08 02:12:40 +0000 2021,Data Science 101 ft. #66daysofdata 🌈 https://t.co/enQbnp1WCY,0,3
1402074437256626187,1392958037497892871,AntoneEvansJr,Tue Jun 08 01:26:09 +0000 2021,"#Day29 of #66DaysOfData by @KenJee_DS
Spent time reading up on News Feed Recommendation Systems from Michel Wijkstra. Followed by walking through the code, I plan to continue building on this code and maybe deployed a useable app. 👇🏾
https://t.co/mI8ffLmG6T",0,7
1402055192795885571,734167027997347842,_liamconnors,Tue Jun 08 00:09:41 +0000 2021,"Day 23 of #66daysofdata - busy day, but got some time to continue reading Hands-On Data Analysis with Pandas.",0,14
1402041247074709506,1266599735881687040,ChinWuChen1,Mon Jun 07 23:14:16 +0000 2021,D55 #66daysofdata - back to sql practice 💪,0,6
1402036779964903429,2149586883,vperez2000,Mon Jun 07 22:56:31 +0000 2021,"#66daysofdata #R3 #Day36 by @KenJee_DS
@DataCamp DS track

Finally ✅ done with Unsupervised Learning
A lot of changes these last days  🙈
Let's be grateful, resilient &amp; persistent!!!!! https://t.co/T1yIl1kkwj",0,12
1402027540613640204,101522789,augusto_dn,Mon Jun 07 22:19:48 +0000 2021,"Day 5 of #66daysofdata TensorFlow basics:
- Tensor objects,
- Eager execution, 
- Simple linear regression models
- Simple logistic classification models
- Neural Networks basic architectures (CNN, RNN, Boltzman, DBN, autencoders, etc)

The fun goes on 🎉😀🤩",0,10
1402026051245690883,2384674350,WoleAdewumi,Mon Jun 07 22:13:53 +0000 2021,D22: Continued learning shell commands for use in the data processing #66daysofdata,0,6
1402025208689709060,822280007502295041,_paulo_lopez_,Mon Jun 07 22:10:32 +0000 2021,"#100DaysOfMLCode #100DaysOfCode #66daysofdata #pythondeveloper #pythondeveloper 

About to finish a CNN project and have leverage a package called plot_metric.  If you have not used it or don't know what it is you can find it below:

https://t.co/A17PPS7FpN",4,6
1402022924685557764,1240953896,asvn90,Mon Jun 07 22:01:28 +0000 2021,"Day 16 of #66DaysOfData with @KenJee_DS 

I finished the advanced Excel training on @365datascience. Thought I would repeat the exercise using the pivot table functionality of Pandas. It is going to take me a few days as I have never used pd.pivot_table https://t.co/81jitoKG1C",0,12
1402015694573682688,951871594376376320,JackRaifer,Mon Jun 07 21:32:44 +0000 2021,"#DATApreneurship Anyone?
#66DaysOfData with @KenJee_DS , Round 3, Day 6

Thread - 👇👇👇

This week, I will be speaking at the ODSC Europe’s AICareer Lab. It will be about Building Your Own Job, Version 2.0. https://t.co/1dRH1h6NVq",1,11
1402013988939051013,1649054340,a_escontrela,Mon Jun 07 21:25:57 +0000 2021,Day 65 #66daysofdata continue with Spark practice and watched some videos to understand the difference between data lakes and data warehouses,0,9
1402009834577403905,951871594376376320,JackRaifer,Mon Jun 07 21:09:27 +0000 2021,"How do you learn #DataScience?
#66DaysOfData with @KenJee_DS , Round 3, Day #5

Thread - 🧵🧵🧵

Today, I will add some ideas to a great video by @thedataprof , about how to learn #DataScience. (Video at the end of the thread).",1,7
1402002891376939008,951871594376376320,JackRaifer,Mon Jun 07 20:41:51 +0000 2021,"#ImposterSyndrome – A common trend in Data Science?

#66DaysOfData with @KenJee_DS , Round 3, Day #4.

The short answer is yes, at least in my experience and from other points of view as well.
Today I found a great article by Kurtis Pykes about it (link at the end).

Thread 👇",2,21
1402001940993785863,929998650,KehalHoussem,Mon Jun 07 20:38:05 +0000 2021,"Day 3⃣0⃣:
I couldn't concentrate on any task, So I'm taking the day off 😴💤.

#66DaysOfData",0,10
1402001788107051012,1392381742317703168,moondaawg,Mon Jun 07 20:37:28 +0000 2021,"Day 7 of #66daysofdata 
Worked today with how we can import external libraries in python apart from the standard ones.

Learnings: How functions starting with double underscore are defined for operator overloading and performing different functions.
#Day7 #DataScience #python",3,6
1401997470243201027,1352186511433805824,balalaikagrunge,Mon Jun 07 20:20:19 +0000 2021,"Day 31 of #66daysofdata
Time series assignment handed in. Didn't do about 30% of it, but no regrets. Spent hours on it before and after work, during lunchtimes and weekends, and if I did any more I would go bonkers. EDA, trend and seasonality estimation done, final model done.",0,11
1401988208301424640,1392958037497892871,AntoneEvansJr,Mon Jun 07 19:43:31 +0000 2021,Happy Monday to everyone but truly those in the #66DaysOfData community 😛 https://t.co/ytiUf1T0dZ,0,7
1401986251117449216,1389606414474227715,Nobre_Lucas18,Mon Jun 07 19:35:44 +0000 2021,"#66daysofdata, day 15:

Today I finished @kaggle's Data Visualization course and started my journey in Machine Learning. For that, I will follow Kaggle's introductory course and the book Hands-on Machine Learning with Scikit-Learn, Keras &amp; TensorFlow. https://t.co/Nz02ouNTNu",0,6
1401957604952182784,901324520346091520,Sanskar1531,Mon Jun 07 17:41:54 +0000 2021,"day 42 of #66daysofdata 
I AM FEELING pretty confident about linear programming. so today I did A LOT, I revised simplex, two phase simplex, revised simplex, transportation problems, complementary slackness, duality. It's repetitive but required for tomorrow's exam.",0,6
1401949686596980738,46960309,arshaq,Mon Jun 07 17:10:26 +0000 2021,"Day 7 Summary:

- seaborn exercises 
- pandas in-built visualisation and exercises 

#66daysofdata",0,4
1401943554096730115,1326548459210461184,rajatrc17,Mon Jun 07 16:46:04 +0000 2021,"Day 1 of #66daysofdata 
F1 and Log Loss Metrics
Naive Bayes Algorithm
Worked on a small personal project of mine
Link: https://t.co/zekw6N2WQY
Got started with a few tensorflow videos.",0,1
1401943041401712640,1326548459210461184,rajatrc17,Mon Jun 07 16:44:02 +0000 2021,Starting with #66daysofdata today. I have 0 experience in the field of Data Science. So... starting from ground 0.,0,5
1401940524563668993,1369643950395564032,AsgharMarvi,Mon Jun 07 16:34:02 +0000 2021,"Day 32 of my #66daysofdata challenge. I implemented timestamp alignment and filled in missing values using Linear Interpolation. Please check it out here: 
https://t.co/UsfI4ODVZB

#KNIME #TimeSeries #IoT #DataScience https://t.co/Ld9YUkGHXj",1,6
1401939989542232066,406512519,rohan_kumawat,Mon Jun 07 16:31:54 +0000 2021,"Day 16 of #66daysofdata 
I wrote a blog on Natural Language Processing. 
Revised my KMeans concepts and applied them to a dataset too!🌈
Here's a link to the blog: 
https://t.co/d4Ep5TbTcW",0,5
1401935436029861893,1179254091521941508,jasonvero,Mon Jun 07 16:13:49 +0000 2021,"@kartikeyzm It’s very similar to #66daysofdata with the goal to build running into a long lasting habit while also holding yourself accountable by sharing with your peers. So at least 5 minutes a day dedicated to walking, running, jogging, sprinting, anything that gets you up and moving.",0,3
1401928266122874880,1299710065042051073,imaatheworld,Mon Jun 07 15:45:19 +0000 2021,"#66daysofdata Day 8 [07/06/2021]
today I learned
- how to compare data from different objects
- how to define and customize string representations of objects
- how to create new error types
I also learned about private attributes and properties",0,5
1401926443399929856,1339234622001926144,HolGiga,Mon Jun 07 15:38:05 +0000 2021,"Day 2 of #66daysofdata
Hands on with tableau and played with Starbucks datasets from Kaggle. found it's a pretty cool tool for data visualization.😎 hopefully get some ideas and work on pandas datasets.🙃",1,8
1401924502364180484,1670570930,gauravgulati9c,Mon Jun 07 15:30:22 +0000 2021,"Progress Update!
Day 8, 9 - I was a little busy but managed to find some time to practice on SQL problems.

#DataScience #66daysofdata",0,7
1401916151324495873,1092263882993725440,aditi_mankar10,Mon Jun 07 14:57:11 +0000 2021,"Day 15-25: #100DaysOfCode 
Studied and practiced #featureengineering techniques in #MachineLearning .
Topics covered:
Handling Missing Values
Feature encoding
Feature Transformation
Feature Selection
#DataScience #python #100DaysOfMLCode #66daysofdata  #WomenWhoCode",10,18
1401897944098410497,3435986734,ImprovingSlowly,Mon Jun 07 13:44:50 +0000 2021,"I'm actually on day 7 now. 

So...

Day 6 - didn't do much. Watched a YouTube video on git and GitHub

Day 7 - started doing a Python quiz but will aim to keep working on my recommendation system. Even if for 5 minutes 

#66daysofdata https://t.co/J3ezrSwN1O",0,5
1401895870501572608,1137782574036635649,thedataprof,Mon Jun 07 13:36:36 +0000 2021,"Hi friends, I just published in @TDataScience How to Tune Hyperparameters of Machine Learning Models https://t.co/jk9NEA2IQ8 

#66daysofdata #100daysofcode #datascience #machinelearning #hyperparameter https://t.co/yuN2ofpKSx",23,31
1401888572270055426,1369643950395564032,AsgharMarvi,Mon Jun 07 13:07:36 +0000 2021,"Day31 of my #66daysofdata challenge. Explored granularity on sensor data based on hour with multiple aggregation types; min, max and mean.

https://t.co/MPjKjUUTLu

#KNIME #TimeSeries #DataScience",1,2
1401876566573862912,71251893,MirceaMesesan,Mon Jun 07 12:19:53 +0000 2021,Day 33 of #66DaysOfData. More explorations with selenium package on the https://t.co/hA0rwEQZh0 match details,0,6
1401836803200413701,1137782574036635649,thedataprof,Mon Jun 07 09:41:53 +0000 2021,"Who wants to be a Python-illionaire?
Shared by @python_engineer 
#python #learnpython #66daysofdata #100daysofcode #coding #programming https://t.co/KMM43kTMcw",17,12
1401831469417435138,1369643950395564032,AsgharMarvi,Mon Jun 07 09:20:41 +0000 2021,"Day 30 of my #66daysofdata challenge. I was caught in conundrum to drop and write table again on each API call or simply append it somewhere. Found the most feasible option. Do give it a try using Google Sheets.

https://t.co/H8G9eGz6I1

#KNIME #API #DataScience https://t.co/B0UJx1UYg6",1,5
1401830181443194882,1369643950395564032,AsgharMarvi,Mon Jun 07 09:15:34 +0000 2021,"Day 29 of #66daysofdata challenge. This is the Line Plot of Mean of Temperature and Relative Humidity readings from sensor.

 #KNIME #DataScience #IoT #Data https://t.co/10e4vYtYvq",3,4
1401825873469267971,1306505184911208453,mt0rm0,Mon Jun 07 08:58:27 +0000 2021,"Days 64 and 65 of #66daysofdata: Reviewed my notes on DL with TF/Keras and Pytorch, tried to put everything together and updated my repos.",0,12
1401812209983004674,1324652185964204033,meyke9976,Mon Jun 07 08:04:09 +0000 2021,"Day 146 of #66daysofdata by @KenJee_DS 
I have been doing some EDA on a new dataset with product features. Also tried to organize all my notes from the past few months... if I want to do this right and organized... this is gonna take me some more time 😅",0,19
1401811355527680005,993972652279844864,francomanca93,Mon Jun 07 08:00:46 +0000 2021,"A friend, @augusto_dn, shared me a challenge. This is named #66DaysOfData. I'll take this challenge, and I'm going to share in my favorites social networks.
Plus to the challenge I'm going to share all it in English, so the challenge will be:
#66DaysOfData + #66DaysOfEnglish",0,2
1401811127718273024,993972652279844864,francomanca93,Mon Jun 07 07:59:51 +0000 2021,"A friend, @augusto_dn, shared me a challenge. This is named #66DaysOfData. I'll take this challenge, and I'm going to share in my favorites social networks. 
Plus to the challenge I'm going to share all it in English, so the challenge will be:
 #66DaysOfData + #66DaysOfEnglish",0,3
1401810684963397632,1352186511433805824,balalaikagrunge,Mon Jun 07 07:58:06 +0000 2021,"Day 30 of #66daysofdata
More seasonality estimation for the time series assignment. The difficulty with this work is all the nested lapply() and sapply() functions as I have 60 time series objects to process and analyse. Today is submission day and I'm still not finished.",0,6
1401802862322241536,554435225,hmatalonga,Mon Jun 07 07:27:01 +0000 2021,"Day 58 of #66DaysofData. There is a lot of valuable information in this video about the impact of automation in the different data roles positions by @v_vashishta 

https://t.co/yJV9HApkpW",1,6
1401784998475218944,1108597836755755009,maisdev,Mon Jun 07 06:16:02 +0000 2021,"After a not long sleep, it was hard to get up at 05:15. Glad that I managed. Watched some udemy datascience tutorials. Trying to catch up with my quarterly plan until 25th of June. After that 🏖⛵️🍀#66daysofdata",0,3
1401765283925217280,397272525,shatandv,Mon Jun 07 04:57:41 +0000 2021,"There are many different specialists in the #66DaysOfData community, so it would be fun to discuss other topics together!",0,9
1401764295994662912,397272525,shatandv,Mon Jun 07 04:53:46 +0000 2021,"With that, I'm going to stop my 1st round of #66DaysOfData. It's been very fun! I've learned a ton and met many amazing people :) Now it's time for me to start delving deep into other topics. I'll definitely stick around on Twitter though and I might be back for another round!",0,26
1401751149108248577,16229037,elviajeligero,Mon Jun 07 04:01:31 +0000 2021,Day 3 of #66daysofdata: It's Sunday so today I just fixed some tech issues in my Anacoda environment and revisited some old projects(just to unrust my pandas). https://t.co/e1PkORcKKq,0,2
1401749658100191232,2238460753,KennethB23,Mon Jun 07 03:55:36 +0000 2021,"#66daysofdata day 23 in the books. 

More SQL practice from the #365datascience course. Today's lessons included the delete, drop &amp; truncate statements plus aggregate functions - count(), sum(), min/max(), avg() &amp; round().",0,4
1401738522701275138,1179254091521941508,jasonvero,Mon Jun 07 03:11:21 +0000 2021,"Day 36 - of #66DaysOfData
Day 16 - of #66DaysOfRunning

Spent almost 4 hours re-working my resume lol. I've been procrastinating on this, and though I'm not finished yet, I believe I've captured a much clearer and detailed picture of my experiences over the past few years.",0,18
1401719483228573697,734167027997347842,_liamconnors,Mon Jun 07 01:55:42 +0000 2021,"Day 22 of #66daysofdata - worked with regular expressions and pandas, learning about creating new features based on regular expression matches",0,22
1401717160385331205,101522789,augusto_dn,Mon Jun 07 01:46:28 +0000 2021,"Day 4 of #66daysofdata Sunday with family, gardening and relaxing a little bit.
Updated @kaggle profile and joined Titanic competition, just for fun, no intentions to participate actively by now.
Tomorrow I start with TensorFlow course 💪",0,8
1401709999571800066,1253747806088683523,SolCatv2,Mon Jun 07 01:18:01 +0000 2021,"#66DaysOfData #Day2 
i did some exercises about cleaning and preparing data in python in dataquest

honestly, i was super busy today ( bc uni 😢😢) and i just want to keep in track with light exercises",0,4
1401702953942196225,32453704,anyachocolat,Mon Jun 07 00:50:01 +0000 2021,"Day 57 of #66DaysOfData:
- attended a webinar about the last course assignment
- continued with the course and did some exercises",0,19
1401696128358404100,1392958037497892871,AntoneEvansJr,Mon Jun 07 00:22:53 +0000 2021,"#Day28 of #66DaysOfData by @KenJee_DS
Almost half way there, I'm back on the recommendation learning train. I found a great video from @JillACates which sums up the rec. pipeline amazingly (watched x2). I intend to prototype different systems this week. https://t.co/yAqekSWyPz",0,9
1401691139900678145,1389606414474227715,Nobre_Lucas18,Mon Jun 07 00:03:04 +0000 2021,"#66daysofdata, day 14:

In today's class of @kaggle's Data Visualization course, I was taught how to use platform datasets on the site's notebooks. In the activities I was asked to create a chart to describe the data, but I felt I chose a bad dataset for that.",0,5
1401679592956383236,1266599735881687040,ChinWuChen1,Sun Jun 06 23:17:11 +0000 2021,D54 #66daysofdata - reviewed some algorithms for an online HackerRank test...😳,0,6
1401666419570483201,929998650,KehalHoussem,Sun Jun 06 22:24:50 +0000 2021,"Day 2⃣8⃣-2⃣9⃣:

Spend this weekend competing in SFC PAYGo Solar Credit Repayment Hackathon by #ZindiWeekendz,
I was very close to the top, then everything changed XD.
Still, 2h remaining, who knows what could happen 😅.

#66DaysOfData #MachineLearning #DataScience",1,7
1401663840723640320,1207501893582442496,HeliBaez11,Sun Jun 06 22:14:35 +0000 2021,"Day 4️⃣8️⃣ of #100DaysOfCode 

Starting with SQL🗃️

I want to have the basic knowledge to solve problems in @hackerrank 
#66daysofdata https://t.co/439UWLkEDd",14,17
1401638718666989569,901324520346091520,Sanskar1531,Sun Jun 06 20:34:46 +0000 2021,"day 41 of #66daysofdata
Looked into likelihood estimators today, revised for my stats paper tomorrow. Not much.",0,3
1401633497941381120,1392381742317703168,moondaawg,Sun Jun 06 20:14:01 +0000 2021,"Day 6 learning python. Studied the concepts of strings and dictionaries.

New learnings: excessive use of format function and just like list comprehension we have dictionary comprehension which comes very handy while fetching values from dictionary.
#Python #66daysofdata #DAY6 https://t.co/3yJ9foc19D",1,7
1401628704409800709,969343076442542081,JaimeAAvendano,Sun Jun 06 19:54:58 +0000 2021,"Day 16-18: R2 of #66DaysofData 

These past three days have been too busy! Made some time each day to go through some Medium articles and practiced a bit more with Tableau today.

Hoping I can be a little more productive this coming week.",1,11
1401627937300942853,2384674350,WoleAdewumi,Sun Jun 06 19:51:55 +0000 2021,"D21: Reviewed a number shell script commands (such as grep, cut, paste) for manipulating data in the command line  #66daysofdata",0,8
1401619352785354753,406512519,rohan_kumawat,Sun Jun 06 19:17:49 +0000 2021,"Finally published the blog. Here's the link to the blog:
https://t.co/qcK6VeNXd9 
@KenJee_DS and #66daysofdata community, have a look at it!🌈",3,13
1401618916955213825,406512519,rohan_kumawat,Sun Jun 06 19:16:05 +0000 2021,"Day 15 of #66daysofdata
I completed one task of my internship. (Will post about it soon)
I also wrote a blog and published it on Medium after a very long time. 😁⚡️",0,3
1401612170597646337,1649054340,a_escontrela,Sun Jun 06 18:49:16 +0000 2021,"Day 64 #66daysofdata today was a lazy Sunday, just reading about dimensionality reduction chapter of Hands-on ML with Scikit-learn, Keeps &amp; Tensorflow  books and watched a video of two minute paper",0,15
1401588213437841410,46960309,arshaq,Sun Jun 06 17:14:04 +0000 2021,"Day 6 Summary:

- Intro to the Seaborn library. 
- different types of plots wrt distribution, categorical, matrix types
- Couldn't do the exercises though. So hopefully will get that done tomorrow

#66daysofdata",0,2
1401581859897630722,1051512590445105152,khanh_hab,Sun Jun 06 16:48:50 +0000 2021,"D10  of #66daysofdata 
Loops and List Comprehensions practice",0,18
1401568584124354562,1339234622001926144,HolGiga,Sun Jun 06 15:56:04 +0000 2021,"Day 1 of #66daysofdata
Just completed the course of Python on Kaggle, which was a bit tough for me. Keep going! see what I can get in the following 65 days 😅😅😅",0,6
1401550925542543360,1347561005329514498,sydteo,Sun Jun 06 14:45:54 +0000 2021,"Day 20 of #66daysofdata 
Learnt A* search today and setup Vue.js for my project today.",0,14
1401550549883961356,1369840035726581766,DustinVo10,Sun Jun 06 14:44:25 +0000 2021,"Day 13 #66daysofdata
Review SQL, learn CTE",0,4
1401536480023961606,1362442599747870721,art9793,Sun Jun 06 13:48:30 +0000 2021,"D29-42 #66daysofdata @KenJee_DS 

Inconsistent with my learning goals and even more inconsistent on posting updates here 😑 Been busy with work &amp; applying, interviewing for positions at my org for a promotion

Now working on @Codecademy Skill Path - #DataAnalysis with #Python",0,11
1401522102407139335,324583975,georgekanellos,Sun Jun 06 12:51:22 +0000 2021,"Day 58 (R2) of #66daysofdata by @KenJee_DS
 
Third project complete!!! ⚡️⚡️⚡️⚡️🎉🎉🎇🎆
Took ages but it is finally here: 
Feature selection in the NBA https://t.co/1ecWEFPGZb
- NBA stats, EDA, feature engineering, feature selection, CatBoost I got you covered! Check it out!🏀🏀",0,14
1401510349631852544,1356609984163889154,jo_grammer,Sun Jun 06 12:04:40 +0000 2021,"Day 20 R2 #66daysofdata

SQL
✅Create/Drop /Backup DB
✅Create/Drop/Alter Table
✅Contraints
ML Theory w/ W3schools 
✅Multiple Regression + Scale

Taking PM Off
10k run ✅
Baking Pie ✅🤤
Yerba Maté(obviously !)🧉✅✅
Al Green 🎶🎶✅
Read 👇✅

Happy Sunday folks, take care✌ https://t.co/JxAKedgLtd",0,15
1401506418071642123,1361227694889967616,dataQueen_pend,Sun Jun 06 11:49:03 +0000 2021,"D43 R2 of #66daysofdata

✨Quantitive comparisons and statistical Visualization ✨

➡️ Bar charts
➡️ Stacked bar charts
➡️ Histograms
➡️ Statistical plotting",0,23
1401503709482438658,1361227694889967616,dataQueen_pend,Sun Jun 06 11:38:17 +0000 2021,"Anyone interested in sociology/global warming? 

Or maybe you are looking for some interesting way to spent your time free of studying (#66daysofdata)?

If you are up to amazing, almost philosophicsl journey, I encourage you to Play Frostpunk. 
It's for FREE now on Epic Games! https://t.co/KtFFyiQIgx",0,10
1401450744868397056,1324652185964204033,meyke9976,Sun Jun 06 08:07:49 +0000 2021,"Day 145 of #66daysofdata by @KenJee_DS 
Have been playing around some more with @hackerrank https://t.co/UjgFPWbj6w",0,20
1401444202072842240,360668611,daniellabrito26,Sun Jun 06 07:41:50 +0000 2021,"Day 45 -  Was reading about E-commerce have to revise my python concepts and then try to focus on the next project of recommendation system building and understanding of modelling concepts used  in the industry. #66daysofdata 
 https://t.co/DOt7ApaaaK",0,8
1401443672164429830,360668611,daniellabrito26,Sun Jun 06 07:39:43 +0000 2021,"Day 44 - Went through  SQL advanced concepts such as case statement , stored function and cursors . Window functions with over clause . 
Have to work on stock price prediction mini Project .
Also have to learn to balance coding hours apart from reading material .  
#66daysofdata",0,12
1401440473114365952,554435225,hmatalonga,Sun Jun 06 07:27:00 +0000 2021,"Day 57 of #66DaysofData. I started to solve ""10 Days of Statistics"" on @hackerrank",0,10
1401428376888483840,1399800720031891462,Eva4216,Sun Jun 06 06:38:56 +0000 2021,"day 3 of #66daysofdata by @KenJee_DS 
Did a little bit of a Python course on Datacamp. Wish I could have done more, but life got in the way :)",0,20
1401426386686930944,1322620958327255040,Datavisz,Sun Jun 06 06:31:02 +0000 2021,Day 62 of #66daysofdata : Revised  Chi-square tests and ANOVA from khan academy.,0,10
1401420305655074817,1108597836755755009,maisdev,Sun Jun 06 06:06:52 +0000 2021,Recently I began lagging my weekly plans. Two main reasons: 1. Underestimated some work like my #python project. It goes ok but slower than expected. 2. The busy schedule at work and side hustling tired me a lot. Few weeks more before a break. #66daysofdata,1,5
1401402279018725376,1392381742317703168,moondaawg,Sun Jun 06 04:55:14 +0000 2021,"Day 5: learnt how loops and list complications work in python.
Solving a problem with less code is always nice, but it's worth keeping in mind the following lines from The Zen of Python:

Readability counts.
Explicit is better than implicit.
#Day5 #66daysofdata #datascience",2,7
1401392352355405828,1253747806088683523,SolCatv2,Sun Jun 06 04:15:48 +0000 2021,"#66DaysOfData #Day1

i have been working in dataquest lession about cleaning and preparing data in python! ^-^",0,12
1401391110593732609,1276070101196795904,thinam_,Sun Jun 06 04:10:52 +0000 2021,"💡The Dataset for Fine Tuning #BERT Model and Generating Training and Test Examples. 

📒 Notebook : https://t.co/ymFXddwgbM

#66daysofdata #MachineLearning #DeepLearning https://t.co/xNTL7aw7Zu",2,6
1401389259827953664,2238460753,KennethB23,Sun Jun 06 04:03:30 +0000 2021,"#66daysofdata day 22 
Was only able to listen to Ken’s nearest neighbours podcast today:

How this Data Analyst Divided LinkedIn with a Single Post (@Alex The Analyst ) - KNN Ep. 36",0,9
1401387894363889665,1179254091521941508,jasonvero,Sun Jun 06 03:58:05 +0000 2021,"Day 35 - of #66DaysOfData
Day 15 - of #66DaysOfRunning

For today, I continued learning principles of object oriented programming within Python.",1,21
1401375603719393280,1392958037497892871,AntoneEvansJr,Sun Jun 06 03:09:14 +0000 2021,"#Day27 of #66DaysOfData by @KenJee_DS
Saturdays = sometimes short days. Today, I began my ML review starting with supervised vs. unsupervised learning.",0,13
1401348185486987284,32453704,anyachocolat,Sun Jun 06 01:20:17 +0000 2021,"Day 56 of #66DaysOfData:
- more pandas revision",0,17
1401348133855141889,1207501893582442496,HeliBaez11,Sun Jun 06 01:20:05 +0000 2021,"Day 4️⃣7️⃣ of #100DaysOfCode 

Merging Tables Done✅

I did not have an easy week, but I did my part💪🏽🤓 #66daysofdata https://t.co/fWidokIaDv",13,19
1401336251404501002,1389606414474227715,Nobre_Lucas18,Sun Jun 06 00:32:52 +0000 2021,"#66daysofdata, day 13:

Today's class in @kaggle's Data Visualization course served as a major review of all content presented and presented a way to style the graphics using seaborn.",1,12
1401328002210873351,406512519,rohan_kumawat,Sun Jun 06 00:00:05 +0000 2021,"Day12-15 of #66daysofdata 
3rd,4th,5th of June💙
I didn't studied much. I just read about NLP.",0,6
1401312732037648384,71251893,MirceaMesesan,Sat Jun 05 22:59:25 +0000 2021,"Day 32 of #66DaysOfData. Started reading and experimenting with #selenium for webscrapping dynamic content. Also, had this question in mind: is webscrapping legal? What do you think?",0,10
1401306575646638088,1301025989359788033,AMuktineni,Sat Jun 05 22:34:57 +0000 2021,"Day 15 of #66daysofdata Round3

Read thru some theory around Feature Engineering and its techniques. @KenJee_DS",0,15
1401298585531174919,602408175,golubovalex,Sat Jun 05 22:03:12 +0000 2021,"Day 47 of #66daysofdata: completed the 3-rd course of the #Google Data Analytics certificate program, practiced #SQL and #Python basics also on #DataCamp.",0,14
1401293013507215362,4422261493,inder1996singh,Sat Jun 05 21:41:03 +0000 2021,"Thanks @hellotinah for introducing me to https://t.co/1kUWG3orXY 
For context, this platform has recent interview questions that can be answered in SQL or python. 
#66daysofdata #8weeksqlchallenge #Python #SQL #DataScience",7,9
1401292171794432009,734167027997347842,_liamconnors,Sat Jun 05 21:37:43 +0000 2021,Day 21 of #66daysofdata - started reading Hands-On Data Analysis with Pandas by Stefanie Molin. Really great book.,0,16
1401290136302850062,1649054340,a_escontrela,Sat Jun 05 21:29:37 +0000 2021,Day 63 #66daysofdata more practice of SQL interview question from StrataScratch and also some practice of data wrangling using PySpark,0,14
1401286466232369159,2384674350,WoleAdewumi,Sat Jun 05 21:15:02 +0000 2021,D20: Completed the second chapter of Building a Career in Data Science book #66daysofdata,0,8
1401274427178893317,1352186511433805824,balalaikagrunge,Sat Jun 05 20:27:12 +0000 2021,"Day 29 of #66daysofdata
Have farted around in the garden because the weather was nice. Only had 4h to spend on the assignment which suddenly got much more difficult. Just about managed to estimate seasonality in my time series analysis. I will learn nothing from this.",0,15
1401263417210638337,101522789,augusto_dn,Sat Jun 05 19:43:27 +0000 2021,"Day 3 in #66daysofdata publishing an article in medium about #CNN applied to #ComputerVision using the Fashion MNIST dataset. Check it out, it's great!
https://t.co/hi6lDvv4L7",0,6
1401249582399606786,324583975,georgekanellos,Sat Jun 05 18:48:29 +0000 2021,"Days 55-57(R2) of #66daysofdata by @KenJee_DS

Close to wrapping up the third project, created a chart showing the best Elo teams per season, consolidated all the feature selection techniques and tried to find some benchmark for prediction accuracy for NBA  (unsuccessfully!)",0,14
1401240193630281734,1137782574036635649,thedataprof,Sat Jun 05 18:11:10 +0000 2021,"Hi friends, I just published in @TDataScience How to Create and Deploy a Machine Learning App to @heroku  https://t.co/r5d8XaOefJ 

#66daysofdata #100daysofcode #machinelearning #modeldeployment #datascience https://t.co/kMkGzNce70",14,20
1401238897057693699,901324520346091520,Sanskar1531,Sat Jun 05 18:06:01 +0000 2021,"day 40 of #66daysofdata
Continued with revised simplex, transportation problems and formulation of the LP. Did some revision for stats as well. Watched a video from Google I/O conference on ML using tensor flow. 
#GoogleIO2021",0,7
1401238501597736961,46960309,arshaq,Sat Jun 05 18:04:27 +0000 2021,"Day 5 Summary:

- Intro to matplotlib library for basic plotting of graphs
- basic manipulation of graph lines and labels
- biggest W was I powered through despite a bad day. Kept the streak.

#66daysofdata",0,5
1401229645819826179,1356609984163889154,jo_grammer,Sat Jun 05 17:29:15 +0000 2021,"Day 19 R2 #66daysofdata 

Busy day so light data related work. 
Reviewed some code on GitHub (version control) + Auto ML on Kaggle 

How to Create Relationships Between Multiple Tables Using Data Model in Excel

https://t.co/Vo3M3SpOT6",0,11
1401223747483414529,2876078391,S_Owla,Sat Jun 05 17:05:49 +0000 2021,"I'm a bit shy about sharing daily #66daysofdata progress, but I made my first @streamlit app today and it went pretty smoothly! It reminded me a lot of #rstat's shiny :)

Thanks @KenJee_DS for talking about streamlit with infectious enthusiasm! https://t.co/oBYTgNj05s",0,10
1401220849139552266,1299710065042051073,imaatheworld,Sat Jun 05 16:54:18 +0000 2021,"#66daysofdata Day 6 [05/06/2021]
I finished OOP fundamentals and started to learn about inheritance and polymorphism. I also reviewed R programming by taking quizzes on datacamp",0,3
1401220543001542656,1607658019,_koredehassan,Sat Jun 05 16:53:05 +0000 2021,"Day 13 of #66daysofdata 

Read chapter 4 of ""An Introduction to Statistical Learning"" where I learnt about the OLS model in statsmodel.

I also watched @thedataprof 's video on how to build a data-driven web app using @streamlit 

https://t.co/R95BuMhtI0",0,9
1401213447581339654,1324652185964204033,meyke9976,Sat Jun 05 16:24:53 +0000 2021,"Day 144 of #66daysofdata by @KenJee_DS 
Almost forgot my update... I have been practicing my python skills with some @hackerrank challenges.",0,22
1401197959031582722,1391911205829181440,colin_carman,Sat Jun 05 15:23:21 +0000 2021,"Day 38 of #66daysofdata: Didn't post yesterday because as I cracked laptop my allergies flared up, and felt I couldn't retain the info in the course I was on. Did a couple reviews on SQL and data analytics on @enkidevs app instead. Awesome app for some review before bed!",1,9
1401195783752499200,232069724,rahul40patel,Sat Jun 05 15:14:42 +0000 2021,"Day 14 of #66DaysOfData

3rd Week of Data Wrangling, Analysis and AB Testing with SQL 

- SQL problem solving

@KenJee_DS",0,9
1401195711794929664,16229037,elviajeligero,Sat Jun 05 15:14:25 +0000 2021,Day 2 of #66daysofdata: I got late to my class. Thank God for class recordings! Today we  learned about function representation as power series. https://t.co/91n4AveTEe,0,8
1401188115356676097,1137782574036635649,thedataprof,Sat Jun 05 14:44:14 +0000 2021,"Hi friends, This is a must read for #datascientists, The All-time Best Guides to Data Science Writing by @elliot_j_g in @TDataScience https://t.co/3s7x40wPef 

#66daysofdata",14,40
1401173645678977027,1670570930,gauravgulati9c,Sat Jun 05 13:46:44 +0000 2021,"Progress update!
Day 6, 7 - Continued building Artificial Neural Nets and experimenting with different activation functions and weight initialization methods.

#66daysofdata #machinelearning",2,6
1401166969995292682,1347561005329514498,sydteo,Sat Jun 05 13:20:12 +0000 2021,"Day 19 of ##66daysofdata 
Fell p sick today so I took a break to recover and read “Make Time” which offers solid tactics to be more intentional about how we spend our time ⏰ https://t.co/UP00GN0dYU",0,18
1401164090748321796,3435986734,ImprovingSlowly,Sat Jun 05 13:08:46 +0000 2021,"#66daysofdata 

Day 3 - played more with git in the command line 
Day 4 - Completed another chapter of automate the boring stuff and hate git even more. 

At least the creation of the workbook is going well enough.",0,5
1401162700231614467,1363855621628465153,korasaju_a,Sat Jun 05 13:03:14 +0000 2021,"Day 5 of #66DaysofData (R2) with @KenJee_DS 

Most recent realization on my #66DaysofData journey so far — I’m more comfortable doing Data Wrangling and Analysis on MySQL than Python 🙇🏻‍♂️",0,18
1401158109716905989,1313553078788870145,taraxdata,Sat Jun 05 12:45:00 +0000 2021,"What was the best article you read this week?
#DataScience #66daysofdata",0,3
1401140451596328963,4422261493,inder1996singh,Sat Jun 05 11:34:50 +0000 2021,"Finally, done with case study-2 (https://t.co/1HBXQsTXzc)
I know I'm quite late to the party but hey better late than never. 
Please find my repository here(https://t.co/bGtTJ3NLf0).
Thanks to @meyke9976 for the push.😁

#8weeksqlchallenge #66daysofdata",0,6
1401133491186700289,1361227694889967616,dataQueen_pend,Sat Jun 05 11:07:10 +0000 2021,"D42 R2 of #66daysofdata

✨Plotting time-series with Matplotib ✨
➡️ Time index
➡️ Plotting time-series with different variables
➡️ Annotations",0,15
1401092656026034176,1649054340,a_escontrela,Sat Jun 05 08:24:54 +0000 2021,"Day 61&amp; 62 #66daysofdata forgot to post, but I was learning about data wrangling using Spark and understanding about lazy evaluation and why Spark uses functional programming instead of procedural programming",0,17
1401078087060803585,554435225,hmatalonga,Sat Jun 05 07:27:01 +0000 2021,"Day 56 of #66DaysofData. Another article worth reading ""Analytics is a mess"".

https://t.co/RIWJRUFXpp",0,9
1401076512057696260,397272525,shatandv,Sat Jun 05 07:20:45 +0000 2021,"Day 151 of #66DaysOfData:
- Finished the @kodekloud1 Ansible Basics course. It's a nice intro to the usefulness of Ansible,
- Started a course on the digital transformation of organizations. It looks to be quite useful for senior management.",0,16
1401075558990159872,1399800720031891462,Eva4216,Sat Jun 05 07:16:58 +0000 2021,"day 3 of #66daysofdata by @KenJee_DS 
Watched a Kaggle video on ML and spent some time on a Python course on @DataCamp",0,18
1401056909294190592,1108597836755755009,maisdev,Sat Jun 05 06:02:52 +0000 2021,"Started the game logic in my blackjack #python project. Had few errors, solved most. I also watched some videos from udemy datascience course. #66daysofdata",1,9
1401036381053341697,1276070101196795904,thinam_,Sat Jun 05 04:41:17 +0000 2021,"✅The implementation of Loading Pretrained BERT Model and Parameters.

📒 Notebook : https://t.co/xAiif16GDk

#66daysofdata #MachineLearning #DeepLearning https://t.co/EYzARCxhhM",1,5
1401026449683931141,2238460753,KennethB23,Sat Jun 05 04:01:50 +0000 2021,"#66daysofdata day 21 complete.
Learned the UPDATE statement, reviewed transaction control language and worked on some update query exercises in MySQL",0,6
1401026362605858817,901324520346091520,Sanskar1531,Sat Jun 05 04:01:29 +0000 2021,"day 39 of #66daysofdata 
Continued with optimisation, finished two phase simplex and moved to complementary slackness. Will probably start with hypothesis test tomorrow from stats and look into the revised simplex from optimisation",0,3
1401019226731728898,1253747806088683523,SolCatv2,Sat Jun 05 03:33:07 +0000 2021,"I'm joining #66DaysOfData! 
#Day0 I started with this video/tutorial https://t.co/2oolX0xepX by @thedataprof",0,3
1401000638528425986,1369840035726581766,DustinVo10,Sat Jun 05 02:19:16 +0000 2021,"Day 12 #66daysofdata 
Do some SQL task on Hackerank",0,4
1400984414079926275,2384674350,WoleAdewumi,Sat Jun 05 01:14:48 +0000 2021,D19: Completed the first chapter of Building a Career in Data Science book #66daysofdata,0,5
1400966103468281857,1392958037497892871,AntoneEvansJr,Sat Jun 05 00:02:02 +0000 2021,"#Day26 of #66DaysOfData by @KenJee_DS
With my second project now done, I began to develop a game plan of ML topics (bias, under-fitting, time series etc.) I'd like to review. I plan to start reviewing such topics tomorrow. Today was spent reviewing product design mock interviews.",0,11
1400965208273739779,32453704,anyachocolat,Fri Jun 04 23:58:28 +0000 2021,"Day 55 of #66DaysOfData:
- I didn't feel confident enough with pandas so I decided to review some exercises from the last module",0,8
1400960337483022338,1179254091521941508,jasonvero,Fri Jun 04 23:39:07 +0000 2021,"Day 34 - of #66DaysOfData
Day 14 - of #66DaysOfRunning

Happy Friday! Today, I delved deeper into Python object oriented programming. Calling it here to enjoy the first night of the weekend after a very arduous work week.",0,12
1400957212307165185,1269417562317651970,ParzyDev,Fri Jun 04 23:26:42 +0000 2021,"#66daysofdata, Day 4 (03/06/2021):
Again, it wasn't a very productive day because I had a lot of @UFPA_Oficial's homework to do.

And, once again, I continued to study 
@kaggle's Pandas course, learning about the groupby function and its applications.",0,6
1400947880760913925,602408175,golubovalex,Fri Jun 04 22:49:37 +0000 2021,"Day 46 of #66daysofdata: completed the 3-d week from the 3-rd course of the #Google Data Analytics certificate program, worked on the Subqueries inside FROM clause in #SQL course on #DataCamp, practiced SQL and #Python basics also on DataCamp.",1,10
1400943551228305408,1108597836755755009,maisdev,Fri Jun 04 22:32:25 +0000 2021,"Continued on blackjack #python project. I think I better finish it soon. Had some reading on #blockchain. At weekend, plan to continue udemy datascience course... and complete the project, hopefully?? #66daysofdata",2,7
1400937569492291592,951871594376376320,JackRaifer,Fri Jun 04 22:08:39 +0000 2021,"Are Models Biased? Is Data Biased? Are People Biased?
#66DaysOfData with @KenJee_DS , Round 3 Day #3.

I have been reading a LOT about this subject because it is very close to my heart, and here are a few thoughts about it…

Thread 🧵🧵🧵",3,19
1400936718895927300,929998650,KehalHoussem,Fri Jun 04 22:05:16 +0000 2021,"Day 2⃣7⃣:

Today Zindi launched a hackathon for 2-3 days, So I thought it would be fun to participate in it this weekend.
I struggled to make my first prediction, but I really enjoyed working on this challenge.

#66DaysOfData #MachineLearning #ZindiWeekendz",1,7
1400933685940084741,101522789,augusto_dn,Fri Jun 04 21:53:13 +0000 2021,"Day 2 of #66daysofdata. Today I've been playing around with the Fashion MNIST dataset with PyTorch.
This dataset has 10 categories, as well as his MNIST cousing. However, the categories are more challenging.
All in all 90% accuracy.
Check it out:  https://t.co/0LoG3FH8Pt",0,1
1400922519155085312,1266599735881687040,ChinWuChen1,Fri Jun 04 21:08:51 +0000 2021,"D53 #66daysofdata - continuing on Rasa, learning more about intent and entity and interactive training.",0,5
1400912728114577412,1352186511433805824,balalaikagrunge,Fri Jun 04 20:29:56 +0000 2021,"Day 28 of #66daysofdata
More time series analysis. Spent another 5h and just about finished EDA part of the assignment. No weekend for me, ladies and gentlemen, just more time series analysis.",0,9
1400909130584539141,1301025989359788033,AMuktineni,Fri Jun 04 20:15:39 +0000 2021,"According to a survey in Forbes, data scientists spend 80% of their time on data preparation. #DataScience #Python #66daysofdata #100daysofcode #MachineLearning #DataAnalysis https://t.co/81Mhqrspuu",9,9
1400896309293314054,1329313525974532097,AyubRasool14,Fri Jun 04 19:24:42 +0000 2021,"Day 51,52/66: went thru tableau and Google data analytics. Hope to be more productive from now onwards. #66daysofdata",0,10
1400882444233064448,16229037,elviajeligero,Fri Jun 04 18:29:36 +0000 2021,"Day 1 of #66DaysOfData: I've made an algorithm for the Newton-Raphson method. It can be used for functions of one, two and tree variables. 

Repository: https://t.co/MPQ9qJE520 https://t.co/tffFeJezTe",0,3
1400880892583628801,1137782574036635649,thedataprof,Fri Jun 04 18:23:26 +0000 2021,"Hi friends, a new blog post on How to Paraphrase Text using #Python
https://t.co/oYh4Qrkq2x
#66daysofdata #100daysofcode #nlp #contentcreation #AI https://t.co/xm5IfQpGym",16,12
1400873029169664002,1310565371389177858,R1SE_823,Fri Jun 04 17:52:11 +0000 2021,"R2 day3 of #66daysofdata #kaggle
Created a notebook on diabetes dataset. Did some data visualization/cleaning and apply Neural Networks and Adabelief optimizer for prediction https://t.co/4gyM740xl4
#NeuralNetworks #DataScience 
Any comment and feedbacks are appreciated ;)",0,7
1400868870571716610,1137782574036635649,thedataprof,Fri Jun 04 17:35:40 +0000 2021,"Hi friends, check out the PyDyTuesday Python library developed by @AndreasThinks that allows you to download TidyTuesday datasets.
Thanks to @StarTrek_Lt for suggesting.
#66daysofdata #100daysofcode #data #tidytuesday https://t.co/Q2NufuBp2v",4,6
1400867143894278146,46960309,arshaq,Fri Jun 04 17:28:48 +0000 2021,"Day 4 Summary:

- pandas dataframe operations: merge, join, unique, nunique, value_counts
- reading and writing csv, xlsx, html files
- Exercises on the above operations 

#66daysofdata",0,3
1400861447320604678,1392381742317703168,moondaawg,Fri Jun 04 17:06:10 +0000 2021,"Day 4 of learning python, revised the concepts of lists and tuples

#Day4 #DataScience #66daysofdata #Python",2,7
1400855508530073601,1051512590445105152,khanh_hab,Fri Jun 04 16:42:34 +0000 2021,"D9 of #66daysofdata
Keywords: measure of central tendency, outlier, skewness.",0,8
1400849341015805966,16229037,elviajeligero,Fri Jun 04 16:18:04 +0000 2021,I will join the #66DaysOfData challenge since I've been studding DS every single day since almost a year ago anyway.,0,2
1400848123879116802,1607658019,_koredehassan,Fri Jun 04 16:13:13 +0000 2021,"Day 12 of #66daysofdata 

Read chapter 4 of ""Practical Statistics for Data Scientists""

Learnt about multicollinearity, confounding variables, heteroscedasticity, non-normality and correlated errors",0,4
1400840891938582535,1356609984163889154,jo_grammer,Fri Jun 04 15:44:29 +0000 2021,"Day 18 R2 #66daysofdata 

➡️Review File vs Object
➡️Read vs Parse
➡️Data Connectivity through Text Files 
➡️Fixed width files 
➡️Common naming conventions

➡️Analysis of GPA SAT relationship
Using Seaborn Graph
Interpret Regression Table 
Decomposition variability 
What is OLS👇 https://t.co/e4SemL1w8L",0,7
1400839354961088518,25925939,Dataenergy_DS,Fri Jun 04 15:38:23 +0000 2021,Days 28-29 of #66daysofdata: Big Data and Data Engineering overview. Getting familiar with the Hadoop ecosystem and working on @DataCamp's 'Introduction to Data Engineering'  course,1,4
1400828082685153283,1389606414474227715,Nobre_Lucas18,Fri Jun 04 14:53:35 +0000 2021,"#66daysofdata, day 12:

Today I studied distribution graphs such as histograms and kdeplots following @kaggle's Data Visualization course. Also, I saw a video about how AI is being used to diagnose cancer in real time.",0,13
1400815219891335177,1363855621628465153,korasaju_a,Fri Jun 04 14:02:28 +0000 2021,"Day 4 of #66DaysofData (R2) with @KenJee_DS 

•Learned Query Analysis — Groupby, Filter / Advance Filter and using ipywidgets to make Interactive Grouping/Filtering Operations
•Performed Data Wrangling on 2 datasets I found online.",0,12
1400805965667074048,1347561005329514498,sydteo,Fri Jun 04 13:25:42 +0000 2021,"Day 17,18 of #66daysofdata 
Learnt what ResBlock is so that it’ll help w my project. Gonna try to implement it tmr 💪",0,20
1400786195588599808,1281890679052857346,ShrutiJ87241031,Fri Jun 04 12:07:09 +0000 2021,"Heyya guys 
Is there any group for #66daysofdata on clubhouse I would love to Join @KenJee_DS  let me know if there is any good clubs to join for data science talks and as well comment your IDs below 💯",1,17
1400762372323745794,1240953896,asvn90,Fri Jun 04 10:32:29 +0000 2021,"Day 14 + 15 of #66DaysOfData with @KenJee_DS 

Watched a video by @GilesMcMullen why not to use Excel and another by @justmarkham. Followed along with Mark's Pandas best practises tutorial. This is fun! 💪 https://t.co/JbuABB5uCC",0,11
1400757279662690306,1352900033608351744,mr_osna,Fri Jun 04 10:12:14 +0000 2021,"Day 16: Finished with the intro to SQL Course! Next week onto the Pandas again!!!

#66daysofdata",0,5
1400753745307213824,1137782574036635649,thedataprof,Fri Jun 04 09:58:12 +0000 2021,"Hi friends, a new YouTube video for this week on How to Build a Simple Portfolio Website for FREE
https://t.co/NjbZaItxXP

Read the accompanying blog post https://t.co/Sr9ulo8PrV

#66daysofdata #100daysofcode #datascience #portfolio #portfoliowebsite #githubpages https://t.co/KSyj4IzM3o",12,17
1400742414558449667,1347114536944340993,DeVilleLiauw,Fri Jun 04 09:13:10 +0000 2021,"One month due untill I submit in my undergraduate thesis. I swear I'm very impatient to start learning SQL again and do the #66daysofdata

My journey is still long and far away, hufttt... 🥲",0,6
1400721464412758017,1324652185964204033,meyke9976,Fri Jun 04 07:49:55 +0000 2021,"Day 143 of #66daysofdata by @KenJee_DS 
Finished the last day of @MicrosoftLearn DP-100 course. Also did some python exercises!",0,29
1400715699627171841,554435225,hmatalonga,Fri Jun 04 07:27:01 +0000 2021,"Day 55 of #66DaysofData. I often use sklearn pipelines in my projects, so the skorch library is handy to integrate PyTorch with sklearn.

https://t.co/zspC6qVuXX",0,9
1400682725934342144,397272525,shatandv,Fri Jun 04 05:15:59 +0000 2021,"Day 150 of #66DaysOfData:
- Learned about more ranking/recommendation metrics,
- Attended a webinar on simpler item-item recommenders,
- Learned more about Ansible loops.",0,20
1400682586880413696,1369840035726581766,DustinVo10,Fri Jun 04 05:15:26 +0000 2021,"Day 11 #66daysofdata
Play around with charts",0,3
1400671504459730946,1391911205829181440,colin_carman,Fri Jun 04 04:31:24 +0000 2021,Day 37 of #66daysofdata: Completed course 4 and moved onto course 5 of the Google cert. Starting the Analysis process. Really excited to finally get into the analysis process! Dug deeper into my NPS questions you need large sample sizes to cut margin of error to reasonable sizes.,0,7
1400666459781558272,1276070101196795904,thinam_,Fri Jun 04 04:11:21 +0000 2021,"✅The implementation of Training and Evaluating Attention Model. 

📔Notebook: https://t.co/ohiDAtPLGv

#66daysofdata #MachineLearning #DeepLearning https://t.co/r057oMYpsL",1,4
1400642510175629312,1137782574036635649,thedataprof,Fri Jun 04 02:36:11 +0000 2021,"Hi friends, Automate the Boring Stuff with #Python Programming  (by @AlSweigart) is #FREE for a limited time using the JUN2021FREE coupon code.
https://t.co/sVC6Q7rgYj
Source: u/AlSweigart (Reddit)
#66daysofdata #100daysofcode",17,22
1400639596732502016,1389606414474227715,Nobre_Lucas18,Fri Jun 04 02:24:37 +0000 2021,"#66daysofdata, day 11:

Today I continued the Data Visualization course on the @kaggle platform. More specifically, I learned about scatterplot and its variants. In addition, I watched a video from the @pgdinamica channel about what is expected of a Jr. data scientist.",0,3
1400637332466946049,969343076442542081,JaimeAAvendano,Fri Jun 04 02:15:37 +0000 2021,"Day 14/15 - R2 of #66DaysofData 

Continued learning about boosting algorithms and more about how Adaboost and Logitboost work with a gradient descent approach.",0,14
1400632883606429702,2238460753,KennethB23,Fri Jun 04 01:57:56 +0000 2021,"#66daysofdata Wow 20 days in already 😯
Completed insert statement lessons and practice exercises in MySQL. 
Also watched more BigQuery use case videos. 👨🏾‍💻",0,2
1400621746647191553,2384674350,WoleAdewumi,Fri Jun 04 01:13:41 +0000 2021,D18: Explored how to regularize machine learning models for simplicity #66daysofdata,0,9
1400620625027387392,1179254091521941508,jasonvero,Fri Jun 04 01:09:13 +0000 2021,"Days 33 - of #66DaysOfData
Day 13 - of #66DaysOfRunning

Today was a light day, with the weather making me reasonably lazy. I spent more time understanding the differences between using the iloc and loc method, as well as working on my SQL joins.",0,15
1400601914249826304,734167027997347842,_liamconnors,Thu Jun 03 23:54:52 +0000 2021,Day 20 of #66daysofdata - continued reading from yesterday and started exploring kaggle,0,16
1400586055171166209,32453704,anyachocolat,Thu Jun 03 22:51:51 +0000 2021,"Day 54 of #66DaysOfData:
- prepared a study plan for the rest of the month
- continued the course",0,15
1400584386412748800,101522789,augusto_dn,Thu Jun 03 22:45:13 +0000 2021,"1 of #66daysofdata : A nice session of convolution operations, which takes me back to college times analyzing discrete Fourier transformation properties. https://t.co/t5psFqCxsw",0,7
1400581367008837635,71251893,MirceaMesesan,Thu Jun 03 22:33:14 +0000 2021,"Day 31 of #66DaysOfData. Recap of pandas (#kaggle course) and watched a video on requests-html. It doesn’t work properly with jupyter notebook, not sure why...",0,7
1400577485511839746,1377113586145751042,sustainablersyd,Thu Jun 03 22:17:48 +0000 2021,"Days 62-63 of #66daysofdata with @KenJee_DS 
- almost finished that product metrics dashboard, working on some 5 year trends and lookerML stuff",0,19
1400576930575962117,1392958037497892871,AntoneEvansJr,Thu Jun 03 22:15:36 +0000 2021,"#Day25 of #66DaysOfData by @KenJee_DS

I've deployed my app 🎈 using @streamlit 

App: https://t.co/4nqH4Sh7Fe
GitHub: https://t.co/MplHzGpowZ https://t.co/PjJJxRGdcf",2,17
1400571739072090125,3435986734,ImprovingSlowly,Thu Jun 03 21:54:58 +0000 2021,"How dare I almost forget...

For day 3 of my current #66daysofdata round, I practiced some git commands on my current repository for Automate The Boring Stuff",0,4
1400569080373993475,929998650,KehalHoussem,Thu Jun 03 21:44:24 +0000 2021,"Day 2⃣5⃣-2⃣6⃣:

spend the 2 days working on the iX Mobile Banking Prediction Challenge on Zindi, and reading about imbalanced data and how to deal with it.

#66DaysOfData #MachineLearning #DataScience",2,10
1400563387457753097,951871594376376320,JackRaifer,Thu Jun 03 21:21:47 +0000 2021,"Jack of all trades and Master of all??? Is it possible???

(I am a Thread so Follow Me)  👇

#66DaysOfData with @KenJee_DS, Round 3, Day #2.
Today I watched @KenJee_DS's: Why you probably won’t become a #DataScientists video.

You can watch it right here: https://t.co/pufLatKgLu",0,7
1400560331257229313,1352186511433805824,balalaikagrunge,Thu Jun 03 21:09:38 +0000 2021,"Day 27 of #66daysofdata
Exploratory analysis of my time series data is mostly done. Meaning I will most likely tinder tomorrow for another half a day. Dreading having to write this all up, so limiting the output to a few graphs only.",0,15
1400558825690763266,1301025989359788033,AMuktineni,Thu Jun 03 21:03:39 +0000 2021,"Days 13 &amp; 14 of #66daysofdata Round3!

Back after a short break. Went through some theory around Supervised Vs Unsupervised Learning, Classification &amp; Regression, Clustering &amp; Association, Online Vs Batch Learning. @KenJee_DS",0,10
1400553945840427011,602408175,golubovalex,Thu Jun 03 20:44:16 +0000 2021,"Day 45 of #66daysofdata: completed sorting &amp; filtering with sheets part from the 3-rd course of the #Google Data Analytics certificate program, worked on the Subqueries inside WHERE &amp; SELECT clauses in #SQL course on #DataCamp, practiced SQL and #Python basics also on DataCamp.",0,8
1400536785852145664,1392381742317703168,moondaawg,Thu Jun 03 19:36:05 +0000 2021,"Day 3: Revised the concepts of booleans and conditionals, how booleans are used for branching logics
#Day3 #Python #66daysofdata https://t.co/jHnl3cr6nu",1,12
1400531354966654977,901324520346091520,Sanskar1531,Thu Jun 03 19:14:30 +0000 2021,"day 38 of #66daysofdata

Started simplex algorithm, continued with BFS, Degeneracy, and two phase simplex. Looked at duality as well.",1,10
1400530829999214598,1399800720031891462,Eva4216,Thu Jun 03 19:12:25 +0000 2021,"day 2 of #66daysofdata  by @KenJee_DS 
Had my third &amp; final day of training for the DP-100. It was 8 hours, so i think it counts :)",0,16
1400528779613671427,781509464977387520,simply_sumanth,Thu Jun 03 19:04:16 +0000 2021,"#9 of #66daysofdata
- joined fastbook reading session by @weights_biases - looking forward for more!
- Back to kaggle, explored more about EDA and read few blogs on normal distribution and skewness
- Slow progress, but it's okay! 
Waiting for weekend to learn more!
@KenJee_DS",0,9
1400521957473406980,1361227694889967616,dataQueen_pend,Thu Jun 03 18:37:09 +0000 2021,"D40 R2 - rest. 
But today, D41 R2 of #66daysofdata I...:

Started another module from DS track @DataCamp
✨ Introduction to Data Visualization with Matplotib ✨
➡️ Pyplot interface
➡️ Adding data to axes
➡️ Customizing the plot
➡️ Small multiples",1,15
1400507655496605697,1607658019,_koredehassan,Thu Jun 03 17:40:19 +0000 2021,"Day 11 of #66daysofdata 

I started and finished the ""intermediate machine learning"" microcourse on @kaggle",0,1
1400505137810927618,46960309,arshaq,Thu Jun 03 17:30:19 +0000 2021,"Day 3 Summary:

- Intro to Pandas' data structures: Series and DataFrame
- Accessing the data structures' values. Simple manipulation.

More Pandas for tomorrow

#66daysofdata",0,3
1400499875909754880,1322620958327255040,Datavisz,Thu Jun 03 17:09:25 +0000 2021,Day 61 of #66daysofdata: Revised hypothesis testing concepts from @khanacademy,0,8
1400498591177789441,847285694145863682,rflmnaguiar,Thu Jun 03 17:04:18 +0000 2021,"#66daysofdata, 04:
Today I've finally finished the DataScience playlist in Filipe Deschamps' channel, with Guilherme Silveira from 
@AluraOnline. From now on, I will start studying DS for good.",0,4
1400489034305216519,1356609984163889154,jo_grammer,Thu Jun 03 16:26:20 +0000 2021,"Day 17 R2 of #66daysofdata 

Reading Seaborn documentation &gt; linear regression with marginal distributions

Continued working on regression analysis + predicting GPA based on obtained SAT scores, will be adding code to my Github when done

Read 👇

https://t.co/WZyVv2kcZv",0,8
1400481970753216519,1266599735881687040,ChinWuChen1,Thu Jun 03 15:58:16 +0000 2021,"D52 #66daysofdata - took a break from data but watched a few videos of the Coursera course ""Learning how to learn""- very insightful.",0,8
1400481704653910020,1299710065042051073,imaatheworld,Thu Jun 03 15:57:12 +0000 2021,"#66daysofdata Day 4 [03/06/2021]
I learned object-oriented programming in python",0,0
1400460578385055753,1670570930,gauravgulati9c,Thu Jun 03 14:33:15 +0000 2021,"Progress update !
Day 4, 5 - Studied about hyper parameter optimization after building a baseline model. This was followed by practical implementation using a sample dataset.

#66daysofdata #machinelearning",1,6
1400454170029690883,1269417562317651970,ParzyDev,Thu Jun 03 14:07:47 +0000 2021,"#66daysofdata, Day 3 (02/06/2021):
It wasn't a very productive day because I had a lot of @UFPA_Oficial's homework to do.

So, once again, I continued to study @kaggle's Pandas course, researching about more functionalities and solving exercises.",0,6
1400452781127847939,1352186511433805824,balalaikagrunge,Thu Jun 03 14:02:16 +0000 2021,When your daily posts on #66daysofdata with @KenJee_DS attract a wild global warming denier 😂 https://t.co/wgwPE8hLjh,0,7
1400450711754731527,951871594376376320,JackRaifer,Thu Jun 03 13:54:03 +0000 2021,"If you are just getting started in your #DataScience journey, here is a great opportunity to learn.
#66DaysOfData https://t.co/RYWR1ziIuE",4,15
1400436407416594433,1352900033608351744,mr_osna,Thu Jun 03 12:57:13 +0000 2021,"Day 15: Almost done with the SQL Course. Struggled to get the hang of AS... WITH . Also need more practice with dates in the queries;

#66daysofdata",0,1
1400394758451777537,1352186511433805824,balalaikagrunge,Thu Jun 03 10:11:43 +0000 2021,"Day 26 of #66daysofdata
Worked on my time series assignment in R. Worked out lapply and sapply functions, downloaded 30 files from Met Office UK, did some summary statistics, now on to exploratory data analysis.",0,11
1400381345663270912,602408175,golubovalex,Thu Jun 03 09:18:25 +0000 2021,"Day 44 of #66daysofdata: started sorting &amp; filtering data part from the 3-rd course of the #Google Data Analytics professional certificate program, worked on the semi- and anti-joins in #SQL course on #DataCamp, practiced SQL and #Python basics also on DataCamp.",0,11
1400353312118120449,554435225,hmatalonga,Thu Jun 03 07:27:01 +0000 2021,"Day 54 of #66DaysofData. Another great article I have read with an interesting perspective. Entitled ""Good Data Scientist, Bad Data Scientist"":

https://t.co/j4djedIN7i",0,4
1400343495550906369,1324652185964204033,meyke9976,Thu Jun 03 06:48:01 +0000 2021,"Day 142 of #66daysofdata by @KenJee_DS 
Day two of @MicrosoftLearn DP-100 course... also did a @DataCamp chapter on OOP. 
I am all ready for the last day of the DP-100 course! 📖📚",0,12
1400324329598984192,1369840035726581766,DustinVo10,Thu Jun 03 05:31:51 +0000 2021,"Day 10 #66daysofdata
Read a little bit about mining data Twiter",0,10
1400315548135837696,1108597836755755009,maisdev,Thu Jun 03 04:56:57 +0000 2021,"Continued working on blackjack #python project. Did some updates on the class methods and variables. Also worked on Q3 plan. Read about #blockchain tech and tried to understand #ethereum architecture. 
D38 #66daysofdata it is not only “data” anymore",3,6
1400313218803904515,397272525,shatandv,Thu Jun 03 04:47:42 +0000 2021,"Day 149 of #66DaysOfData:
- Studied conditionals and loops in Ansible @kodekloud1,
- Played around with ranking and recommendation metrics like AP@k, MRR@k, etc,
- Continued my endeavors into parsing a public API (can't say what it is because reasons).",0,19
1400307862933434380,1391911205829181440,colin_carman,Thu Jun 03 04:26:25 +0000 2021,Day 36 of #66daysofdata: Fell down a rabbit hole today after discovering NPS (Net Promotion Score). This being one of things thats driven me up a wall at work. I was interested in diving deeper and discovering its basically industry standard at measuring brand loyalty.,0,5
1400306698275876868,1391911205829181440,colin_carman,Thu Jun 03 04:21:47 +0000 2021,Hello world. Participating in @KenJee_DS #66daysofdata. Was posting progress in the Discord but going to continue here because I have nothing else to tweet! So join me on my adventure as I learn data analytics and begin down this path to a career change.,1,14
1400303321110355970,1363855621628465153,korasaju_a,Thu Jun 03 04:08:22 +0000 2021,"Day 3 of #66DaysofData (R2) with @KenJee_DS 

•Learned how to deal with Outliers using Winsorization — also the use of Boxplots on identifying Univariate Outliers and Scatterplots on Bivariate Outliers. 
•Also applied what I learned today on a supermarket dataset.",0,17
1400302309763026946,943392739839819776,DataWithDanny,Thu Jun 03 04:04:21 +0000 2021,"Here are a few online communities to join and newsletters you can sign up to right now!

You can also join me on the #DataWithDanny Slack community with over 3,000 - https://t.co/4rITaWApd6

@KenJee_DS's #66daysofdata Discord community - https://t.co/PbuIKE1aJ4",0,4
1400291459970990080,1276070101196795904,thinam_,Thu Jun 03 03:21:14 +0000 2021,"✅ I have presented the implementation of Comparing Class, Aggregating Class and Decomposable Attention Model here in the snapshot. 

📔 In case you want to see the Notebook with proper documentation is here: https://t.co/ohiDAtPLGv

#66daysofdata #MachineLearning #DeepLearning https://t.co/tuDMOFoxBj",0,4
1400280890153054218,25925939,Dataenergy_DS,Thu Jun 03 02:39:14 +0000 2021,"Day 27: learned about window functions in SQL and about data engineering, big data and the Hadoop ecosystem
#66daysofdata",0,8
1400269003155718153,2238460753,KennethB23,Thu Jun 03 01:52:00 +0000 2021,"#66daysofdata day 19:
Learning about Data Pipelining with Big Query - importing data from Google Analytics, cleaning and transforming data with SQL, then visualizing in Data Studio.",0,5
1400266970512203780,847285694145863682,rflmnaguiar,Thu Jun 03 01:43:56 +0000 2021,"#66daysofdata, 03:
Today I've watched about 2 hours of videos. One introduction about Data Science and the other introducting machine learning. I've watching introductory videos about the topics to prepare my brain to the real game and to know what I'm going to be messing with.",0,6
1400256928450813957,1392958037497892871,AntoneEvansJr,Thu Jun 03 01:04:01 +0000 2021,"#Day25 of #66DaysOfData by @KenJee_DS
Fixed my PDF rendering issue and watched a ton of videos about recommendation systems.",0,8
1400255537363795975,1179254091521941508,jasonvero,Thu Jun 03 00:58:30 +0000 2021,"Days 32 - of #66DaysOfData
Day 12 - of #66DaysOfRunning

Today, I studied index and label-based selections. Utilizing iloc and loc operators, I retrieved information based on specific indices. 

I also pushed myself today, and ran a little longer than usual. Feels good.",0,14
1400242477148389381,2384674350,WoleAdewumi,Thu Jun 03 00:06:36 +0000 2021,D17: Studied closures and decorators in Python from @DataCamp  #66daysofdata,0,8
1400231484443791363,734167027997347842,_liamconnors,Wed Jun 02 23:22:55 +0000 2021,"Day 19 of #66daysofdata - continued Hands-On ML project, explored custom transformers, feature scaling, and pipelines in Scikit-Learn",1,13
1400207462242914316,1240953896,asvn90,Wed Jun 02 21:47:28 +0000 2021,"Day 13 of #66DaysOfData with @KenJee_DS 

Watched the 50th episode of Ken's Nearest Neighbours podcast. Great episode that really resonated with me. Congrats Ken and keep it up! https://t.co/VN4F0PqPvp",0,11
1400203923294724099,32453704,anyachocolat,Wed Jun 02 21:33:24 +0000 2021,"Day 53 of #66DaysOfData:
- started a module on exploratory data analysis, read about data science workflows and CRISP-DM methodology",1,19
1400194042458165250,1649054340,a_escontrela,Wed Jun 02 20:54:08 +0000 2021,"Day 60 #66daysofdata continue with third course of Data Engineering, Big Data and ML on GCP specialization, learning about Hadoop environment",0,14
1400190082397708288,951871594376376320,JackRaifer,Wed Jun 02 20:38:24 +0000 2021,"#66DaysOfData with @KenJee_DS , Round 3, Day #1.

A Thread 🧵🧵🧵

This round is all about reading, learning, and sharing.
To start with, I wanted to talk about Arvind Narayanan´s (@random_walker) presentation on “How to recognize AI snake Oil”.",0,19
1400182495442780164,1389606414474227715,Nobre_Lucas18,Wed Jun 02 20:08:15 +0000 2021,"#66daysofdata, day 10:

Today I studied about barplots and heatmaps following @kaggle's Data Visualization course. Also, as usual, I always try to apply what I've learned to a personal project.",0,12
1400168888352968707,781509464977387520,simply_sumanth,Wed Jun 02 19:14:11 +0000 2021,"#7&amp;#8 of #66daysofdata 

(Was caught up with work😐😐)
tomo, Tomo, tomorrow... ✨Kaggle✨ https://t.co/d4EPqmSx9Z",0,6
1400159726436974596,3041718695,suminohh,Wed Jun 02 18:37:47 +0000 2021,"📅 Day 17 of #66daysofdata 

Did quite a bit of counting and data visualization with R and Excel. I'm starting to grow fond of R, rather than Python.",1,11
1400157911674855425,406512519,rohan_kumawat,Wed Jun 02 18:30:34 +0000 2021,"Day 11 of #66daysofdata 
I just read some blogs on Natural Language Processing.🌈💙",0,6
1400145327982743554,1137782574036635649,thedataprof,Wed Jun 02 17:40:34 +0000 2021,"Glad to collaborate with @freeCodeCamp on this video on #Python for #Bioinformatics - #DrugDiscovery Using #MachineLearning and #DataAnalysis
https://t.co/ioxi8zWtyh
Learn how to use Python and machine learning to build a bioinformatics project for drug discovery.

#66daysofdata https://t.co/DzcQLZD97s",25,50
1400144341012664321,1392381742317703168,moondaawg,Wed Jun 02 17:36:38 +0000 2021,"Day 2 of learning python. Revised how functions work in python.
New learnings: docstring, higher order functions.

#Day2 #Python #pythonlearning #kaggle #66daysofdata #CodeNewbie #DataScience",3,18
1400130094035718144,46960309,arshaq,Wed Jun 02 16:40:02 +0000 2021,"Day 2 Summary:
- Intro to numpy 
- numpy arrays manipulation.

Felt it was easy to understand. Onwards to pandas tomorrow!

#66daysofdata",0,4
1400125189258506241,1322620958327255040,Datavisz,Wed Jun 02 16:20:32 +0000 2021,Day60 of #66daysofdata: Confused between when to choose z test and T test,0,12
1400121602365267970,232069724,rahul40patel,Wed Jun 02 16:06:17 +0000 2021,"Day 13 of #66DaysOfData

2nd Week of Data Wrangling, Analysis and AB Testing with SQL complete

- creating snapshot tables
- Using Hive (Partition in particular)

@KenJee_DS",0,8
1400118617824382976,901324520346091520,Sanskar1531,Wed Jun 02 15:54:26 +0000 2021,"day 37 of #66daysofdata 
Had a change of pace today, did some linear programming (optimisation). Revised all the basic definitions and formulas/methods. Will finish simplex tonight and start with duality tomorrow. https://t.co/5jjQ83ULWI",0,3
1400116189670555654,1607658019,_koredehassan,Wed Jun 02 15:44:47 +0000 2021,"Day 10 of #66daysofdata

Learnt about custom transformers, gridsearch and randomized search

I also started the pandas microcourse on @kaggle",1,6
1400115056268939264,1356609984163889154,jo_grammer,Wed Jun 02 15:40:16 +0000 2021,"Day 16 R2 #66daysofdata 

More 365 DS Bootcamp with Section on Advanced Statistical Methods  ✅Linear Regression with StatsModels 
✅Practiced on predicting GPA based on SAT scores obtained
✅Neural Networks with TensorFlow on freecodecamp ➡️ Activation functions https://t.co/wV6RYTuOtm",0,10
1400080526833115136,2352929006,akira_rafhael,Wed Jun 02 13:23:04 +0000 2021,"Day 47 : Read some articles on Imbalanced Dataset and how to handle it on @thedataprof video

#66DaysOfData",0,12
