tweet_id,user_id,user_name,created_at,full_text,retweets,favorite
1400682725934342144,397272525,shatandv,Fri Jun 04 05:15:59 +0000 2021,"Day 150 of #66DaysOfData:
- Learned about more ranking/recommendation metrics,
- Attended a webinar on simpler item-item recommenders,
- Learned more about Ansible loops.",0,1
1400682586880413696,1369840035726581766,DustinVo10,Fri Jun 04 05:15:26 +0000 2021,"Day 11 #66daysofdata
Play around with charts",0,0
1400671504459730946,1391911205829181440,colin_carman,Fri Jun 04 04:31:24 +0000 2021,Day 37 of #66daysofdata: Completed course 4 and moved onto course 5 of the Google cert. Starting the Analysis process. Really excited to finally get into the analysis process! Dug deeper into my NPS questions you need large sample sizes to cut margin of error to reasonable sizes.,0,0
1400666459781558272,1276070101196795904,thinam_,Fri Jun 04 04:11:21 +0000 2021,"✅The implementation of Training and Evaluating Attention Model. 

📔Notebook: https://t.co/ohiDAtPLGv

#66daysofdata #MachineLearning #DeepLearning https://t.co/r057oMYpsL",1,1
1400642510175629312,1137782574036635649,thedataprof,Fri Jun 04 02:36:11 +0000 2021,"Hi friends, Automate the Boring Stuff with #Python Programming  (by @AlSweigart) is #FREE for a limited time using the JUN2021FREE coupon code.
https://t.co/sVC6Q7rgYj
Source: u/AlSweigart (Reddit)
#66daysofdata #100daysofcode",9,10
1400639596732502016,1389606414474227715,Nobre_Lucas18,Fri Jun 04 02:24:37 +0000 2021,"#66daysofdata, day 11:

Today I continued the Data Visualization course on the @kaggle platform. More specifically, I learned about scatterplot and its variants. In addition, I watched a video from the @pgdinamica channel about what is expected of a Jr. data scientist.",0,1
1400637332466946049,969343076442542081,JaimeAAvendano,Fri Jun 04 02:15:37 +0000 2021,"Day 14/15 - R2 of #66DaysofData 

Continued learning about boosting algorithms and more about how Adaboost and Logitboost work with a gradient descent approach.",0,2
1400632883606429702,2238460753,KennethB23,Fri Jun 04 01:57:56 +0000 2021,"#66daysofdata Wow 20 days in already 😯
Completed insert statement lessons and practice exercises in MySQL. 
Also watched more BigQuery use case videos. 👨🏾‍💻",0,0
1400621746647191553,2384674350,WoleAdewumi,Fri Jun 04 01:13:41 +0000 2021,D18: Explored how to regularize machine learning models for simplicity #66daysofdata,0,1
1400620625027387392,1179254091521941508,jasonvero,Fri Jun 04 01:09:13 +0000 2021,"Days 33 - of #66DaysOfData
Day 13 - of #66DaysOfRunning

Today was a light day, with the weather making me reasonably lazy. I spent more time understanding the differences between using the iloc and loc method, as well as working on my SQL joins.",0,8
1400601914249826304,734167027997347842,_liamconnors,Thu Jun 03 23:54:52 +0000 2021,Day 20 of #66daysofdata - continued reading from yesterday and started exploring kaggle,0,6
1400586055171166209,32453704,anyachocolat,Thu Jun 03 22:51:51 +0000 2021,"Day 54 of #66DaysOfData:
- prepared a study plan for the rest of the month
- continued the course",0,6
1400584386412748800,101522789,augusto_dn,Thu Jun 03 22:45:13 +0000 2021,"1 of #66daysofdata : A nice session of convolution operations, which takes me back to college times analyzing discrete Fourier transformation properties. https://t.co/t5psFqCxsw",0,3
1400581367008837635,71251893,MirceaMesesan,Thu Jun 03 22:33:14 +0000 2021,"Day 31 of #66DaysOfData. Recap of pandas (#kaggle course) and watched a video on requests-html. It doesn’t work properly with jupyter notebook, not sure why...",0,3
1400577485511839746,1377113586145751042,sustainablersyd,Thu Jun 03 22:17:48 +0000 2021,"Days 62-63 of #66daysofdata with @KenJee_DS 
- almost finished that product metrics dashboard, working on some 5 year trends and lookerML stuff",0,5
1400576930575962117,1392958037497892871,AntoneEvansJr,Thu Jun 03 22:15:36 +0000 2021,"#Day25 of #66DaysOfData by @KenJee_DS

I've deployed my app 🎈 using @streamlit 

App: https://t.co/4nqH4Sh7Fe
GitHub: https://t.co/MplHzGpowZ https://t.co/PjJJxRGdcf",0,3
1400571739072090125,3435986734,ImprovingSlowly,Thu Jun 03 21:54:58 +0000 2021,"How dare I almost forget...

For day 3 of my current #66daysofdata round, I practiced some git commands on my current repository for Automate The Boring Stuff",0,2
1400569080373993475,929998650,KehalHoussem,Thu Jun 03 21:44:24 +0000 2021,"Day 2⃣5⃣-2⃣6⃣:

spend the 2 days working on the iX Mobile Banking Prediction Challenge on Zindi, and reading about imbalanced data and how to deal with it.

#66DaysOfData #MachineLearning #DataScience",2,5
1400563387457753097,951871594376376320,JackRaifer,Thu Jun 03 21:21:47 +0000 2021,"Jack of all trades and Master of all??? Is it possible???

(I am a Thread so Follow Me)  👇

#66DaysOfData with @KenJee_DS, Round 3, Day #2.
Today I watched @KenJee_DS's: Why you probably won’t become a #DataScientists video.

You can watch it right here: https://t.co/pufLatKgLu",0,3
1400560331257229313,1352186511433805824,balalaikagrunge,Thu Jun 03 21:09:38 +0000 2021,"Day 27 of #66daysofdata
Exploratory analysis of my time series data is mostly done. Meaning I will most likely tinder tomorrow for another half a day. Dreading having to write this all up, so limiting the output to a few graphs only.",0,6
1400558825690763266,1301025989359788033,AMuktineni,Thu Jun 03 21:03:39 +0000 2021,"Days 13 &amp; 14 of #66daysofdata Round3!

Back after a short break. Went through some theory around Supervised Vs Unsupervised Learning, Classification &amp; Regression, Clustering &amp; Association, Online Vs Batch Learning. @KenJee_DS",0,5
1400553945840427011,602408175,golubovalex,Thu Jun 03 20:44:16 +0000 2021,"Day 45 of #66daysofdata: completed sorting &amp; filtering with sheets part from the 3-rd course of the #Google Data Analytics certificate program, worked on the Subqueries inside WHERE &amp; SELECT clauses in #SQL course on #DataCamp, practiced SQL and #Python basics also on DataCamp.",0,5
1400536785852145664,1392381742317703168,moondaawg,Thu Jun 03 19:36:05 +0000 2021,"Day 3: Revised the concepts of booleans and conditionals, how booleans are used for branching logics
#Day3 #Python #66daysofdata https://t.co/jHnl3cr6nu",1,3
1400531354966654977,901324520346091520,Sanskar1531,Thu Jun 03 19:14:30 +0000 2021,"day 38 of #66daysofdata

Started simplex algorithm, continued with BFS, Degeneracy, and two phase simplex. Looked at duality as well.",1,6
1400530829999214598,1399800720031891462,Eva4216,Thu Jun 03 19:12:25 +0000 2021,"day 2 of #66daysofdata  by @KenJee_DS 
Had my third &amp; final day of training for the DP-100. It was 8 hours, so i think it counts :)",0,8
1400528779613671427,781509464977387520,simply_sumanth,Thu Jun 03 19:04:16 +0000 2021,"#9 of #66daysofdata
- joined fastbook reading session by @weights_biases - looking forward for more!
- Back to kaggle, explored more about EDA and read few blogs on normal distribution and skewness
- Slow progress, but it's okay! 
Waiting for weekend to learn more!
@KenJee_DS",0,5
1400521957473406980,1361227694889967616,dataQueen_pend,Thu Jun 03 18:37:09 +0000 2021,"D40 R2 - rest. 
But today, D41 R2 of #66daysofdata I...:

Started another module from DS track @DataCamp
✨ Introduction to Data Visualization with Matplotib ✨
➡️ Pyplot interface
➡️ Adding data to axes
➡️ Customizing the plot
➡️ Small multiples",1,12
1400507655496605697,1607658019,_koredehassan,Thu Jun 03 17:40:19 +0000 2021,"Day 11 of #66daysofdata 

I started and finished the ""intermediate machine learning"" microcourse on @kaggle",0,1
1400505137810927618,46960309,arshaq,Thu Jun 03 17:30:19 +0000 2021,"Day 3 Summary:

- Intro to Pandas' data structures: Series and DataFrame
- Accessing the data structures' values. Simple manipulation.

More Pandas for tomorrow

#66daysofdata",0,3
1400499875909754880,1322620958327255040,Datavisz,Thu Jun 03 17:09:25 +0000 2021,Day 61 of #66daysofdata: Revised hypothesis testing concepts from @khanacademy,0,6
1400498591177789441,847285694145863682,rflmnaguiar,Thu Jun 03 17:04:18 +0000 2021,"#66daysofdata, 04:
Today I've finally finished the DataScience playlist in Filipe Deschamps' channel, with Guilherme Silveira from 
@AluraOnline. From now on, I will start studying DS for good.",0,2
1400489034305216519,1356609984163889154,jo_grammer,Thu Jun 03 16:26:20 +0000 2021,"Day 17 R2 of #66daysofdata 

Reading Seaborn documentation &gt; linear regression with marginal distributions

Continued working on regression analysis + predicting GPA based on obtained SAT scores, will be adding code to my Github when done

Read 👇

https://t.co/WZyVv2kcZv",0,7
1400481970753216519,1266599735881687040,ChinWuChen1,Thu Jun 03 15:58:16 +0000 2021,"D52 #66daysofdata - took a break from data but watched a few videos of the Coursera course ""Learning how to learn""- very insightful.",0,4
1400460578385055753,1670570930,gauravgulati9c,Thu Jun 03 14:33:15 +0000 2021,"Progress update !
Day 4, 5 - Studied about hyper parameter optimization after building a baseline model. This was followed by practical implementation using a sample dataset.

#66daysofdata #machinelearning",1,3
1400454170029690883,1269417562317651970,ParzyDev,Thu Jun 03 14:07:47 +0000 2021,"#66daysofdata, Day 3 (02/06/2021):
It wasn't a very productive day because I had a lot of @UFPA_Oficial's homework to do.

So, once again, I continued to study @kaggle's Pandas course, researching about more functionalities and solving exercises.",0,4
1400452781127847939,1352186511433805824,balalaikagrunge,Thu Jun 03 14:02:16 +0000 2021,When your daily posts on #66daysofdata with @KenJee_DS attract a wild global warming denier 😂 https://t.co/wgwPE8hLjh,0,5
1400450711754731527,951871594376376320,JackRaifer,Thu Jun 03 13:54:03 +0000 2021,"If you are just getting started in your #DataScience journey, here is a great opportunity to learn.
#66DaysOfData https://t.co/RYWR1ziIuE",4,9
1400436407416594433,1352900033608351744,mr_osna,Thu Jun 03 12:57:13 +0000 2021,"Day 15: Almost done with the SQL Course. Struggled to get the hang of AS... WITH . Also need more practice with dates in the queries;

#66daysofdata",0,1
1400394758451777537,1352186511433805824,balalaikagrunge,Thu Jun 03 10:11:43 +0000 2021,"Day 26 of #66daysofdata
Worked on my time series assignment in R. Worked out lapply and sapply functions, downloaded 30 files from Met Office UK, did some summary statistics, now on to exploratory data analysis.",0,8
1400381345663270912,602408175,golubovalex,Thu Jun 03 09:18:25 +0000 2021,"Day 44 of #66daysofdata: started sorting &amp; filtering data part from the 3-rd course of the #Google Data Analytics professional certificate program, worked on the semi- and anti-joins in #SQL course on #DataCamp, practiced SQL and #Python basics also on DataCamp.",0,8
1400353312118120449,554435225,hmatalonga,Thu Jun 03 07:27:01 +0000 2021,"Day 54 of #66DaysofData. Another great article I have read with an interesting perspective. Entitled ""Good Data Scientist, Bad Data Scientist"":

https://t.co/j4djedIN7i",0,3
1400343495550906369,1324652185964204033,meyke9976,Thu Jun 03 06:48:01 +0000 2021,"Day 142 of #66daysofdata by @KenJee_DS 
Day two of @MicrosoftLearn DP-100 course... also did a @DataCamp chapter on OOP. 
I am all ready for the last day of the DP-100 course! 📖📚",0,10
1400324329598984192,1369840035726581766,DustinVo10,Thu Jun 03 05:31:51 +0000 2021,"Day 10 #66daysofdata
Read a little bit about mining data Twiter",0,8
1400315548135837696,1108597836755755009,maisdev,Thu Jun 03 04:56:57 +0000 2021,"Continued working on blackjack #python project. Did some updates on the class methods and variables. Also worked on Q3 plan. Read about #blockchain tech and tried to understand #ethereum architecture. 
D38 #66daysofdata it is not only “data” anymore",3,5
1400313218803904515,397272525,shatandv,Thu Jun 03 04:47:42 +0000 2021,"Day 149 of #66DaysOfData:
- Studied conditionals and loops in Ansible @kodekloud1,
- Played around with ranking and recommendation metrics like AP@k, MRR@k, etc,
- Continued my endeavors into parsing a public API (can't say what it is because reasons).",0,15
1400307862933434380,1391911205829181440,colin_carman,Thu Jun 03 04:26:25 +0000 2021,Day 36 of #66daysofdata: Fell down a rabbit hole today after discovering NPS (Net Promotion Score). This being one of things thats driven me up a wall at work. I was interested in diving deeper and discovering its basically industry standard at measuring brand loyalty.,0,4
1400306698275876868,1391911205829181440,colin_carman,Thu Jun 03 04:21:47 +0000 2021,Hello world. Participating in @KenJee_DS #66daysofdata. Was posting progress in the Discord but going to continue here because I have nothing else to tweet! So join me on my adventure as I learn data analytics and begin down this path to a career change.,0,8
1400303321110355970,1363855621628465153,korasaju_a,Thu Jun 03 04:08:22 +0000 2021,"Day 3 of #66DaysofData (R2) with @KenJee_DS 

•Learned how to deal with Outliers using Winsorization — also the use of Boxplots on identifying Univariate Outliers and Scatterplots on Bivariate Outliers. 
•Also applied what I learned today on a supermarket dataset.",0,11
1400302309763026946,943392739839819776,DataWithDanny,Thu Jun 03 04:04:21 +0000 2021,"Here are a few online communities to join and newsletters you can sign up to right now!

You can also join me on the #DataWithDanny Slack community with over 3,000 - https://t.co/4rITaWApd6

@KenJee_DS's #66daysofdata Discord community - https://t.co/PbuIKE1aJ4",0,4
1400291459970990080,1276070101196795904,thinam_,Thu Jun 03 03:21:14 +0000 2021,"✅ I have presented the implementation of Comparing Class, Aggregating Class and Decomposable Attention Model here in the snapshot. 

📔 In case you want to see the Notebook with proper documentation is here: https://t.co/ohiDAtPLGv

#66daysofdata #MachineLearning #DeepLearning https://t.co/tuDMOFoxBj",0,4
1400280890153054218,25925939,Dataenergy_DS,Thu Jun 03 02:39:14 +0000 2021,"Day 27: learned about window functions in SQL and about data engineering, big data and the Hadoop ecosystem
#66daysofdata",0,5
1400269003155718153,2238460753,KennethB23,Thu Jun 03 01:52:00 +0000 2021,"#66daysofdata day 19:
Learning about Data Pipelining with Big Query - importing data from Google Analytics, cleaning and transforming data with SQL, then visualizing in Data Studio.",0,4
1400266970512203780,847285694145863682,rflmnaguiar,Thu Jun 03 01:43:56 +0000 2021,"#66daysofdata, 03:
Today I've watched about 2 hours of videos. One introduction about Data Science and the other introducting machine learning. I've watching introductory videos about the topics to prepare my brain to the real game and to know what I'm going to be messing with.",0,5
1400256928450813957,1392958037497892871,AntoneEvansJr,Thu Jun 03 01:04:01 +0000 2021,"#Day25 of #66DaysOfData by @KenJee_DS
Fixed my PDF rendering issue and watched a ton of videos about recommendation systems.",0,7
1400255537363795975,1179254091521941508,jasonvero,Thu Jun 03 00:58:30 +0000 2021,"Days 32 - of #66DaysOfData
Day 12 - of #66DaysOfRunning

Today, I studied index and label-based selections. Utilizing iloc and loc operators, I retrieved information based on specific indices. 

I also pushed myself today, and ran a little longer than usual. Feels good.",0,12
1400242477148389381,2384674350,WoleAdewumi,Thu Jun 03 00:06:36 +0000 2021,D17: Studied closures and decorators in Python from @DataCamp  #66daysofdata,0,5
1400231484443791363,734167027997347842,_liamconnors,Wed Jun 02 23:22:55 +0000 2021,"Day 19 of #66daysofdata - continued Hands-On ML project, explored custom transformers, feature scaling, and pipelines in Scikit-Learn",1,11
1400207462242914316,1240953896,asvn90,Wed Jun 02 21:47:28 +0000 2021,"Day 13 of #66DaysOfData with @KenJee_DS 

Watched the 50th episode of Ken's Nearest Neighbours podcast. Great episode that really resonated with me. Congrats Ken and keep it up! https://t.co/VN4F0PqPvp",0,10
1400203923294724099,32453704,anyachocolat,Wed Jun 02 21:33:24 +0000 2021,"Day 53 of #66DaysOfData:
- started a module on exploratory data analysis, read about data science workflows and CRISP-DM methodology",1,18
1400194042458165250,1649054340,a_escontrela,Wed Jun 02 20:54:08 +0000 2021,"Day 60 #66daysofdata continue with third course of Data Engineering, Big Data and ML on GCP specialization, learning about Hadoop environment",0,12
1400190082397708288,951871594376376320,JackRaifer,Wed Jun 02 20:38:24 +0000 2021,"#66DaysOfData with @KenJee_DS , Round 3, Day #1.

A Thread 🧵🧵🧵

This round is all about reading, learning, and sharing.
To start with, I wanted to talk about Arvind Narayanan´s (@random_walker) presentation on “How to recognize AI snake Oil”.",0,17
1400182495442780164,1389606414474227715,Nobre_Lucas18,Wed Jun 02 20:08:15 +0000 2021,"#66daysofdata, day 10:

Today I studied about barplots and heatmaps following @kaggle's Data Visualization course. Also, as usual, I always try to apply what I've learned to a personal project.",0,6
1400168888352968707,781509464977387520,simply_sumanth,Wed Jun 02 19:14:11 +0000 2021,"#7&amp;#8 of #66daysofdata 

(Was caught up with work😐😐)
tomo, Tomo, tomorrow... ✨Kaggle✨ https://t.co/d4EPqmSx9Z",0,5
1400159726436974596,3041718695,suminohh,Wed Jun 02 18:37:47 +0000 2021,"📅 Day 17 of #66daysofdata 

Did quite a bit of counting and data visualization with R and Excel. I'm starting to grow fond of R, rather than Python.",1,8
1400157911674855425,406512519,rohan_kumawat,Wed Jun 02 18:30:34 +0000 2021,"Day 11 of #66daysofdata 
I just read some blogs on Natural Language Processing.🌈💙",0,4
1400145327982743554,1137782574036635649,thedataprof,Wed Jun 02 17:40:34 +0000 2021,"Glad to collaborate with @freeCodeCamp on this video on #Python for #Bioinformatics - #DrugDiscovery Using #MachineLearning and #DataAnalysis
https://t.co/ioxi8zWtyh
Learn how to use Python and machine learning to build a bioinformatics project for drug discovery.

#66daysofdata https://t.co/DzcQLZD97s",23,45
1400144341012664321,1392381742317703168,moondaawg,Wed Jun 02 17:36:38 +0000 2021,"Day 2 of learning python. Revised how functions work in python.
New learnings: docstring, higher order functions.

#Day2 #Python #pythonlearning #kaggle #66daysofdata #CodeNewbie #DataScience",3,16
1400130094035718144,46960309,arshaq,Wed Jun 02 16:40:02 +0000 2021,"Day 2 Summary:
- Intro to numpy 
- numpy arrays manipulation.

Felt it was easy to understand. Onwards to pandas tomorrow!

#66daysofdata",0,4
1400125189258506241,1322620958327255040,Datavisz,Wed Jun 02 16:20:32 +0000 2021,Day60 of #66daysofdata: Confused between when to choose z test and T test,0,8
1400121602365267970,232069724,rahul40patel,Wed Jun 02 16:06:17 +0000 2021,"Day 13 of #66DaysOfData

2nd Week of Data Wrangling, Analysis and AB Testing with SQL complete

- creating snapshot tables
- Using Hive (Partition in particular)

@KenJee_DS",0,8
1400118617824382976,901324520346091520,Sanskar1531,Wed Jun 02 15:54:26 +0000 2021,"day 37 of #66daysofdata 
Had a change of pace today, did some linear programming (optimisation). Revised all the basic definitions and formulas/methods. Will finish simplex tonight and start with duality tomorrow. https://t.co/5jjQ83ULWI",0,3
1400116189670555654,1607658019,_koredehassan,Wed Jun 02 15:44:47 +0000 2021,"Day 10 of #66daysofdata

Learnt about custom transformers, gridsearch and randomized search

I also started the pandas microcourse on @kaggle",0,4
1400115056268939264,1356609984163889154,jo_grammer,Wed Jun 02 15:40:16 +0000 2021,"Day 16 R2 #66daysofdata 

More 365 DS Bootcamp with Section on Advanced Statistical Methods  ✅Linear Regression with StatsModels 
✅Practiced on predicting GPA based on SAT scores obtained
✅Neural Networks with TensorFlow on freecodecamp ➡️ Activation functions https://t.co/wV6RYTuOtm",0,9
1400080526833115136,2352929006,akira_rafhael,Wed Jun 02 13:23:04 +0000 2021,"Day 47 : Read some articles on Imbalanced Dataset and how to handle it on @thedataprof video

#66DaysOfData",0,9
1400075038032904196,3435986734,ImprovingSlowly,Wed Jun 02 13:01:15 +0000 2021,"Day 2 - created the next workbook for chapter 2 of Automate the boring stuff 

#66daysofdata https://t.co/8pMbwU30bj",0,3
1400069396991782914,71251893,MirceaMesesan,Wed Jun 02 12:38:50 +0000 2021,Day 30 of #66DaysOfData. Today I've managed to create a dataset using the #BeautifulSoup module. Data collection with details of the tennis players from day 1 of roland garros grandslam. I am really proud of the result. Will post the dataset soon on #kaggle.,0,5
1400041028678295555,1306505184911208453,mt0rm0,Wed Jun 02 10:46:07 +0000 2021,"I plan to continue now with my wonderful journey through @KenJee_DS 's #66daysofdata where I left it, that's basically putting all what I've learnt the past months together and update my repos. That's what I did yesterday night and will keep doing today for days 62 and 63",0,13
1400039950263885824,1347561005329514498,sydteo,Wed Jun 02 10:41:50 +0000 2021,"Day 15,16 of #66daysofdata 
Been really busy with work submissions these 2 days but that’s okay! I’ll be working on a new project on cartoonisation image with ML, also did some light reading on ‘white box cartoonisation’ that basically reconstructs a photo into an animation style",0,15
1400022213965889537,1324652185964204033,meyke9976,Wed Jun 02 09:31:21 +0000 2021,"Day 141 of #66daysofdata by @KenJee_DS 
Had an entire day of @MicrosoftLearn DP-100 course... Good to see how ML can be used within Azure",0,14
1400003122018369538,32453704,anyachocolat,Wed Jun 02 08:15:29 +0000 2021,"Day 51-52 of #66DaysOfData:
- got feedback on my submission and had to fix a couple of things
- also my boyfriend bought a new laptop so i've been helping him to set everything up 🛠",0,10
1399996826623877120,1361227694889967616,dataQueen_pend,Wed Jun 02 07:50:28 +0000 2021,"D38 R2 of #66daysofdata

Finished ✨ Joining data with 🐼✨🍾🎉

D39 R2 of #66daysofdata ➡️ rest

And now... I'm going to my dentist 😱.",0,16
1399990932355887113,554435225,hmatalonga,Wed Jun 02 07:27:03 +0000 2021,"Day 53 of #66DaysofData. I began working on interview preparation, and I found these #DataScience helpful cheatsheets by Aqeel Anwar. Take a look:

https://t.co/pBAC7iM3Sr https://t.co/Ezq71KhJvU",1,6
1399986508048781312,1352900033608351744,mr_osna,Wed Jun 02 07:09:28 +0000 2021,"Day 13-14: Continued on the SQL course. Also looked at roles available on the African continent. #66daysofdata 

Thanks @KenJee_DS for the motivation video",0,5
1399986284895125505,1399800720031891462,Eva4216,Wed Jun 02 07:08:35 +0000 2021,"day 1 of #66daysofdata by @KenJee_DS 
Watched intro to ML lesson 1: how models work (@kaggle) 
The rest of the day will be spent on a training for the DP-100.",0,12
1399977208039444485,406512519,rohan_kumawat,Wed Jun 02 06:32:31 +0000 2021,"@sustainablersyd @KenJee_DS I won't say lacking too hard but figuring out this #66daysofdata 
I also did the same kind of thing during my round 1 of #66daysofdata but in my round 2 I'm trying to engage more with other people too.
BTW it kind of makes me happy too that I am not the only one who didn't Tweet.",0,6
1399973723281649671,1266599735881687040,ChinWuChen1,Wed Jun 02 06:18:40 +0000 2021,"D51 #66daysofdata - moving along a bit with Rasa NLU, making  some dialogue examples.",0,7
1399970937605402625,324583975,georgekanellos,Wed Jun 02 06:07:36 +0000 2021,"Day 54(R2) of #66daysofdata by @KenJee_DS

I got discouraged last week and took a break but I am back in business✌️ Tried feature selection options: simple filtering, permutation importance, feature importance. The most promising is recursive feature elimination with SHAP values!",0,8
1399950557914275841,1108597836755755009,maisdev,Wed Jun 02 04:46:37 +0000 2021,"Started coding my #python project. A blackjack game with no GUI. Trying not to peek the sample project. It is challenging for me. Meanwhile reading about #blockchain to learn and plan my next quarter. In last days studied #datascience course. 
D37&amp;38 #66daysofdata",2,5
1399947107289665542,397272525,shatandv,Wed Jun 02 04:32:54 +0000 2021,"Day 148 of #66DaysOfData:
- Studied some Ansible basics @kodekloud1,
- Explored an open data API. It was a bit messy and unusual for me.",0,9
1399945475541803011,1276070101196795904,thinam_,Wed Jun 02 04:26:25 +0000 2021,"✅Natural Language Inference is a study where a hypothesis can be inferred from a premise where both are a text sequence. 

#66daysofdata #MachineLearning #DeepLearning https://t.co/MymXwdlpdb",1,6
1399942411820933120,2238460753,KennethB23,Wed Jun 02 04:14:15 +0000 2021,"#66daysofdata day 18 complete!
Learned the limit clause to complete the select statements section in the #365datascience SQL course. Started lessons on insert statements",0,4
1399933129704476676,1269417562317651970,ParzyDev,Wed Jun 02 03:37:22 +0000 2021,"#66daysofdata, Day 2 (01/06/2021):

I continued to learn about the Pandas python library via the @kaggle Pandas course, studying more functionalities and solving exercises. Also spent quite a time reviewing @AluraOnline's Python for DS formation.",1,5
1399914696388399109,1137782574036635649,thedataprof,Wed Jun 02 02:24:07 +0000 2021,"Hi friends, I just published in @TDataScience Data Science Starter Kit https://t.co/oRjAiLiGEm 

#66daysofdata #100daysofcode #datascience #machinelearning #data https://t.co/K7LPcrJwiy",23,27
1399913532930478081,1363855621628465153,korasaju_a,Wed Jun 02 02:19:30 +0000 2021,"Day 2 of #66DaysofData (R2) with @KenJee_DS 

•Reviewed MySQL (SELECT FROM WHERE GROUP BY HAVING ORDER BY), (JOIN, UNION, SUBQUERY), TRIGGERS, INDEX, CASE WHEN) and practiced some intermediate to advanced exercises at StrataScratch
•Started Advanced MySQL by Maven Analytics",0,12
1399907671701131264,969343076442542081,JaimeAAvendano,Wed Jun 02 01:56:12 +0000 2021,"Day 12/13 - R2 of #66DaysofData 

Back to Spark this week. Learned about how bagging works well for Random Forests.

Also, enjoying #SLICED on twitch by @nickwan and @MeganRisdal. It's a live machine learning competition. Highly recommend! New season started today.",1,10
1399906804180537346,1377113586145751042,sustainablersyd,Wed Jun 02 01:52:45 +0000 2021,"I've been lacking so hard!! Days 51-61 of #66DaysOfData with @KenJee_DS have just been filled with Looker dashboards, SQL work and lots and lots of data webinars :) Will be back to tweeting daily until the end of the 66 days",0,16
1399896758965223427,25925939,Dataenergy_DS,Wed Jun 02 01:12:50 +0000 2021,"- Made progress on @datacamp's 'Intermediate SQL' and 'PostgreSQL Summary Stats and Window Functions' courses. 
#66daysofdata #SQL",0,4
1399896756985401344,25925939,Dataenergy_DS,Wed Jun 02 01:12:50 +0000 2021,"Days 25 and 26: 
- Learned how to use Spacy to find Verb + Noun combinations in a given text. 
This technique allowed me to extract the most important requirements for the ""Data Scientist"" role from my database of job postings.
#66daysofdata #NLProc #Spacy #Python",3,10
1399884071711522816,1392958037497892871,AntoneEvansJr,Wed Jun 02 00:22:25 +0000 2021,"#Day24 of #66DaysOfData by @KenJee_DS

A lot of reading and YouTube videos today, I'm hoping to find a solution for my PDF not rendering on the deployed app. https://t.co/CIWSePZDZY",0,6
1399880128415600646,1179254091521941508,jasonvero,Wed Jun 02 00:06:45 +0000 2021,"Days 31 - of #66DaysOfData
Day 11 - of #66DaysOfRunning

Today, I have reviewed DataFrames, Series, and how to read a CSV and how to save a DataFrame to a CSV using Pandas.

I am also entertaining the possibility of transitioning to a Data Analyst role while studying for DS.",0,12
1399875657761447937,734167027997347842,_liamconnors,Tue Jun 01 23:48:59 +0000 2021,"Day 18 of #66daysofdata - continued with the Hands-On ML project chapter, learning about data cleaning, and handling text and categorical attributes",0,9
1399857134846857216,847285694145863682,rflmnaguiar,Tue Jun 01 22:35:23 +0000 2021,"#66daysofdata, 02:
I've watched another video, this time about Python and Google Colab. Python is a programming language heavily used in DataScience and AI.

https://t.co/bNQa2ks1TJ",0,3
1399851277270634505,2384674350,WoleAdewumi,Tue Jun 01 22:12:07 +0000 2021,D16: Studied how to use and write context managers in Python #66daysofdata,0,4
1399842728230412290,1649054340,a_escontrela,Tue Jun 01 21:38:08 +0000 2021,"Day 59 #66daysofdata reading about algorithms. This book is really great to understand some basic concepts of algorithms in an easy way. Love the images, I feel like reading a children's book. https://t.co/g3zF8HLbsu",0,11
1399835164876759042,901324520346091520,Sanskar1531,Tue Jun 01 21:08:05 +0000 2021,"day 36 of #66daysofdata 
Covered linear regression, estimation and hypothesis testing in stats today, was quite interesting. https://t.co/wHo4FLEnDq",0,7
1399834784323473408,929998650,KehalHoussem,Tue Jun 01 21:06:34 +0000 2021,"Day 2⃣4⃣:

I was really productive today! I implemented the KNN imputation for missing values and tried Target Encoding for categorical data.
That's helped me improve my score on iX Mobile Banking Prediction Challenge (from 0.5080 to 0.5104 😅)

#66DaysOfData #MachineLearning",1,8
1399819230355333125,602408175,golubovalex,Tue Jun 01 20:04:46 +0000 2021,"Day 43 of #66daysofdata: learned about importing data into spreadsheets from the 3-rd course of the Google Data Analytics professional certificate program, worked on the EXCEPT in #SQL course on #DataCamp, practiced SQL and #Python basics also on DataCamp.",1,10
1399818281196851206,3435986734,ImprovingSlowly,Tue Jun 01 20:01:00 +0000 2021,"What is the first of June like starting another round of #66daysofdata

To start, I worked on a workbook for the study group I'm helping lead at work. It's on Automate the Boring Stuff. Here is week one:

https://t.co/nbY1H8dWem",0,2
1399817846587158528,793192051588210688,kartikeyzm,Tue Jun 01 19:59:16 +0000 2021,"#66daysofdata Day 5:
Started reading Hands-On Machine Learning with Scikit-Learn, Keras, and TensorFlow by Aurelien Geron.

Will definitely complete this because the first 2 chapters were breathtaking. Highly recommended for beginners.",0,11
1399806687155048448,232069724,rahul40patel,Tue Jun 01 19:14:56 +0000 2021,"Day 11 &amp; 12 of #66DaysOfData

2nd Week of Data Wrangling, Analysis and AB Testing with SQL

- creating a clean dataset
- data types and dependencies
- pipeline
- creating tables according to pipelines
- snapshot table

@KenJee_DS",0,15
1399804824221368320,1389606414474227715,Nobre_Lucas18,Tue Jun 01 19:07:31 +0000 2021,"#66daysofdata, day 9:

Today I started a new course in Kaggle, Data Visualization. I started with an introduction to seaborn and linecharts. I also took the opportunity to apply what I learned to my personal project.",0,10
1399803264636436481,71251893,MirceaMesesan,Tue Jun 01 19:01:20 +0000 2021,Day 29 of #66DaysOfData. Got stuck today on trying to get javascript generated content with requests-html. All of this because I want to create a dataset of tennis matches that includes also match stats. Moving on...,0,6
1399799897180688384,406512519,rohan_kumawat,Tue Jun 01 18:47:57 +0000 2021,"Day 11 of #66daysofdata 
I started exploring FIFA21 Dataset.
I learned more about bar chart options in Plotly.🌈💙",0,4
1399797225501429762,1240953896,asvn90,Tue Jun 01 18:37:20 +0000 2021,"Day 12 of #66daysofdata with @KenJee_DS 

Back from holiday and I watched @365datascience videos on Excel pivot tables. Knew about them, but I never used them &amp; that changed today 💪🏻 https://t.co/0bD0LCVc1v",0,14
1399780388223004676,1369643950395564032,AsgharMarvi,Tue Jun 01 17:30:25 +0000 2021,"Day 24 of my #66daysofdata Created a workflow to be consumed as KNIME's API. This API is use to get sensor data from Arduino MKR IoT device. 

https://t.co/6xpy4RJvDv

#Arduino #KNIME #API #DataScience #IoT https://t.co/t8Uc68RyQF",2,4
1399779511802077188,1051512590445105152,khanh_hab,Tue Jun 01 17:26:56 +0000 2021,"D8 of #66daysofdata 
Got to know about differences between NVL and Coalesce function in Oracle when I faced inconsistent datatype error in my query.

Also first time heard of ANSI standard.",0,10
1399775943351275521,951871594376376320,JackRaifer,Tue Jun 01 17:12:46 +0000 2021,"But now, back on the routine, I decided to do a third round of #66DaysOfData. This time, I wanted to expand my horizons, and to do this, I thought it a good idea to dedicate this round to reading and commenting, articles, papers and more.

More 👇👇👇",0,7
1399775941740613637,951871594376376320,JackRaifer,Tue Jun 01 17:12:45 +0000 2021,"Another round of #66DaysOfData with @KenJee_DS???
I have been a bit disconnected for the last few weeks, the reason is simple, my wife and I decided to make a big move (will tell you more about this later) and have been dealing with all of what that implies.

More 👇👇👇",0,10
1399773745322106882,46960309,arshaq,Tue Jun 01 17:04:02 +0000 2021,"Day 1 Summary:
Got done with Python Crash Course (actually, went right to the exercises). Excited to get into Data Science sections from tomorrow. #66daysofdata",1,6
1399773421924458505,46960309,arshaq,Tue Jun 01 17:02:44 +0000 2021,"I came across #66daysofdata and decided to give it a go.

I would be starting with @udemy's course (Python for Data Science). Let's go!",1,6
1399773254680723456,2149586883,vperez2000,Tue Jun 01 17:02:05 +0000 2021,"#66daysofdata #R3 #Day35 by @KenJee_DS
@DataCamp DS track

Moving slow, slow 🐌 🐌 🐌
Starting with discovering interpretable features module from Unsupervised Learning, close to complete ... how long will take 😅",0,7
1399769284075737093,1356609984163889154,jo_grammer,Tue Jun 01 16:46:18 +0000 2021,"Day 15 R2 #66daysofdata 

Python practice/Snake Game
✅Animating Snake segments on screen 
✅Create Class &amp; Move to OOP 
✅Setting control of snake w/ Keypress 

DS Bootcamp 
✅Intro to regression analysis

Neural Networks with TensorFlow on FreeCodeCamp

https://t.co/SFcAwqk5El",1,11
1399764037320204296,1607658019,_koredehassan,Tue Jun 01 16:25:27 +0000 2021,"Day 9 of #66daysofdata 

I learnt about pipelines from sklearn's official documentation

I also read this article on pipelines on @TDataScience : https://t.co/UrIcUqVInh

Finally, I read an answer on @StackOverflow about the difference between Pipeline() and make_pipeline()",0,3
1399738411192180741,3041718695,suminohh,Tue Jun 01 14:43:37 +0000 2021,"It also got me playing in R.

I've mostly learned R through video tutorials but I was taking the lead this time with my own dataset and once again, Googling my way through. 

📅 Day 16 of #66daysofdata",0,5
1399732642107514880,1269417562317651970,ParzyDev,Tue Jun 01 14:20:42 +0000 2021,"#66daysofdata, Day 1 (31/05/2021):

I started to learn the basic functions of the Pandas python library and, throughout the week, I want to learn more and more about it and practice my knowledge doing exercises.",2,9
1399731065657327623,2352929006,akira_rafhael,Tue Jun 01 14:14:26 +0000 2021,"Day 46 : Reviewed pandas a bit

#66DaysOfData",0,2
1399670884726493184,1490048826,vikram__krishna,Tue Jun 01 10:15:18 +0000 2021,"Day: 1-3 of #66daysofdata
Completed week-1 of #8weekSQLchallenge. 
@DataWithDanny  Thanks much for creating this case study. 
Looking forward to week-2.",0,6
1399663028547690497,4422261493,inder1996singh,Tue Jun 01 09:44:05 +0000 2021,"Day 19,20 of #66daysofdata : 
- was feeling drained out so took the weekend off. 

Day 21 :
- worked extensively on week 2 challenge of https://t.co/VpQtyfIHzB 
(1 section left) 😣",0,6
1399628542326054913,554435225,hmatalonga,Tue Jun 01 07:27:02 +0000 2021,"Day 52 of #66DaysofData. I listened to the @DataTalksClub podcast episode: What I Learned After Interviewing 300 Data Scientists. I highly recommend it.

https://t.co/6LNkV92Gc6 https://t.co/V6Kbwu9anU",6,32
1399626133658750981,1392381742317703168,moondaawg,Tue Jun 01 07:17:28 +0000 2021,"Day 1: Starting with revising some python basics and learning some new concepts from kaggle resources.
#Day1 #66daysofdata #Python #kaggle https://t.co/YcpJxqbJKH",3,14
1399621873776967680,1324652185964204033,meyke9976,Tue Jun 01 07:00:33 +0000 2021,"Day 140 of #66daysofdata by @KenJee_DS 
Read some more MS learn modules in preparation of the three-day course I am taking from today on. Looking forward.",0,15
1399612625462251524,209191879,bhatnagarkush,Tue Jun 01 06:23:48 +0000 2021,"Day 109-117/R2 of #66daysofdata : Spend time on Deep Learning basics, understanding architecture of CNN, RNN and their main use cases. Also, attended @awscloud conference for SageMaker new features
 #MachineLearning #DeepLearning #DataScience #AWSCommunity",1,4
1399589066841133058,397272525,shatandv,Tue Jun 01 04:50:11 +0000 2021,"Day 147 of #66DaysOfData:
- Attended a webinar on recommendation systems! Got to know the recommendation and ranking metrics a little bit better.",0,12
1399588059578978307,1670570930,gauravgulati9c,Tue Jun 01 04:46:11 +0000 2021,"Progress update!
Day 2 - Studied about the optimizers in Deep Learning and the maths behind them

Day 3 - Practical implementation of the optimizers and error functions on a sample data set
#66daysofdata #MachineLearning",0,6
1399572647827050500,1276070101196795904,thinam_,Tue Jun 01 03:44:56 +0000 2021,"💻Natural Language Inference is a study where a hypothesis can be inferred from a premise where both are a text sequence. 

📒In case you want to see the Notebook with proper documentation is here: https://t.co/sWqYCDcmIE

#66daysofdata #MachineLearning #DeepLearning https://t.co/ijgSmlzKWd",0,8
1399564033624268805,2238460753,KennethB23,Tue Jun 01 03:10:42 +0000 2021,"#66daysofdata day 17 completed to wrap up May.
Today I had some trouble with where vs having clauses, so I revisited the lesson and wrote some more queries in #MySQL for practice.",0,9
1399549644368232450,1291243974611668992,pristdata,Tue Jun 01 02:13:32 +0000 2021,"Day66of #66daysofdata:
Once again exercises to practice version control skills (Git) and also data prep with SQL+SSIS. It's been so fun and motivating. Thank you @KenJee_DS and all the community. I'll try to continue tweeting anything helpful for you guys. Love and best wishes 😁",0,39
1399538773218586626,1369840035726581766,DustinVo10,Tue Jun 01 01:30:20 +0000 2021,"Day 8 #66daysofdata 05/31/2021

Do some Pandas Exercise
#Sorting 
#Grouping
#Apply apply, applymap, create function
#Merge: append, stack",0,7
1399522037002031104,1389606414474227715,Nobre_Lucas18,Tue Jun 01 00:23:50 +0000 2021,"#66daysofdata, day 8:

Today I studied a little bit about renaming columns and indexes in DataFrames and Series from the Pandas library and about combining DataFrames. With that, I finished the basic Kaggle Pandas course😁 https://t.co/hr1eBniyMx",1,6
1399518475199131666,2384674350,WoleAdewumi,Tue Jun 01 00:09:40 +0000 2021,D15: Picked up a few best practices from @datacamp for writing functions in Python #66daysofdata,0,6
1399507434310406152,1392958037497892871,AntoneEvansJr,Mon May 31 23:25:48 +0000 2021,"#Day23 of #66DaysOfData by @KenJee_DS
- Commented the heck out of my code
- Created the below image with labels for the home page
- Added folder creation and file download to allow streamlit access once deployed https://t.co/sSojVQ031h",0,10
1399503587575844865,1179254091521941508,jasonvero,Mon May 31 23:10:31 +0000 2021,"Days 30 - of #66DaysOfData
Day 10 - of #66DaysOfRunning

Completed Kaggle's Intro to Machine Learning course and moved on to a course on Pandas. Overall, the material feels well paced, and I am enjoying it.

Also, my legs feel like jelly.",0,18
1399499922983075849,602408175,golubovalex,Mon May 31 22:55:57 +0000 2021,"Day 42 of #66daysofdata: learned about metadata from the 3-rd course of the Google Data Analytics professional certificate program, worked on the INTERSECT in #SQL course on #DataCamp, practiced SQL and #Python basics also on DataCamp.",1,13
1399485191433957380,929998650,KehalHoussem,Mon May 31 21:57:25 +0000 2021,"Day 2⃣3⃣

Discover new techniques for imputing missing KNN Imputer and Multiple Imputations by Chained Equations (MICE).
I face some problems installing fancyimpute library on Google Colab so I end up working with the sklearn.impute module.

#66DaysOfData #MachineLearning",1,10
1399481238340063234,1266599735881687040,ChinWuChen1,Mon May 31 21:41:42 +0000 2021,D50 #66daysofdata - continuing on learning visualization. Bumped into some installation problems and incompatible packages and googled around for hours. Tired but learned more about various stuff along the way!,0,8
1399480931698753538,1352186511433805824,balalaikagrunge,Mon May 31 21:40:29 +0000 2021,"Day 25 of #66daysofdata
Finally cleaned up my machine learning notebook and ran optuna to tune the hyperparameters for my best three models. Now to analyse the data in a bit more detail as I've noticed there's a lot of inconsistencies.",1,11
1399470701199908866,1360727881,kanapankey,Mon May 31 20:59:50 +0000 2021,"I finished the programming course and the #66daysofdata, albeit skipping a few days here and there.
The course made me realize how much I enjoy the programming piece of data science. So, I’m going to follow that rabbit hole and see where it leads. Thus, next up is #100DaysOfCode.",1,11
1399466369125687307,1649054340,a_escontrela,Mon May 31 20:42:37 +0000 2021,"Day 58 #66daysofdata continue working on Redshift, doing some changes in user policy to load the data from a notebook and fixing some errors in queries to copy the data into fact and dimension tables",0,16
1399466271280820226,901324520346091520,Sanskar1531,Mon May 31 20:42:14 +0000 2021,"day 35 of #66daysofdata 
Continued with multivariate distribution including Poisson, Normal, Exponential, and chi. Worked on some examples for the same.",0,7
1399456099334606858,71251893,MirceaMesesan,Mon May 31 20:01:49 +0000 2021,"Day 28 of #66DaysOfData. Went even deeper with BeautifulSoup, optimising the code and getting more insights from the html website. Did you see @rogerfederer win 1st round @rolandgarros?",0,6
1399451399365214214,397272525,shatandv,Mon May 31 19:43:08 +0000 2021,"Day 146 of #66DaysOfData:
- Finished integrating an ML model I trained into a Dockerized Flask REST API. It would be cool to attach a Streamlit frontend to this now.",0,20
1399435961172324364,406512519,rohan_kumawat,Mon May 31 18:41:48 +0000 2021,"Successfully, done with 10 days of R2 #66daysofdata 😊
Thank you @KenJee_DS 🌈
Second time is more fun💙",0,5
1399435434552291331,406512519,rohan_kumawat,Mon May 31 18:39:42 +0000 2021,"Day 10 of #66daysofdata 
I started working on the NLP blog.
I again looked at plotly’s basic concepts So that I can move forward with a project.",0,6
1399430064060604417,781509464977387520,simply_sumanth,Mon May 31 18:18:22 +0000 2021,"#6 of #66daysofdata
-&gt; started working on kaggle problem- housing and went thru few kernels.
-&gt; learnt a great deal about EDA from #1 in most voted - kernel (best🔥)

To do:
-&gt; will be continuing kaggle 
-&gt; start with ch-6 of hands ml book

@KenJee_DS  @mrdbourke keep inspiring!",0,13
1399417914403393548,554435225,hmatalonga,Mon May 31 17:30:05 +0000 2021,"Day 51 of #66DaysofData. I read an interesting article about emerging architectures for modern data infrastructures.

https://t.co/noeRFFPuUB https://t.co/2B96DmMRGg",0,7
1399417688322019329,1051512590445105152,khanh_hab,Mon May 31 17:29:11 +0000 2021,"D7 of #66daysofdata 
10 mins reading on Boolean and Conditionals
&gt; 20 mins discussed algorithm complexity, just general concept, but useful",0,13
1399409209356296201,1369643950395564032,AsgharMarvi,Mon May 31 16:55:29 +0000 2021,"Day 20 of my #66daysofdata challenge. Completed my first project of SEO Keyword Search Analysis in KNIME.

https://t.co/4Jyrm5D3Jh

#KNIME #SEO #DataScience https://t.co/KMC6HLQtNH",1,3
1399405029723934727,1369643950395564032,AsgharMarvi,Mon May 31 16:38:53 +0000 2021,"Day 18 of my #66daysofdata challenge. Extracting URLs of Google Custom Search results in KNIME. 

https://t.co/ODZ9pPcoyw

#ML #DataScience #KNIME https://t.co/3pJ7STnGwH",0,5
1399403472655618054,1369643950395564032,AsgharMarvi,Mon May 31 16:32:42 +0000 2021,"Day16 of my #66daysofdata challenge, consumed Google Custom Search API into KNIME. 

https://t.co/6qIJPujm17

#KNIME #ML #DataScience https://t.co/WXJwNv4It7",2,5
1399398403558227970,1607658019,_koredehassan,Mon May 31 16:12:33 +0000 2021,"Day 8 of #66daysofdata

Read @ThePSF 's official Tutorial on scopes, namespaces, classes, inheritance, iterators and generators.

Also watched @KenJee_DS 's video on data cleaning: https://t.co/mJFJbC6xyL",0,8
1399387431888207884,1356609984163889154,jo_grammer,Mon May 31 15:28:57 +0000 2021,"Day 14 R2 #66daysofdata 

DS bootcamp 
✅Python Functions, Sequences
✅Advanced Stats w/ Python
✅Linear Reg w/ Statistics models 

Python coding / snake Game 
✅score board 
✅detect collisions with food
✅ detect collision with wall

👇

https://t.co/W2584Hviai",0,14
1399379681313366028,1363855621628465153,korasaju_a,Mon May 31 14:58:09 +0000 2021,"Day 1 of #66DaysofData (R2) with @KenJee_DS 

•Learned the causes and impact of Missing Values as well as its types. 
•Also learned some of the “When to Impute Missing Values...” scenarios 
•Worked on a very dirty dataset (FIFA 19) 
•Learned OLS (also OLS assumptions)",0,21
1399371442614063108,25925939,Dataenergy_DS,Mon May 31 14:25:25 +0000 2021,"Day 25: working on parts of speech tagging (pos) for text in Spanish using NLTK and Spacy 
 #66daysofdata",0,7
1399368593716908039,1349784891269865472,ArchitS31223139,Mon May 31 14:14:06 +0000 2021,"Hello everyone, sorry for inactive on twitter because there is a interview procedure that is going on and i am preparing for it and finally i got selected as a data scientist at sdc company which is located in Saudi Arabia.

#DataScience #66daysofdata",0,6
1399366836320235526,1347561005329514498,sydteo,Mon May 31 14:07:07 +0000 2021,"Day 13, 14 of #66daysofdata 
Read up about sessionalization and learnt that there’s 2 types - Reactive and Dynamic. I also learnt more abt data structures such as a benefit Linked List have over arrays is that it is much easier to increase/decrease in size as the program runs.",0,15
1399363897258254340,2352929006,akira_rafhael,Mon May 31 13:55:26 +0000 2021,"Day 44 &amp; 45 : Didn't do much. Focusing more on college assignments this week. Read an article on Skewness and Kurtosis

#66DaysOfData
https://t.co/xWnjkMIQ5i",0,5
1399347243434401793,1137782574036635649,thedataprof,Mon May 31 12:49:16 +0000 2021,"Hi friends, Kurtis wrote a great blog post talking about what it takes to be a machine learning engineer.
Essential Skills For Machine Learning Engineers by @KurtisPykes in @TDataScience https://t.co/nK8qsRj8Vp

#66daysofdata #100daysofcode #machinelearning #datascience",4,15
1399342204032798722,1158440148930981888,DeepnoteHQ,Mon May 31 12:29:14 +0000 2021,"Why does @KenJee_DS advocate for project-based learning? 🏗️

On Ep6 Deep in Data, @elizabeth_dlha interviewed Ken about his journey into sports analytics &amp; @YouTube, how he built #66DaysOfData, his advice for learners, data science consultants and more. Full episode out tomorrow! https://t.co/gOwPKYnTNm",3,12
1399341477231153156,1137782574036635649,thedataprof,Mon May 31 12:26:21 +0000 2021,"Hi friends, check out Khuyen’s blog on how you can draw for #datascience
How to Sketch your Data Science Ideas With Excalidraw by @KhuyenTran16 in @TDataScience https://t.co/VT9FcS7823
#66daysofdata",2,15
1399336946577534977,1276070101196795904,thinam_,Mon May 31 12:08:21 +0000 2021,"💻Natural Language Inference is a study where a hypothesis can be inferred from a premise where both are a text sequence. 

📔 In case you want to see the Notebook with proper documentation is here: https://t.co/jEnqq2wo1I

#66daysofdata #MachineLearning #DeepLearning https://t.co/HnriiiuSrh",2,3
1399311573961818116,602408175,golubovalex,Mon May 31 10:27:31 +0000 2021,"Day 41 of #66daysofdata: completed one more week of the 3-rd course of the Google Data Analytics professional certificate program, worked on the UNION and UNION ALL in #SQL course on #DataCamp, practiced SQL and #Python basics also on DataCamp.",1,15
1399266155928371201,554435225,hmatalonga,Mon May 31 07:27:03 +0000 2021,"Day 50 of #66DaysofData. I found this excellent repository about #DataScience in production.

https://t.co/dovqIY249u https://t.co/ktZ77duKSm",5,12
1399253121189220352,1324652185964204033,meyke9976,Mon May 31 06:35:15 +0000 2021,"Day 139 of #66daysofdata by @KenJee_DS 
After a short break, I continued with the disaster tweets dataset from @Kaggle. I mostly looked for inconsistent classifications and fixed them where possible... unfortunately, this did not improve my leaderboard ranking... https://t.co/0rDfWRvcpV",0,23
1399196411304890371,406512519,rohan_kumawat,Mon May 31 02:49:54 +0000 2021,"Day 9 of #66daysofdata 
I looked more on how to make Dashboards using Python.",0,2
1399195931397001221,2238460753,KennethB23,Mon May 31 02:48:00 +0000 2021,"#66daysofdata day 16:
practice writing more aggregate functions queries in #MysQL and learned about the differences between the having &amp; where clauses.",0,6
1399195613388886017,1267805283511750660,Binal_BP,Mon May 31 02:46:44 +0000 2021,"Day 25: #66DaysOfData 

Read a chapter from the hands on ML book. I will start working on applying the material to a dataset.",0,7
1399166152622809090,1137782574036635649,thedataprof,Mon May 31 00:49:40 +0000 2021,"Hi friends, I just published in @TDataScience How to Build your FIRST Machine Learning Model in Python https://t.co/vPYGHnQFkA 

#66daysofdata #100daysofcode #datascience #machinelearning #data https://t.co/A0AX5oeeIV",13,21
1399161982725537792,734167027997347842,_liamconnors,Mon May 31 00:33:06 +0000 2021,Day 17 of #66daysofdata - continued reading from yesterday. Focused on training and test sets and visualisation with pandas plot,0,9
1399161593443852288,2384674350,WoleAdewumi,Mon May 31 00:31:33 +0000 2021,D14: Picked a few tips on how to write documentation for Python projects from @DataCamp #66daysofdata,0,12
1399157573593583620,1389606414474227715,Nobre_Lucas18,Mon May 31 00:15:35 +0000 2021,"#66daysofdata, Day 7:

I watched an introductory video to statistics.",0,9
1399155341452001283,1392958037497892871,AntoneEvansJr,Mon May 31 00:06:43 +0000 2021,"#Day22 of #66DaysOfData by @KenJee_DS 

- Connected backend files
- Connected backend and UI
- Added validations within the UI https://t.co/tUsj54I4Xh",0,8
1399154174697381888,1291243974611668992,pristdata,Mon May 31 00:02:04 +0000 2021,"Day 65 of #66daysofdata:
I've been searching for a new ds job for the last few weeks (and today). Thought it'd be nice to share what I've learned. 
Some job positions labelled as Data Scientist are just that, but others are actually a mix of DS + Data analyst or DS +Engineering⬇️",0,20
1399153434469801986,397272525,shatandv,Sun May 30 23:59:08 +0000 2021,"Day 145 of #66DaysOfData:
- Studied some Ansible basics - inventory, playbooks. Set up a VM lab environment, played around with controlling a target VM from a controller one,
- Started integrating an ML model I trained into a Dockerized Flask REST API.",0,17
1399150892662747141,793192051588210688,kartikeyzm,Sun May 30 23:49:02 +0000 2021,"#66daysofdata Day 4:
Pandas plotting, relations etc.",0,5
1399140155718615044,1207501893582442496,HeliBaez11,Sun May 30 23:06:22 +0000 2021,"Day 4️⃣5️⃣ of #100DaysOfCode 👨🏽‍💻
Leaning how to join two or more DataFrames📊🔄📊. @DataCamp

Soon I will live on this 💪🏽

#66daysofdata #pandas #Python https://t.co/UE0G6YmxnX",7,17
1399133014735654919,1179254091521941508,jasonvero,Sun May 30 22:38:00 +0000 2021,"Day 29 - of #66DaysOfData 
Day 9 - of #66DaysOfRunning 

Went through my machine learning notes and created flashcards from https://t.co/ukl0BHrKLe to assist with studying. 

It's been helpful as it is helping cut through the fluff I seem to accumulate when I type notes.",0,15
1399129935147679746,969343076442542081,JaimeAAvendano,Sun May 30 22:25:45 +0000 2021,"Day 11 - R2 of #66DaysofData 

Continued with Tableau today, following the #SuperDataScience course. So far, all these are following the instructions, but it's nice to have something on my dashboard now:

https://t.co/37ZW8ubdsn",0,8
1399124199294255106,1649054340,a_escontrela,Sun May 30 22:02:58 +0000 2021,"Day 56 &amp; 57 #66daysofdata I did some SQL mock interview from course of Tina Huang and playing around with Redshift, creating roles and cluster using AWS UI and also using SDK to create them from a notebook for the ETL project done before on premise",0,15
1399123907093860364,71251893,MirceaMesesan,Sun May 30 22:01:48 +0000 2021,"Day 27 of #66DaysOfData. Today was the 1st day of the French Open (#rolandgarros2021 ). Searched around for some up-to-date datasets, but none found. Web-scrapped the roland-garros website to get some real data. It was fun.",0,5
1399120745746374658,929998650,KehalHoussem,Sun May 30 21:49:14 +0000 2021,"Day 2⃣2⃣:

Features selection 🤯🤯.
I spend the day looking for the best combination of features for my model, but all the effort was in vain 😅.

#66DaysOfData #MachineLearning #DataScience",4,13
1399109443141345284,1266599735881687040,ChinWuChen1,Sun May 30 21:04:20 +0000 2021,D49 #66daysofdata - learning about visualization using folium and plotly.,0,8
1399102222365913090,554435225,hmatalonga,Sun May 30 20:35:38 +0000 2021,"Since the beginning of the year, @Kaggle launched a Tabular Playground Series competition where each month features a different tabular dataset. It is a great way to practice and try out alternatives to the classic beginner competitions datasets.

#66DaysofData @KenJee_DS",0,10
1399093230030012421,554435225,hmatalonga,Sun May 30 19:59:54 +0000 2021,"Day 49 of #66DaysofData. Revamped my website, creating a work journal and published a blog post about the titanic challenge.

#DataScience #MachineLearning

https://t.co/5N4ghTB0e0",2,8
1399091788015566848,901324520346091520,Sanskar1531,Sun May 30 19:54:10 +0000 2021,"day 34 of #66daysofdata 
Read about expectation and variance in stats followed by distributions of discrete RVs.",0,10
1399089439276601345,901324520346091520,Sanskar1531,Sun May 30 19:44:50 +0000 2021,"day 33 of #66daysofdata 
Continued with statistics, practiced discrete RV, probability distributions, moment and moment generating functions.",0,9
1399066189276475392,781509464977387520,simply_sumanth,Sun May 30 18:12:27 +0000 2021,"Day #5 of #66daysofdata 
Wasn't much of a productive day.
* Completed one sub-module @DataCamp - Hyperparameter tuning, was great.
* Read few blogs about data visualization especially boxplot

To do:
- Still gotta make new (better) kaggle submission
- continue @DataCamp track",0,9
1399065475502546947,1352186511433805824,balalaikagrunge,Sun May 30 18:09:37 +0000 2021,"Day 24 of #66daysofdata
Lazy Sunday today. Read a few chapters of The Art of Statistics. The author asking the real questions. https://t.co/iGmd41wrep",0,14
1399056584890781704,1361227694889967616,dataQueen_pend,Sun May 30 17:34:17 +0000 2021,"D37 R2 of #66daysofdata

Ooo! Slow down, girl! 
I've managed to done today:
➡️ Exercises for merge_asof()
➡️ Selecting data with .query()*

And I'd gladly push forward to finish ✨ Joining data with 🐼✨, but no.
Slow. 

*..the last one is my fav ❤️ from this last module. https://t.co/l8IX7Wnyly",0,20
1399051919687966725,1051512590445105152,khanh_hab,Sun May 30 17:15:45 +0000 2021,"D6 of #66daysofdata 
It's been one pretty hectic week, couldn't spend the weekend to learn statistics fundamentals as planned. 

Instead, I practiced with a couple of exercises on Python functions, which was, from my point of view, more fun than mathematical formulas.",1,24
1399043115223298055,1607658019,_koredehassan,Sun May 30 16:40:46 +0000 2021,"Day 7 of #66daysofdata 

I finished the ""intro to machine learning"" microcourse on kaggle and watched @KenJee_DS 's video on ""How to ultralearn Data Science""

https://t.co/9Nn6wI92JA",1,11
1399040754870218752,1322620958327255040,Datavisz,Sun May 30 16:31:23 +0000 2021,Day 59 of #66daysofdata : Statistics continued.,0,16
1399035698955505664,1310565371389177858,R1SE_823,Sun May 30 16:11:18 +0000 2021,"R2 Day2 of #66daysofdata 
- Created a notebook on Kaggle 
https://t.co/oEf8AFv0QS
#pycaret #automl #datasci",0,5
1399031101239095300,1670570930,gauravgulati9c,Sun May 30 15:53:01 +0000 2021,"I am starting out with the #66daysofdata challenge by 
@KenJee_DS.
Day 1, learned about the different error functions for Classification and Regression problems.",0,22
1399022782030106624,3041718695,suminohh,Sun May 30 15:19:58 +0000 2021,"^ 📅 Day 15 of #66daysofdata 

The presentation was for a research proposal, which is one of my final assignments. I plan to try out the analysis after my semester!",0,8
1399016445049065477,1329313525974532097,AyubRasool14,Sun May 30 14:54:47 +0000 2021,"Day 50/66: went thru the 3rd week of the 2nd course in Google data analytics. Also, Managed to go thru Nominal encoding techniques and Ordinal encoding techniques to handle categorical values. #66daysofdata",0,12
1398984552648003590,1356609984163889154,jo_grammer,Sun May 30 12:48:03 +0000 2021,"Day 13 R2 #66daysofdata 

Taking the day off.

A hike, a Maté, eat my Avocados, laugh at my own jokes. 

Happy Sunday folks ✌ https://t.co/V1x8Ufn8nm",0,19
1398983406898253832,1352186511433805824,balalaikagrunge,Sun May 30 12:43:30 +0000 2021,"Day 23 of #66daysofdata
Working on my time series assignment. Trying to figure out functional programming with R. Breaking my brain with it, but getting somewhere.",1,14
1398939489553326080,602408175,golubovalex,Sun May 30 09:49:00 +0000 2021,"Day 40 of #66daysofdata: completed 2,5 weeks of the 3-rd course of the Google Data Analytics professional certificate program, worked on the Cross Joins in #SQL course on #DataCamp, practiced SQL and #Python basics also on DataCamp.",1,10
1398911998121947136,232069724,rahul40patel,Sun May 30 07:59:45 +0000 2021,"Day 8, 9 &amp; 10 of #66DaysOfData

Completed 1st Week of Data Wrangling, Analysis and AB Testing with SQL

- identifying unreliable data
- answering the ambiguous questions

@KenJee_DS",0,19
1398905571626061828,1324652185964204033,meyke9976,Sun May 30 07:34:13 +0000 2021,"Day 138 of #66daysofdata by @KenJee_DS 
Sailing was great fun yesterday ⛵️ really happy the weather is a bit better over here :) I read some @MicrosoftLearn modules in the car on my way back home. They are for the DP100 course that I will take later this week.",0,24
1398897726029320194,1322620958327255040,Datavisz,Sun May 30 07:03:02 +0000 2021,Day 58 of #66daysofdata: Revised statistics concepts from khan academy.,0,13
1398837484725932033,2238460753,KennethB23,Sun May 30 03:03:40 +0000 2021,"#66daysofdata day 15
#mysql more aggrigate functions exercises",0,7
1398834964746096646,734167027997347842,_liamconnors,Sun May 30 02:53:39 +0000 2021,"Day 16 of #66daysofdata - busy day, but started reading Hands-On Machine by Aurélien Géron. Really great book",0,14
1398830323195019264,781509464977387520,simply_sumanth,Sun May 30 02:35:12 +0000 2021,"Day #4 of #66daysofdata 
- learnt 2 modules from ML scientist track on @DataCamp 
- attempted kaggle problem- advanced house price predict, got around 10k place in leaderboard 😂
To do:
- continue @DataCamp
- improve kaggle solution
- ch-6 of hands ml book

Any other Suggestion?",0,10
1398811240789598208,969343076442542081,JaimeAAvendano,Sun May 30 01:19:23 +0000 2021,"Day 10 - R2 of #66DaysofData 

Went back to last week's NFL Data Analysis to try regression. As I expected, I don't have enough data. I actually got a negative R2 on one of the models, which I didn't realize was possible. So I learned that today.😅",0,15
1398802836301942790,25925939,Dataenergy_DS,Sun May 30 00:45:59 +0000 2021,"Days 22 and 23 of #66daysofdata:

Completed Datacamp's 'Database Design' Course",0,13
1398801653827096577,1389606414474227715,Nobre_Lucas18,Sun May 30 00:41:17 +0000 2021,"#66daysofdata, day 6:

Today I watched introductory videos on Machine Learning.",1,15
1398800082477088771,1369840035726581766,DustinVo10,Sun May 30 00:35:02 +0000 2021,"Day 7 #66daysofdata 05/29/2021
Play around with matplotlib and watch some videos about data science in finance and quant.",1,16
1398799945885487105,1179254091521941508,jasonvero,Sun May 30 00:34:30 +0000 2021,"Day 28 - of #66DaysOfData

Moving on with lessons, I am now familiarizing myself with the concept of Random Forest models.

Today also notates Day 8 of #66DaysOfRunning 🏃‍♂️
In an effort to build running into a long lasting habit, I will begin tracking it alongside my studies!",0,22
1398791379233411075,1392958037497892871,AntoneEvansJr,Sun May 30 00:00:27 +0000 2021,"#Day21 of #66DaysOfData by @KenJee_DS 
- Connected to the Google dictionary API
- Wrote data to a PDF file

As you can tell from the screenshot below, I've been using dummy data. https://t.co/QEJ1UkCT5c",0,10
1398777121032478720,793192051588210688,kartikeyzm,Sat May 29 23:03:48 +0000 2021,"#66daysofdata Day 3: 
Revised SQL basics and started solving #hackerrank challenges. Will get to 400 points in that as well. :)",0,12
1398765923578920960,929998650,KehalHoussem,Sat May 29 22:19:18 +0000 2021,"Day 2⃣1⃣:

Today I've finished Winning a Kaggle Competition in Python course on @DataCamp.
Now it's time to return to Google Colab 😅.

#66daysofdata #MachineLearning #DataScience",7,11
1398765656108056577,2384674350,WoleAdewumi,Sat May 29 22:18:14 +0000 2021,D13: Addressed all bugs from yesterday and improved the efficiency of my on-going project #66daysofdata,0,7
1398735797407338499,1008234306609741824,ShenghongZhong,Sat May 29 20:19:36 +0000 2021,"Really, data science projects sometimes involve massive knowledge building process.

Building my EDA.
#datascience #66daysofdata https://t.co/DImNDehUlZ",1,4
1398725672265265155,1356609984163889154,jo_grammer,Sat May 29 19:39:21 +0000 2021,"Day 12 R2 #66daysofdata 

Kaggle ML course DecisionReg +  analysis of Melbourne Housing Data 
Python coding Practice w/ the snake game using Turtle module + screen size + exitonclick() + snake color + screen limits 
365 DS bootcamp continued w/ python section on basic syntax",0,11
1398713759904911362,1137782574036635649,thedataprof,Sat May 29 18:52:01 +0000 2021,"Hi friends, I just published a @Streamlit tutorial on @Medium in @TDataScience How to Build an EDA App in Python https://t.co/KT0a5GkvyE 

#66daysofdata #datascience #machinelearning #eda #streamlit #100daysofcode #data https://t.co/4imLZ8Bof8",13,32
1398708277681164290,406512519,rohan_kumawat,Sat May 29 18:30:14 +0000 2021,"Day 8 of #66daysofdata 
I didn't do much today as I got my First vaccination done. 
I basically learnt how to make dashboards using Python.👾🌈",0,6
1398704401435357186,901324520346091520,Sanskar1531,Sat May 29 18:14:50 +0000 2021,"day 32 of #66daysofdata 
Did not start with simplex instead started statistics. Looked into basics of sampling, probability (conditional), and counting techniques.",0,6
1398699452186066947,1392381742317703168,moondaawg,Sat May 29 17:55:10 +0000 2021,"Starting the journey of learning how we can leverage the power of data in different fields be it business, sports industry or how it affects our life. #66daysofdata #techtwitter #DataScience #day0 #sportsanalytics https://t.co/5xO74KqG8p",7,62
1398690386164453376,1361227694889967616,dataQueen_pend,Sat May 29 17:19:09 +0000 2021,"D36 R2 of #66daysofdata

Started slow today(after my rest), to not overwhelm myself.

Last chapter of Joining data with 🐼
✨ Merging ordered and Time-Series Data
➡️ merge_ordered() method
➡️ merge_asof() method - only theory

Done for today! 
And now I'm going to build my.. https://t.co/HijYYHp1t7",0,18
1398683986558296067,1329313525974532097,AyubRasool14,Sat May 29 16:53:43 +0000 2021,Day 49/66: learned about Gradient boost and Adaboost. I am still slightly confused. Shall learn more about it tmr. #66daysofdata,0,15
1398679953835692033,1607658019,_koredehassan,Sat May 29 16:37:41 +0000 2021,"Day 6 of #66daysofdata

Pretty light day of learning

I started @Jobbermandotcom ' s soft skills course and covered some modules in @kaggle 's ""Intro to Machine Learning"" microcourse",1,5
1398666297001472004,1347561005329514498,sydteo,Sat May 29 15:43:25 +0000 2021,"Day 12 of #66daysofdata 
I finished watching a 3 hour MySQL tutorial for beginners by @moshhamedani which was really helpful!",0,29
1398658389194932227,2352929006,akira_rafhael,Sat May 29 15:12:00 +0000 2021,"Day 43 : Looked into Pedro Marcelino's notebook on data exploration on Kaggle
#66DaysOfData
https://t.co/amsoC1dLL2",0,8
1398623091215974404,71251893,MirceaMesesan,Sat May 29 12:51:44 +0000 2021,Day 26 of #66DaysOfData. Discovered a great article/tutorial on matplotlib. I think data without visualization is weak. https://t.co/puAiSzkmZS,2,9
1398596478264877058,734167027997347842,_liamconnors,Sat May 29 11:05:59 +0000 2021,Day 15 of #66daysofdata - read some articles and watched some videos about NumPy. Finished the article I was working on and put the Notebook on GitHub,1,13
1398596271099703303,1276070101196795904,thinam_,Sat May 29 11:05:10 +0000 2021,"💻 Text Convolutional Neural Network Model

📔 In case you want to see the Notebook with proper documentation is here : https://t.co/J9A4pCBL4x

#MachineLearning #DeepLearning #66daysofdata https://t.co/S4Wm9SE3uf",3,9
1398578857976991744,1649054340,a_escontrela,Sat May 29 09:55:58 +0000 2021,"Day 54 &amp; 55 #66daysofdata more SQL, practicing some queries, cte and window functions and watching another portfolio project video of Alex the Analyst",0,14
1398553232142651394,602408175,golubovalex,Sat May 29 08:14:09 +0000 2021,"Day 38 &amp; 39 of #66daysofdata: started the 3-rd course of the Google Data Analytics professional certificate program, worked on the Full Joins in #SQL course on #DataCamp, practiced SQL and #Python basics also on DataCamp.",0,15
1398549511207858176,397272525,shatandv,Sat May 29 07:59:21 +0000 2021,"Day 144 of #66DaysOfData:
- Played around with geotiles, wrote a script to upscale them,
- Read a bit about using pre-trained CNNs for transfer learning,
- Started learning Ansible.",1,16
1398526738011881473,1329313525974532097,AyubRasool14,Sat May 29 06:28:52 +0000 2021,Day 48/66: applied Random forest on the kaggle Stroke data. Planning to look into other ML techniques to get better accuracy. #66daysofdata,0,10
1398489196336123908,2238460753,KennethB23,Sat May 29 03:59:41 +0000 2021,"Day 14 of #66daysofdata in the books!
Got some practice writing select distinct, order by, group by and alias query exercises",0,6
1398476414341496832,2384674350,WoleAdewumi,Sat May 29 03:08:54 +0000 2021,D12: Spent the most part trying to fix bugs in my code #66daysofdata https://t.co/CCk2iWePTt,0,7
1398473318789963776,1389606414474227715,Nobre_Lucas18,Sat May 29 02:56:36 +0000 2021,"#66daysofdata, Day 5:

Today I did some exercises on Creating, Reading and Writing pandas DataFrames and Series.",0,11
1398458247099555840,1369840035726581766,DustinVo10,Sat May 29 01:56:42 +0000 2021,"Day 6 #66daysofdata 05/28/2021
Play around with pygame lib, open, read, write a file on python.
TMR plan: matplotlib and visualization.",1,10
1398455769738194945,2149586883,vperez2000,Sat May 29 01:46:52 +0000 2021,"#66daysofdata #R3 #Day34 by @KenJee_DS
@DataCamp DS track

On decorrelating data &amp; dimension reduction➡️PCA, one of my favorite topics!
I struggled a lot to understand it months ago, I think that is the reason I like it 😅
Happy weekend everyone ☀️ https://t.co/NBsSFFiPXk",0,11
1398453027967750149,1393682765938413568,yousefi_ds,Sat May 29 01:35:58 +0000 2021,"Day 32:
Worked on my project and made some progress but it still needs a lotta work...
#66daysofdata",0,15
1398450959362134022,1137782574036635649,thedataprof,Sat May 29 01:27:45 +0000 2021,"Hi friends, do you want a portfolio website for your #datascience projects? I’ve just published in @TDataScience How to Build a Simple Portfolio Website for FREE https://t.co/g6Qcv6rZr3
#66daysofdata #100daysofcode #dataanalyst #dataanalysts #datascientist #datascientists",7,17
1398433746248998912,969343076442542081,JaimeAAvendano,Sat May 29 00:19:21 +0000 2021,"Day 9 - R2 of #66DaysofData 

Definitely appreciated the timing of @KenJee_DS's new video. Just starting a job hunt, and the impostor syndrome is real.",0,11
1398431984825868289,1392958037497892871,AntoneEvansJr,Sat May 29 00:12:21 +0000 2021,"#Day20 of #66DaysOfData by 
@KenJee_DS 
- Created readme
- PDF to Text extractor 
- Handled text manually entered
- Cleaned and tokenized text
- Added a check for syllable count as my list of words weren't enough
- Pushed to Git /antoneev/66DaysOfData/tree/main/articleAssistance",0,13
1398416526735257600,1179254091521941508,jasonvero,Fri May 28 23:10:55 +0000 2021,"Day 27 - of #66DaysOfData

Happy Friday! Today, I dug deeper into underfitting and overfitting and how these concepts could spell disaster when training a model. Utilizing MAE and fine-tuning the number of leaves in the decision tree can lead to a more optimized model, in theory.",0,13
1398411186551541766,929998650,KehalHoussem,Fri May 28 22:49:42 +0000 2021,"Day 2⃣0⃣:

Learned some tips and tricks from Winning a Kaggle Competition in Python in @DataCamp.

Still, the last chapter of Modeling may be I'll complete it tomorrow 🤫.

#66daysofdata #MachineLearning #DataScience https://t.co/mFuqp43ZM2",2,13
1398388668029542400,793192051588210688,kartikeyzm,Fri May 28 21:20:13 +0000 2021,"#66daysofdata Very happy on day 2:

Just earned the Gold Badge for Python on HackerRank! https://t.co/hmLiZfMHYB",0,8
1398387537693925376,4422261493,inder1996singh,Fri May 28 21:15:44 +0000 2021,"Day 18 of #66daysofdata :
- read c# for college quiz
- explored google cloud platform(set a hadoop cluster)
- explored cloudera vm
- read about linux commands",0,8
1398348830660173827,1266599735881687040,ChinWuChen1,Fri May 28 18:41:55 +0000 2021,"D48 #66daysofdata - read an article by @thedataprof on how to learn data science, so resourceful and informative that helps me rethink about how to improve my way of learning.",1,14
1398338728419074048,1352186511433805824,balalaikagrunge,Fri May 28 18:01:47 +0000 2021,"Day 22 #66daysofdata
Finally got hyperparameter tuning to work with Optuna (thanks to @shatandv for the suggestion). I could bot be happier. My suffering is over! https://t.co/udoxxBfbQf",0,7
1398336910196629515,1607658019,_koredehassan,Fri May 28 17:54:33 +0000 2021,"Day 5 of #66daysofdata 

I continued to sharpen my intuition for Exploratory Data Analysis by exploring some more data analysis and feature extraction kernels using the popular Titanic dataset.

I'm beginning to get creative with data, test my hunches and listen more to my guts.",0,8
1398336434898079748,1356609984163889154,jo_grammer,Fri May 28 17:52:40 +0000 2021,"Day 11 R2 #66daysofdata 

Light day today

DS Boocamp from 365 datascience &gt; Python conditional Statements + operators

100dayofcode &gt; Screen setup for the Snake game + snake body + animating the snake segments on screen

Looking forward to finishing this",0,18
1398330286006407171,2562318241,NeemaMV,Fri May 28 17:28:14 +0000 2021,"Day 66 of #66daysofdata
Day 90 of #100daysofdata #DataScience
Finally completed the second round of 66 days of data by finishing up prophet model forecasting and weight optimization algo. Improved the accuracy. However my learning doesn't end here. Will soon start 3rd round!",2,25
1398316374355636224,1347561005329514498,sydteo,Fri May 28 16:32:57 +0000 2021,Day 11 of #66daysofdata                         Was pretty busy today but managed to set aside time to set up MySQL on my PC and learnt the difference between WHERE vs HAVING 🤘TGIF 🤘,0,20
1398287185137192965,2352929006,akira_rafhael,Fri May 28 14:36:58 +0000 2021,"Day 42 : Completed Data Visualization micro-course on @kaggle. Did a lot of data visualization this week. I hope I could apply what I learned so far on Heart Attack Analysis &amp; Prediction dataset
#66DaysOfData",0,11
1398286250327478272,406512519,rohan_kumawat,Fri May 28 14:33:15 +0000 2021,"Day 7 of #66daysofdata 

Today I learned about TF-IDF, Word2Vec. 
Looked at some projects: 
1. Email Spam Classifier📧.
2. Stock Prediction using News Headlines🌈.

The upcoming days I'll write either an article or a thread on what I learned till now.🌈👾",0,4
1398277693452394497,19448058,paulapivat,Fri May 28 13:59:15 +0000 2021,"R and Python are great.

But don't sleep on SQL. 

#66daysofdata",0,6
1398263577321091073,1361227694889967616,dataQueen_pend,Fri May 28 13:03:09 +0000 2021,"D 32-34 R 2 of #66daysofdata were rest days for me. So much work overload I had recently, that my mind and body really needs a chill.

I'll see if I'll have some energy for todays - d 35 of #66daysofdata - learning..
And if not I'll enjoy my free time without any second thought https://t.co/hfzsNgNe6j",1,21
1398252217207975941,444522096,BristowColin,Fri May 28 12:18:01 +0000 2021,Scientists recognize intruders in noise #ArtificialIntelligence #AI #DataScience #100DaysOfCode #Python #MachineLearning #BigData #DeepLearning #NLP #Robots #IoT #RPA #futureofwork #Serverless #Linux #CuriosityForever #66daysofdata https://t.co/bOwPevDxuY,13,5
1398250318505381891,1324652185964204033,meyke9976,Fri May 28 12:10:28 +0000 2021,"Day 137 of #66daysofdata by @KenJee_DS 
As I mentioned yesterday morning, I watched the WiDS talk (mostly). Unfortunately, there was no time to do anything more.",0,21
1398236866223120387,444522096,BristowColin,Fri May 28 11:17:01 +0000 2021,The running median as a time series smoother #ArtificialIntelligence #AI #DataScience #100DaysOfCode #Python #MachineLearning #BigData #DeepLearning #NLP #Robots #IoT #RPA #futureofwork #Serverless #Linux #CuriosityForever #66daysofdata https://t.co/8eblhgCg5I,6,5
1398226690019663874,32453704,anyachocolat,Fri May 28 10:36:35 +0000 2021,"Day 50 of #66DaysOfData:
- still working on the assignment for the pandas module",0,19
1398193398092230657,1276070101196795904,thinam_,Fri May 28 08:24:17 +0000 2021,"💻Bidirectional Recurrent Neural Networks:

📔 In case you want to see the Notebook with proper documentation is here: https://t.co/z4x1wVVjwV

#MachineLearning #DeepLearning #66daysofdata https://t.co/UPCtejUiz1",5,16
1398165682987192327,1352900033608351744,mr_osna,Fri May 28 06:34:10 +0000 2021,Day 8-12: Worked on the bot and did more research into how they work. Was also looking for a reliable api provider for sports data. #66daysofdata,0,3
1398153314525757443,397272525,shatandv,Fri May 28 05:45:01 +0000 2021,"Day 143 of #66DaysOfData:
- Did a bunch of data cleaning with Python and SQL,
- Solved some theoretical questions on confidence intervals, hypothesis testing in A/B testing.",0,23
1398127000389312513,2238460753,KennethB23,Fri May 28 04:00:27 +0000 2021,"Just completed day 13 of #66daysofdata 
Slowly but surely working through SQL select statements. Worked on some more comparison operators exercises.",0,10
1398123196415561730,1265391915278626817,MaeTafoya,Fri May 28 03:45:20 +0000 2021,"Day 9 of #66daysofdata 

Anyone struggling to understand normal distribution, area under the curve or z scores/values?

Watch this @YouTube video provided by The Organic Chemistry Tutor.

https://t.co/eZIyqfThp5

50 minutes long, but definitely worth it!!",0,3
1398115980392296450,1369840035726581766,DustinVo10,Fri May 28 03:16:40 +0000 2021,"Day 5 #66daysofdata 05/27/2021
Complete one course on Coursera Data Foundation by Google. It is very basic. I learn the phase and life cycle of data analysis and know how to apply it to the biz in a very basic way.",0,9
1398105978948755457,2149586883,vperez2000,Fri May 28 02:36:55 +0000 2021,"#66daysofdata #R3 #Day33 by @KenJee_DS
No DataCamp DS track 😥

But I watched a great video from @joshuastarmer 
The puzzle is always good to picture how the pieces together help to see more clearly what is expected!
#BeCurious #BeCurious #BeCurious

https://t.co/MO6tPOFKA9",0,11
1398096862532546560,2384674350,WoleAdewumi,Fri May 28 02:00:42 +0000 2021,D11: Worked at gradually replacing for loops with Python built-in methods to improve code efficiency in my projects #66daysofdata,0,12
1398093652153536515,734167027997347842,_liamconnors,Fri May 28 01:47:56 +0000 2021,"Day 14 of #66daysofdata - today was more data analysis with pandas, exploring groupbys, filtering and pivot tables in more detail. Also got started on an article documenting what I was working on these last days. Hope to finish it tomorrow",0,15
1398088275286429704,1392958037497892871,AntoneEvansJr,Fri May 28 01:26:34 +0000 2021,"#Day19 of #66DaysOfData by @KenJee_DS
Today was spent cleaning and loading data to the DB. With a little excel and sqlite3 magic the task is done. 

I also read articles and watched videos on build recommendation systems. If anyone as any experience with this, I’d love to chat.",0,19
1398079094441615360,969343076442542081,JaimeAAvendano,Fri May 28 00:50:05 +0000 2021,"Day 7/8 - R2 of #66DaysofData 

Diving a bit more into Tableau. The Google course did a quick intro to it, but I haven't done much more with it since then.",0,17
1398069999907057673,1291243974611668992,pristdata,Fri May 28 00:13:57 +0000 2021,"Day 64 of #66daysofdata:
Been really busy so I stopped posting for a few days but oh well, I'm almost finished with this round 🙌. I spent some time reading the following book which I really recommend. Besides ML, it helped me reach more Python mastery. https://t.co/Syh4L2jXFs",0,25
1398057739948118017,71251893,MirceaMesesan,Thu May 27 23:25:14 +0000 2021,Day 25 of #66DaysOfData. Exploring properties of line2D while using the matplotlib. Read a really nice article about what are most spoken languages in the world. Have a look https://t.co/LPvToDWl8m .  . .  .,0,6
1398041096308113410,929998650,KehalHoussem,Thu May 27 22:19:06 +0000 2021,"Day 1⃣8⃣-1⃣9⃣:

Time to get our hands dirty, I'm practicing on a dataset of the iX Mobile Banking Prediction Challenge on Zindi.
it's all about building a model to predict if individuals use mobile or internet banking.

#66daysofdata #MachineLearning #DataScience",5,12
1398037234020986887,1389606414474227715,Nobre_Lucas18,Thu May 27 22:03:45 +0000 2021,"#66daysofdata, day 4:

I watched some videos with tips for choosing projects to work on and started to read superficially about Explolatory Data Analysis.",0,13
1398036927987781639,1179254091521941508,jasonvero,Thu May 27 22:02:32 +0000 2021,"Day 26 - of #66DaysOfData

Pretty low energy this afternoon, but managed to begin review of underfitting and overfitting concepts.

I am also reviewing a job position in my organization with Data Science descriptive roles and responsibilities. 

#MachineLearning #DataScience",1,16
1398026726169464836,793192051588210688,kartikeyzm,Thu May 27 21:22:00 +0000 2021,"#66daysofdata, Day 1: Concepts learned- lambda, reduce,filter,map. Used to scare me these words.",0,15
1398026105752330245,345564461,tolz_kay,Thu May 27 21:19:32 +0000 2021,"Day 66 of #66DaysOfData (34) by @KenJee_DS

Completed my SQL course on Udemy. Wheww!",0,9
1398025190022385666,901324520346091520,Sanskar1531,Thu May 27 21:15:54 +0000 2021,"day 31 of #66daysofdata
looked into optimisation (linear programming) today. Will start with simplex tomorrow.",0,12
1398011542587674625,1266599735881687040,ChinWuChen1,Thu May 27 20:21:40 +0000 2021,D47 #66daysofdata - watched a video by Tina Huang on mock sql interview- very useful to learn how a real interview looks like!,0,13
1397999675005837312,4422261493,inder1996singh,Thu May 27 19:34:30 +0000 2021,"Day 15,16 of #66daysofdata :

- worked on a kaggle dataset of FRIENDS which consisted of script and ratings(238 episode) but couldn’t do any useful analysis so scraped it.

Day 17-

- read about hadoop.",0,10
1397983117667823616,793192051588210688,kartikeyzm,Thu May 27 18:28:43 +0000 2021,Starting my #66DaysOfData today.,0,8
1397979230823124994,1393682765938413568,yousefi_ds,Thu May 27 18:13:16 +0000 2021,"Day 31:
Python, Python and Python...
#66daysofdata 
PS: sorry for the poorly made meme😅😂 https://t.co/73oDmZTz4z",1,13
1397972751420329987,406512519,rohan_kumawat,Thu May 27 17:47:31 +0000 2021,"Day 6 of #66daysofdata 
Done for the day♥️.
Couldn't do much coz of exams😕.
I learned about Tokenizer, Stemming, Stop Words, Lemmatization, and Bag of Words🌈♥️.
Tomorrow I'm looking forward to learn about TF-IDF, word2vec and apply all of these🌈💙.",0,6
1397971764567756807,360668611,daniellabrito26,Thu May 27 17:43:36 +0000 2021,"Day 42 - 
Found a new source to practice sql queries called strata scratch . Continued working on feed forward network understanding . Will start with joins tomorrow . #66daysofdata",0,20
1397967974624116738,1607658019,_koredehassan,Thu May 27 17:28:32 +0000 2021,"Day 4 of #66daysofdata 

I read the first chapter of ""Practical Statistics for Data Scientists"" and explored some @kaggle notebooks on data exploration.

I came to the realization that data begins to say something when you peruse it well enough. https://t.co/uDbVoBrDB4",0,8
1397967405276708867,1352186511433805824,balalaikagrunge,Thu May 27 17:26:17 +0000 2021,"Day 21 of #66daysofdata
Spent all day trying to find a work around to random search in sklearn giving nonsensical results when passing a list of dicts as params. I have finally given up and accepted I'll have to tune my parameters in a different way.",0,17
1397955876623949838,1356609984163889154,jo_grammer,Thu May 27 16:40:28 +0000 2021,"Day 10, R2 of #66daysofdata 
 
DS Bootcamp 
✅Hypothesis testing
✅Introduction to Python
✅Variables and Data Types
ML on Kaggle w/ the Melbourne Housing Dataset + Model Evaluation
✅ Sklearn user guide
Python coding Practice on Animation &amp; Coordinates

https://t.co/058Xs1zlSk",1,16
1397938846319333377,1347561005329514498,sydteo,Thu May 27 15:32:48 +0000 2021,"Day 11 of #66daysofdata 
I’m finally done w my mini project on heart disease prediction using Kaggle dataset and learnt a lot on supervised learning methods through practice. Will be looking into a new project. I’m loving this data community! it really keeps me motivated 🥰",0,23
1397926777238953997,94308247,poetratron,Thu May 27 14:44:50 +0000 2021,"Day 18 of #66daysofdata 

Learn tableau with narasio data",0,15
1397924486331047945,1137782574036635649,thedataprof,Thu May 27 14:35:44 +0000 2021,"Hi friends, I just published a @streamlit tutorial in @TDataScience How to Build a Machine Learning App https://t.co/uftEi4ebY4

#machinelearning #app #datascience #66daysofdata #data #streamlit #AI #datascientist",6,41
1397921045642825739,1290875558453293057,sanyacodes,Thu May 27 14:22:04 +0000 2021,"day 6-7 • #66daysofdata #100DaysOfCode 

- got assigned my first project @ work! ill be automating a data workflow within the org’s CRM
- starting to learn @Zoho scripting language ‘Deluge’ and brainstorming what my first steps should be",6,22
1397918344376852491,2352929006,akira_rafhael,Thu May 27 14:11:20 +0000 2021,"Day 40 &amp; 41 : Still playing around with matplotlib
#66DaysOfData",0,13
1397889830575501313,444522096,BristowColin,Thu May 27 12:18:01 +0000 2021,Make Your Own Nut Butter #ArtificialIntelligence #AI #DataScience #100DaysOfCode #Python #MachineLearning #BigData #DeepLearning #NLP #Robots #IoT #RPA #futureofwork #Serverless #Linux #CuriosityForever #66daysofdata #saslife https://t.co/F04EiqCLes,14,10
1397877389716332546,1008234306609741824,ShenghongZhong,Thu May 27 11:28:35 +0000 2021,"Yesterday, I had a discussion with @aakashns  about datasets for our EDA project. 

Here is a thread about my selection for the top 10 open datasets. 

You can have a look and get some ideas to do your own research.

#datascience #EDA #data #66daysofdata #100DaysOfCode",5,4
