tweet_id,user_id,user_name,created_at,full_text,retweets,favorite
1389914734103867396,602408175,golubovalex,Wed May 05 12:07:50 +0000 2021,"Day 16 of #66daysofdata: the 1-st lesson on pandas of Intermediate Python course on DataCamp, videos on loops and iterations from Python for Everybody course on freecodecamp, and completing a part of the 3-rd week of the 1-st course of Google Data Analytics certificate.",0,0
1389903577582211073,2352929006,AkirasGames,Wed May 05 11:23:30 +0000 2021,"Day 19 : Watched @chongjason914 part 2 video. Playing around Random Forest, Decision Tree, and SVM model. Submit 3 predictions to Titanic Competition on Kaggle. Need to do more data preprocessing.
https://t.co/WbbVsJyAxd
#66DaysOfData",0,0
1389877626446090240,1137782574036635649,thedataprof,Wed May 05 09:40:23 +0000 2021,"Hi friends, let's build a #drugdiscovery #webapp using @Streamlit in #Python 
Big credit to @just10chavez from which this app is based on.
👉https://t.co/W8Ilf5From
#66daysofdata #bioinformatics #cheminformatics #drugdesign https://t.co/KiySYosT4i",7,8
1389842762418249732,397272525,shatandv,Wed May 05 07:21:51 +0000 2021,"Day 120 of #66DaysOfData:
- Finished @365datascience Data Strategy Ch. 10,
- Installed PyTorch! A pity my laptop doesn't have CUDA,
- Read @mrdbourke's article on ML practices in the biggest companies. Great stuff, will have to explore those resources in more detail.",0,4
1389801539049598978,1108597836755755009,maisdev,Wed May 05 04:38:02 +0000 2021,"I put a target to work 1+ hours daily, but certainly hope to spend more on weekend mornings (2+ hrs each day) and in certain weekdays. I also aim to get into #kaggle projects in may . #66daysofdata #blockchain #python. Nothing is easy but it still can be fun!",1,2
1389801537510297600,1108597836755755009,maisdev,Wed May 05 04:38:02 +0000 2021,"Hi. I am trying to keep up with my aggressive quarterly plan, which I divided to months. And I plan for the successive week on Sundays. I also started to record the time I spend for my side project/ study. I think it will be helpful. R3D10 #66daysofdata #python #blockchain",2,2
1389782190892879878,1267805283511750660,Binal_BP,Wed May 05 03:21:09 +0000 2021,"Day 13: #66DaysOfData

Intro to Data engineering- Highlight of today’s lesson:
A variety of data sources has helped data engineering evolve tremendously over the past few years. This has helped other data professionals get quality data for decision making.",0,6
1389768409836052483,59787963,jamesnan,Wed May 05 02:26:24 +0000 2021,"Day 64 : #66DaysOfData

 Learn ""Postgres Index"" @  Dataquest",0,0
1389768384049451014,1389606414474227715,Nobre_Lucas18,Wed May 05 02:26:18 +0000 2021,"Today I started my journey at #66DaysOfData. On that first day I watched the first video of the event ""Data Immersion"" at the Alura School of Technology. I was already aware of most of the content presented, but I believe I can still learn a lot in the next classes.",0,0
1389759744290787329,168046022,ribhunirek,Wed May 05 01:51:58 +0000 2021,Day 11 of #66DaysOfData - learned about AWS EC2 fundamentals and created an instance on the cloud for a dummy app,0,3
1389737918051278851,929998650,KehalHoussem,Wed May 05 00:25:14 +0000 2021,"This ML cheatsheet by Stanford is amazing!!

https://t.co/CZmpl6oPca

#66daysofdata #MachineLearning",1,1
1389725976737820682,929998650,KehalHoussem,Tue May 04 23:37:47 +0000 2021,"Day 0⃣3⃣:

For today I continued with the Feature Engineering course on @kaggle, In the same time I tried to apply that on the AirQo Low-Cost Air Quality Monitor Calibration Challenge.

#66daysofdata #MachineLearning #DataScience",0,1
1389698165998198786,1266599735881687040,ChinWuChen1,Tue May 04 21:47:16 +0000 2021,D37 #66daysofdata - still wandering (hopefully not lost) in the (sql)zoo. 😂,0,1
1389697058093690880,1179254091521941508,jasonvero,Tue May 04 21:42:52 +0000 2021,"Day 3 - of #66DaysOfData

I learned about input functions and how to store them within variables, as well as what lists are and how to manipulate them using several built-in functions. 

#Python #DataScience",0,1
1389696946869346312,1326132466055323655,Nonyedollars,Tue May 04 21:42:26 +0000 2021,"2/66

Complete the first Google Data Analytics course. I might just start the ""Ask questions to make data driven decisions"" course now.

#66daysofdata",0,1
1389693371569090570,71251893,MirceaMesesan,Tue May 04 21:28:13 +0000 2021,"Day 02 of #66DaysOfData. Looked into when and how to use Statistic tests. Also, read a great article on essential math for Data Science: https://t.co/2HOrVZjO7I",0,2
1389688966060797952,1059200207756423170,Aamna__Suhail01,Tue May 04 21:10:43 +0000 2021,"#66daysofdata 
Day 25  with @KenJee_DS

Read a Book 
Machine Learning Concepts with Python and the Jupyter NB environment 
by NikitaSilaparasetty
Some theory about AI,ML,DS",0,4
1389683572315987968,1649054340,a_escontrela,Tue May 04 20:49:17 +0000 2021,Day 34 of #66daysofdata watched SQL data exploration video of Alex the Analyst and review some basic concepts of visualization in R,0,5
1389677145983754243,1300492664308146176,MarkusM99098101,Tue May 04 20:23:45 +0000 2021,"Day 60 of #66DaysOfData r2: came across the #TidyTuesday data project  for the R ecosystem. I like the concept and it would be a way back into R. I was highly motivated but failed to get R running in RStudio natively on the m1, so I spend my free time trying to get it to run :(",1,5
1389675765478875141,1324652185964204033,meyke9976,Tue May 04 20:18:16 +0000 2021,"Day 116 of #66daysofdata by @KenJee_DS 
A lot of practicing today for the exam... now relaxing with some ""easy"" analysis work.",0,9
1389668600110141441,901324520346091520,Sanskar1531,Tue May 04 19:49:47 +0000 2021,"day 8 of #66daysofdata 
Continued with the NLP course. Learnt loads of stuff today. Mainly covering k fold cross-validation, grid search, ensemble methods (randomForestClassifier and GradeBoosting), explored with hyperparameter settings. https://t.co/aeup6OgzaS",0,2
1389667792547454985,951871594376376320,JackRaifer,Tue May 04 19:46:35 +0000 2021,"I have been swamped with work the past few weeks, meaning my posts and writing have been limited. Nonetheless, I am back in the saddle and here is my latest article on the #RoadToDataScience series.

#DataScience
#66DaysOfData 

https://t.co/2xWYFFLoDR",0,3
1389663570804236292,995452348280573955,Just_Jordan_T,Tue May 04 19:29:48 +0000 2021,"5/4/2021 Day 35: #66DaysOfData - working on lesson 3 from FastAI Deep Learning for Coders with Fastai &amp; PyTorch, going over ""Data Augmentation techniques"" resizing, squishing making sure that data is neutral.https://t.co/385AeyHJDn",0,0
1389662998323613698,2496047438,Vaishakhkp59,Tue May 04 19:27:32 +0000 2021,"#66DaysofData - Day 2 : 

Alteryx + Python Integration - To use Scikit Learning with Alteryx

Project Identified  : Sales, Pipeline and Revenue Forecast using Time Series Forecasting / Any other possible Technique",0,0
1389659615206330368,1243246008303112192,samarthgupta39,Tue May 04 19:14:05 +0000 2021,"day64 of #66daysofdata
Learnt about Defuzzification from Principles of soft computing",0,8
1389653366607949825,324583975,georgekanellos,Tue May 04 18:49:15 +0000 2021,"Days 32-34(R2) of #66daysofdata by @KenJee_DS 

Worked on stacking but I have completely lost faith in it. No matter what I try, combining several models yields test accuracy less than the single best input model 🥲🥲 So it's either revelation or bust for this project 😃😃",0,7
1389649327581134850,1362442599747870721,art9793,Tue May 04 18:33:12 +0000 2021,"D8, D9 #66daysofdata @KenJee_DS 

Completed lists (including and intro to tuples) and loops modules in the Learn #Python 3 course. Found Loop controls (break, continue) and List Comprehension quite interesting.
Course Progress: 42%

#DataScience #DataFam #code #CodeNewbies",3,4
1389645078885437443,1361227694889967616,dataQueen_pend,Tue May 04 18:16:19 +0000 2021,"D. 12 R.2 of #66daysofdata

With @DataCamp 

➡️ Comparison and booleans operations on arrays, dataframes etc.
➡️ Filtering 🐼 dataframes
➡️ Looping over dictionaries, arrays, dataframes (uuuuaaa... Looping over 🐼 gave me a headache) https://t.co/bu6QG8A8rL",0,11
1389641049308553218,1377113586145751042,sustainablersyd,Tue May 04 18:00:19 +0000 2021,"Day 30-34 of #66daysofdata with @KenJee_DS 
- Been a whole lot of the same stuff, SQL, looker, lookML, etc. etc. 

Day 31 had a data science meeting on latent class and trajectory analyses ??? Rip",1,12
1389633946887942145,360668611,daniellabrito26,Tue May 04 17:32:05 +0000 2021,"Day 33 - Worked on Unsupervised learning methods -
🔶 Clustering hierarchical clustering analysis.  Python implementation. Also used  PCA and how it is implemented with linear and logistic regression in combination with RFE and also PCs  variance significance.#66daysofdata #Data",0,5
1389627873644978177,951871594376376320,JackRaifer,Tue May 04 17:07:57 +0000 2021,"And may #Data lead the way.

#MayThe4thBeWithYou 
#DataScience
#66daysofdata https://t.co/tgTVZE9sZP",1,7
1389626131150610432,1310565371389177858,R1SE_823,Tue May 04 17:01:02 +0000 2021,"Day 63 of #66daysofdata
- Create a simple interactive web app with streamlit to track The Stock Exchange of Thailand 
https://t.co/PPVVhnsqZ1",0,3
1389623028565241860,3041718695,suminohh,Tue May 04 16:48:42 +0000 2021,"For day 3 of #66daysofdata, I continued with the UT Austin edX course. 

I'm making my way through week 2. The goal is to get started on week 3 by the end of this week. Let's go!💨",0,7
1389613267220418567,1356609984163889154,jo_grammer,Tue May 04 16:09:55 +0000 2021,"Day 61 of #66daysofdata 

It's May the fourth &amp; the Force is strongly bearing me down under work today, so after if finished answering to all my clients, I Python coded for the #100daysofcode course with the App Brewery @yu_angela you rock

Then listened to Coldplay https://t.co/lEXqcRu3W9",6,10
1389606750584643589,444522096,BristowColin,Tue May 04 15:44:01 +0000 2021,Artificial intelligence yields breakthrough innovation in crop science. #ArtificialIntelligence #AI #DataScience #100DaysOfCode #Python #MachineLearning #BigData #DeepLearning #NLP #IoT #RPA #futureofwork #Serverless #Linux #CuriosityForever #66daysofdata https://t.co/Qna0Jx8zEl,16,3
1389599241945894914,722533518,nelotsak,Tue May 04 15:14:11 +0000 2021,"Went through AWS CLI today, to access AWS services from local via windows cmd / Linux shells:

https://t.co/RYVkqlrhRw

#66daysofdata 
#AWS",0,2
1389535591310643202,2352929006,AkirasGames,Tue May 04 11:01:15 +0000 2021,"Day 18 : Learnt what is Exploratory Data Analysis (EDA) and watched @chongjason914 part 1 EDA video on Titanic Dataset
https://t.co/0D8G2vRktY
#66DaysOfData",0,2
1389525968348352513,444522096,BristowColin,Tue May 04 10:23:01 +0000 2021,3 Steps to Building Waterfall Charts with Interactive Subtotals #ArtificialIntelligence #AI #DataScience #100DaysOfCode #Python #MachineLearning #BigData #DeepLearning #NLP #Robots #IoT #RPA #futureofwork #Serverless #Linux #CuriosityForever #66daysofdata https://t.co/gGyavMxqC2,5,4
1389516632758816769,1276070101196795904,thinam_,Tue May 04 09:45:55 +0000 2021,Neural Style Transfer Algorithms: It is the task of changing the style of an image in one domain to the style of an image in another domain. It manipulates images or videos in order to adopt the appearance of another image.  #Machinelearning #Deeplearning #66daysofdata https://t.co/aL846XF0zF,2,4
1389511725473533955,1352900033608351744,mr_osna,Tue May 04 09:26:25 +0000 2021,Day 2 of #66daysofdata. Completed the Titanic Project and starting with Pandas now,0,1
1389481420259840001,1306505184911208453,mt0rm0,Tue May 04 07:26:00 +0000 2021,"Days 56&amp;57 of my #66daysofdata: No changes. Slowly going through Tableau Desktop Intermediate and the NYU Deep Learning course, when I finish work and I'm not too tired",0,8
1389477829738385410,397272525,shatandv,Tue May 04 07:11:44 +0000 2021,"Day 119 of #66DaysOfData:
- Attended a webinar on connecting business metrics to DS metrics. The topic wasn't explained too well, so I'll need to read up some more about this,
- Learned a bit more about sourcing data for models.",0,10
1389474687630118912,1056932999407788035,daflowjoe,Tue May 04 06:59:15 +0000 2021,@suminohh I didn't know #66daysofdata was a thing - cool!,0,1
1389435544023695362,1267805283511750660,Binal_BP,Tue May 04 04:23:42 +0000 2021,"Day 12: #66DaysOfData

I’ve been waiting to explore the field of data engineering for a while now and I’m finally going to begin this exploration! I have enrolled in the Introduction to Data Engineering course by @coursera! Looking forward to learn about it!",0,8
1389416867291402242,59787963,jamesnan,Tue May 04 03:09:29 +0000 2021,"Day 63 : #66DaysOfData

 Learn ""Debugging Postgres Queries"" @  Dataquest

I was wondering about mysql vs Postgres. the trend can tell something https://t.co/S9xVSGQFeK",0,2
1389385232642674691,2149586883,vperez2000,Tue May 04 01:03:47 +0000 2021,"#66daysofdata #R3 #Day19 by @KenJee_DS
@DataCamp DS track

Statistics Thinking in Python (P.2) has been challenging, there is something about hypothesis testing &amp; p-value that I just (honestly) don't get 🙈😥

I need to work on that!! 🤪🤪🤪
Let's move forward! https://t.co/1VZPqvcvhm",0,11
1389379040331632640,1291243974611668992,pristdata,Tue May 04 00:39:11 +0000 2021,"Day 50 of #66daysofdata:

Just quickly reviewed data structures and database management types.",0,15
1389343100934529024,32453704,anyachocolat,Mon May 03 22:16:22 +0000 2021,"Day 32 of #66DaysOfData:
- I took a long weekend off because my friend was visiting but i managed to read ""A Byte of Python"" a little, to watch a webinar and to review some info from my course",0,11
1389342181010378756,71251893,MirceaMesesan,Mon May 03 22:12:43 +0000 2021,Day 01 of #66DaysOfData. Setting up a jupyter-lab folder for all my experiments. Created a public github repository https://t.co/kgWMYpxvHF. https://t.co/R34bdxyYms,0,1
1389332162781011971,1326132466055323655,Nonyedollars,Mon May 03 21:32:54 +0000 2021,"1/66
Started the google data analytics course on Coursera. I just finished week one but I've enjoyed the course so far.
#66daysofdata",0,6
1389315936130277376,901324520346091520,Sanskar1531,Mon May 03 20:28:26 +0000 2021,"day 7 of #66daysofdata 
Read about neural networks (single layered and multi layered network). Also came across Hebb rule, preceptor rule eventually leading to the delta rule. https://t.co/7CBgDLTM8p",0,5
1389315788293685251,602408175,golubovalex,Mon May 03 20:27:50 +0000 2021,"Day 15 of #66daysofdata: the 2-nd lesson on dictionaries of Intermediate Python course on DataCamp, video and exercises on functions building from Python for Everybody course on freecodecamp, and completing of the 2-nd week of the 1-st course of Google Data Analytics certificate.",0,8
1389313152635052034,1352186511433805824,balalaikagrunge,Mon May 03 20:17:22 +0000 2021,"Day 1 of #66daysofdata with @KenJee_DS
Went through several chapters of Hands-On Time Series Analysis with R by Rami Krispin. Text is helpful, graphs are black and white though so very hard to near impossible to read. Shame! @PacktPub https://t.co/cNssigw8tB",0,4
1389310028750929920,1324652185964204033,meyke9976,Mon May 03 20:04:57 +0000 2021,"Day 115 of #66daysofdata by @KenJee_DS 
With only 3 days before the exam... it is mostly studying for me. How glad I will be when this is all over :) 
In the meantime... I am daydreaming about the tweets dataset 😂",0,16
1389303489772281857,1649054340,a_escontrela,Mon May 03 19:38:58 +0000 2021,"Day 33 of #66daysofdata continue to deep dive into data pipelines, now learning about data warehouse and data lakes #DataEngineering",0,12
1389292788232200194,1300492664308146176,MarkusM99098101,Mon May 03 18:56:27 +0000 2021,"Day 59 of #66DaysOfData r2: after a weekend off. I check if the generated tweets from my GPT-2 model were just copys of existing tweets. Used a naive approach by checking if the string is the same and a similarity score form spaCy. 
Result: no tweet was a copy of a real one.",0,9
1389286884094976008,1301025989359788033,AMuktineni,Mon May 03 18:32:59 +0000 2021,"Days 9-12 of #66daysofdata Round3!

Perform EDA 
 - generate ECDFs
 - compute summary statistics, 
Estimate parameters 
  - by optimization, including linear regression, 
  - determine confidence intervals, 
Formulate and test Hypothesis. @KenJee_DS

https://t.co/z7BYJc8eA1",0,7
1389281858345701376,1179254091521941508,jasonvero,Mon May 03 18:13:01 +0000 2021,"Day 2 - It has always been a struggled to self-study coding during my free time. 

I am relying on consistency and accountability to push through any dips in motivation. 

Today, I installed PyCharm and learned principles of concatenation. 
#66DaysOfData #DataScience",2,4
1389275687723274243,2562318241,NeemaMV,Mon May 03 17:48:30 +0000 2021,"Day 56, 57, 58 of #66daysofdata
Day 83, 84, 85 of #100daysofcodechallenge #DataScience
Completed the entire r code for forecasting the commission for Verizon sales product. Also completed the knime automation of the R code.
Day 33, 34, 35 of #100DaysofSQL
 Extracted daily sales",0,7
1389273253752066051,1361227694889967616,dataQueen_pend,Mon May 03 17:38:49 +0000 2021,"D. 10&amp;11 R.2 of #66daysofdata 

➡️ Dictionaries Review
➡️ 🐼🐼🐼 https://t.co/7tKnuqlsAI",0,12
1389272846816317440,1355938756583321609,Sinnerman____,Mon May 03 17:37:12 +0000 2021,"#66daysofdata
Day 39: Worked with real life data sets(Cars and Police datasets) using python",0,4
1389268233618788352,1322620958327255040,Datavisz,Mon May 03 17:18:52 +0000 2021,Day 52 of #66daysofdata : Trying clustering on a data set at workplace.,0,9
1389259073854472198,731856877139558400,ABYA80,Mon May 03 16:42:29 +0000 2021,"R2: #66daysofdata with @KenJee_DS 

Day 47:
- Research about the statistical concept need to learn and from where to learn📚👓📖 will start learning from tomorrow.
- Learning and practicing more tkinter.",0,16
1389247477358944265,1356609984163889154,jo_grammer,Mon May 03 15:56:24 +0000 2021,"Day 60 of #66daysofdata 

Spent some time coding for the #100daysofcodechallenge course w/ the App Brewery
Turtle graphics, documentation, random walk
Continued working on the Week 3 assignment for the Applied Capstone w/ the IBM DS Certif
(Cleaning data)
https://t.co/m07jieZRwh",0,7
1389244394507673602,444522096,BristowColin,Mon May 03 15:44:09 +0000 2021,Researchers use AI to detect wrist fractures #ArtificialIntelligence #AI #DataScience #100DaysOfCode #Python #MachineLearning #BigData #DeepLearning #NLP #Robots #IoT #RPA #futureofwork #Serverless #Linux #CuriosityForever #66daysofdata https://t.co/QrgwtTjEdR,7,3
1389242264682180608,995452348280573955,Just_Jordan_T,Mon May 03 15:35:41 +0000 2021,"5/3/2021 Day 34: #66DaysOfData - I just finished up lesson number 2 on the Deep Learning for Coders with Fastai &amp; PyTorch, good lesson some things feel out of place but I think I just need to work on the review of the uses of knowing what a perimeter, loss functions are good for.",0,1
1389241496847544326,3041718695,suminohh,Mon May 03 15:32:38 +0000 2021,"For day 2 of #66daysofdata, I continued with UT Austin's archived edX course. 

One fun fact I learned was about how a nurse used data visualization to improve hospital hygiene back in 1858.",0,4
1389235970248265732,71251893,MirceaMesesan,Mon May 03 15:10:40 +0000 2021,"I am beginning to show great passion for #python and #datascience. So I am starting the #66DaysOfData, it is purely as a hobby and to push myself out of the confort zone.",3,5
1389228684234477576,2352929006,AkirasGames,Mon May 03 14:41:43 +0000 2021,"Day 17 : Taking a break
#66DaysOfData",0,2
1389177664011837443,2496047438,Vaishakhkp59,Mon May 03 11:18:59 +0000 2021,#66DaysofData - Day 1 : Setting Goals,0,7
1389173677204385795,1133765816648962049,DataNardeep,Mon May 03 11:03:08 +0000 2021,"#66daysofdata worked out for me. I managed to secure a data analyst position. This isn't to brag, I am just highlighting how @KenJee_DS process worked for me. Even though I say I did 66 days, trust it was way more just used that to document my progress
#python #DataScience",1,17
1389166118015668224,3041718695,suminohh,Mon May 03 10:33:06 +0000 2021,@vperez2000 @KenJee_DS @DataCamp Hey Vicky! I also started #66daysofdata. What was your reason for choosing DataCamp versus Dataquest or Codecademy?,0,3
1389163581061558276,444522096,BristowColin,Mon May 03 10:23:01 +0000 2021,Google Started a Cookie Fight: Here's How Marketers Can Respond #ArtificialIntelligence #AI #DataScience #100DaysOfCode #Python #MachineLearning #BigData #DeepLearning #NLP #Robots #IoT #RPA #futureofwork #Serverless #Linux #CuriosityForever #66daysofdata https://t.co/SLGvlt8eyY,6,5
1389145571181617153,1352900033608351744,mr_osna,Mon May 03 09:11:27 +0000 2021,Starting my #66daysofdata challenge today. Thanks @KenJee_DS for the motivation and knowledge. Will be learning the courses on @kaggle,0,14
1389132644559081476,397272525,shatandv,Mon May 03 08:20:05 +0000 2021,"Day 118 of #66DaysOfData:
- Learned about defining data use cases for a business from the @365datascience Data Strategy course,
- Tutored someone in statistics basics. It went great, and I understood the material on a deeper level too.",0,13
1389055067546951680,59787963,jamesnan,Mon May 03 03:11:50 +0000 2021,"Day 62 : #66DaysOfData

 Learn ""Exploring Postgres Internals"" @  Dataquest",0,4
1389051811206684673,168046022,ribhunirek,Mon May 03 02:58:53 +0000 2021,Day 10 of #66DaysOfData: solved SQL challanges on leetcode,0,9
1389038567813378049,1137782574036635649,thedataprof,Mon May 03 02:06:16 +0000 2021,"Hi friends, my first attempt at creating a meme. Torturing the data https://t.co/4UGFCZ9HqZ via @imgflip

#66daysofdata #datameme #datascience #datascientist #datascientists #meme https://t.co/6KxfenrPms",5,24
1389035819114057728,1179254091521941508,jasonvero,Mon May 03 01:55:20 +0000 2021,"Day 1 - officially tracking this data science journey. 

First priority is learning Python. I am currently following a comprehensive YouTube tutorial for beginners and supplementing with #w3schools. 

Today I touched mostly on variables and operators.
#66DaysOfData",1,7
1389029494875299841,1363855621628465153,korasaju_a,Mon May 03 01:30:13 +0000 2021,"Day 50–51 of #66DaysofData with @KenJee_DS 

•Finished Databases and SQL for Data Science course on Coursera, finished this in one day 😅 All thanks to the MySQL course I took from 365 Data Science. 
•Answered more Easy/Intermediate Python/SQL questions on Stratascratch.",0,16
1389014489723453448,995452348280573955,Just_Jordan_T,Mon May 03 00:30:35 +0000 2021,"5/2/2021 Day 33:  #66DaysOfData -  Went over the first lesson 1 for the FastAI courseware, some good takeaways. Loved the following diagram https://t.co/PV5h22eTPN",0,2
1389008504434962446,929998650,KehalHoussem,Mon May 03 00:06:48 +0000 2021,"Day 0⃣2⃣:

The key for a better model is a better features, that's why I'm  starting the Feature Engineering course on @kaggle.

#66daysofdata #MachineLearning #DataScience",2,9
1389006993650716673,1267805283511750660,Binal_BP,Mon May 03 00:00:48 +0000 2021,"Day 10-11: #66DaysOfData

Finished @365datascience Intro to Business Analytics. From this course I got a good understanding of how an analytics project is executed in an organisation as well as the importance of a business analyst, who is capable of understanding business needs!",0,21
1388980171806547973,969343076442542081,JaimeAAvendano,Sun May 02 22:14:13 +0000 2021,"Day 66 of #66DaysofData!

Thanks to everyone that's followed along. I've really enjoyed seeing the progress of everyone else, too. 

Thanks again to @KenJee_DS for encouraging us to make a habit of studying data!
1/4",0,31
1388972646025633796,554435225,hmatalonga,Sun May 02 21:44:19 +0000 2021,"Day 48 of #66DaysofData. I did some work on my @numerai models, tweaking a few parameters and fine-tuning the models to submit the predictions for the current round.",0,12
1388964153054875658,1649054340,a_escontrela,Sun May 02 21:10:34 +0000 2021,"Day 32 of #66daysofdata today I completed the second week of Google Cloud Big Data and ML fundamentals and worked in the ETL project, doing some changes and load the dataset scrapped to a postgreSQL database",0,11
1388961855436169219,1295354412794249219,thebrowndeity,Sun May 02 21:01:26 +0000 2021,"Day 34 of @KenJee_DS #66daysofdata:

I learnt about Covariance and Correlation, basically the relationship between two variables

It was pretty fun, I remember learning this during my Stats class last semester and all I remember doing was just cramming their formulas",0,13
1388954940723318785,2149586883,vperez2000,Sun May 02 20:33:58 +0000 2021,"#66daysofdata #R3 #Day18 by @KenJee_DS

No @DataCamp studies these days ➡️Regionals 🤸‍♀️ 
So, I worked on my analysis &amp; I'm so happy to have my own module working to scrape the results, that process that took me to have the data in hours now is done in seconds!!!
📊🎉🤪 https://t.co/7XHixpbutL",0,12
1388933907119214594,602408175,golubovalex,Sun May 02 19:10:23 +0000 2021,"Day 14 of #66daysofdata: the 1-st lesson on dictionaries of Intermediate Python course on DataCamp, video and exercises on functions from Python for Everybody course on freecodecamp, and completing of the 1-st week of the 1-st course of Google Data Analytics certificate.",0,9
1388933168514826240,1243246008303112192,samarthgupta39,Sun May 02 19:07:27 +0000 2021,"day62-63 of #66daysofdata
Learnt about classical and fuzzy relations from Principles of soft computing book
Practised some leetcode questions",0,13
1388932083641327616,901324520346091520,Sanskar1531,Sun May 02 19:03:08 +0000 2021,"day 6 of #66daysofdata 
Started with feature engineering in NLP, will start the Housing prices problem on kaggle after this course.
PS - the keyword normed does not work in pycharm, it has been updated to density for the function hist() https://t.co/OrJDA07W7g",0,10
1388923122573668355,1355938756583321609,Sinnerman____,Sun May 02 18:27:32 +0000 2021,"#66daysofdata
Day 38: Studied two case studies in Tableau using FDI and Boston Housing datasets",0,6
1388915096303198210,1362442599747870721,art9793,Sun May 02 17:55:38 +0000 2021,"D7 #66daysofdata @KenJee_DS 

Learn #Python 3 course, Continued the module on Lists
Course Progress: 35%
Also watched this super video on YouTube by @thedataprof The Art of Learning Data Science. The amount of stuff I need to learn is overwhelming Lol.

#DataScience #CodeNewbie",6,12
1388912522275614723,1266599735881687040,ChinWuChen1,Sun May 02 17:45:24 +0000 2021,D36 #66daysofdata - practiced some SQL on SQLZoo.,0,7
1388911335488901121,3041718695,suminohh,Sun May 02 17:40:41 +0000 2021,"I'm officially starting my #66daysofdata! 

For context, @KenJee_DS introduced this idea last year. The idea is to learn data science at least five minutes a day for 66 days straight. 

But I won't be counting my school work towards the 66 days.",0,24
1388911073043140609,719157417443987457,Mayibongwe_MS,Sun May 02 17:39:39 +0000 2021,"Day 63 of #66daysofdata 

Read this document on how Churches can leverage data analytics in order to advance their ministry, reach wider audience and cater for the needs of communities. https://t.co/qN4ZcbI78i",0,5
1388904733528629250,731856877139558400,ABYA80,Sun May 02 17:14:27 +0000 2021,"R2: #66daysofdata with @KenJee_DS 

Day 45 &amp; 46:
- Learned🧠 about pytest and pickle.
- Did a lot of data cleaning🥱 of the data scraped from Wikipedia.
- Finished watching this video by @keithgalli.
https://t.co/eVtOq0hckE",0,25
1388899009746538499,360668611,daniellabrito26,Sun May 02 16:51:43 +0000 2021,"Day 32 - Wrapped up Telecom churn case study , worked on hierarchical and kmean clustering implementation using online retail case study . 
Have to do a quick revision of linear regression, logistic regression and clustering (subjective) #66daysofdata #DataSC #datajourney",0,13
1388897253314551810,1358153233814802433,prateekbud,Sun May 02 16:44:44 +0000 2021,"Learning statistics and excel from past couple of days.
And I can see myself falling in love with stats soon!

#66daysofdata",0,5
1388892300651032578,94308247,poetratron,Sun May 02 16:25:03 +0000 2021,"Day 10 of #66daysofdata 

Continuing my google data analytics course and reviewing my recommender system notes",0,5
1388874025045217286,1356609984163889154,jo_grammer,Sun May 02 15:12:26 +0000 2021,"Day 59 of #66daysofdata 

Just read this Introduction to Natural Language Processing: NLP Tools For Python

Took the rest of the day off, just chillin', drinking my Yerba Maté and wondering what life is like on Mars 😎

https://t.co/2brvz559yn",1,15
1388860121724325889,1329313525974532097,AyubRasool14,Sun May 02 14:17:11 +0000 2021,Day 29/66: continued on my EDA on stroke dataset. Suppose to finish it this week but wasn’t able to.  Day 30/66: EDA on the stroke dataset and listened to The Banana Data podcast by Dataiku. #66daysofdata,0,15
1388856762523131904,948171721466630144,JaminarFlow,Sun May 02 14:03:50 +0000 2021,"Day 1 #66DaysOfData

Completed the String &amp; Dictionaries exercise in the into to Python Course

Discovered that you can add subsequent two operators right after each other, how to enumerate lists, and how to append dictionaries https://t.co/ts6PxEpsxj",0,7
1388847333799043076,1290875558453293057,sanyacodes,Sun May 02 13:26:22 +0000 2021,"2-4 • #66DaysofData

- started planning what to do for my first #MachineLearning project! tried to understand how to use the @kaggle Titanic dataset &amp; struggled 😅

- now following along the @KenJee_DS youtube series “Data Science Projects from Scratch” for some inspiration 💡",0,23
1388833031260196864,602408175,golubovalex,Sun May 02 12:29:32 +0000 2021,"Day 13 of #66daysofdata: lesson on Matplotlib plot customization on DataCamp, video and exercises on conditional structures from Python for Everybody course on freecodecamp, and Start the Program part of 1-st course of Google Data Analytics certificate.",1,10
1388830133675458577,444522096,BristowColin,Sun May 02 12:18:01 +0000 2021,SAS and Microsoft collaborate to democratize the use of Deep Learning Models #ArtificialIntelligence #AI #DataScience #100DaysOfCode #Python #MachineLearning #BigData #DeepLearning #NLP #Robots #IoT #RPA #futureofwork #Serverless #Linux #66daysofdata https://t.co/vlWdsyNWtG,27,15
1388814781423898627,444522096,BristowColin,Sun May 02 11:17:01 +0000 2021,Artificial intelligence test could hold key to bowel cancer treatment #ArtificialIntelligence #AI #DataScience #100DaysOfCode #Python #MachineLearning #DeepLearning #NLP #Robots #IoT #RPA #futureofwork #Serverless #Linux #CuriosityForever #66daysofdata https://t.co/X0mdjJP7Dl,14,9
1388777868595892224,2352929006,AkirasGames,Sun May 02 08:50:20 +0000 2021,"Day 16 : Looked into Titanic Tutorial on Kaggle
#66DaysOfData",0,9
1388775091165671424,397272525,shatandv,Sun May 02 08:39:18 +0000 2021,"Day 117 of #66DaysOfData:
- Watched Chapters 4-8 of the @365datascience Data Strategy course,
- Completed a homework task on Sklearn Pipelines,
- Read a bit about tf-idf, it's very intuitive.",0,15
1388703324254490630,59787963,jamesnan,Sun May 02 03:54:08 +0000 2021,"Day 61 : #66DaysOfData

Working on ""Guided Project: Building a database for crime reports"" @  Dataquest",0,3
1388698898659639301,1137782574036635649,thedataprof,Sun May 02 03:36:32 +0000 2021,"The only #CONDA tutorial you'll need to watch to get started for your #python #machinelearning and #datascience projects
https://t.co/cGaNrzTIjX
#66daysofdata",14,24
1388667373180395520,969343076442542081,JaimeAAvendano,Sun May 02 01:31:16 +0000 2021,"Day 64-65 of #66DaysofData- 

I finally decided to hit publish on my Medium story about how doing #TidyTuesday (nearly) every week has helped me out:
https://t.co/zblEF3q3v9",3,18
1388641766388244480,929998650,KehalHoussem,Sat May 01 23:49:31 +0000 2021,"Day 0⃣1⃣:

Making my submission on 
AirQo Low-Cost Air Quality Monitor Calibration Challenge on @ZindiAfrica.

Hoping to improve my score next time xD.

#66daysofdata #MachineLearning #DataScience https://t.co/yy8fR69V3t",5,9
1388628428929212417,94308247,poetratron,Sat May 01 22:56:31 +0000 2021,"Day 9 of #66daysofdata 
Attend a seminar on how to use AWS Sage maker and started my first day on google professional data analytics certificate, so exciting!",0,8
1388619806429962243,901324520346091520,Sanskar1531,Sat May 01 22:22:15 +0000 2021,"day 5 of #66daysofdata 
Continued with some NLP basics, Practiced count vectorization and N-gram vectorization and tf-idf weightage on a sample dataset to understand how the machine learns from the model. https://t.co/Dz2GOj8E78",0,8
1388613276825800708,1295354412794249219,thebrowndeity,Sat May 01 21:56:19 +0000 2021,"Day 33 of @KenJee_DS #66daysofdata:

I revised Normal Distributions, the logic behind Standard Deviations, and really understanding population and Smaple parameters on @joshuastarmer YouTube Playlist

He's soo good, he's also making me rethink my music career😂😂💔",0,12
1388608168062824450,554435225,hmatalonga,Sat May 01 21:36:01 +0000 2021,"Day 47 of #66DaysofData. I continued the Kaggle micro-course ""Intro to AI Ethics"". Read the lesson about Model Cards.",0,12
1388606834471280648,1324652185964204033,meyke9976,Sat May 01 21:30:43 +0000 2021,"Day 113 of #66daysofdata by @KenJee_DS 
Practiced for the exam and also got my notebook for the disaster tweets challenge running in Colab. Did delete the heaviest bits to be on the safe side. Hopefully, I'll get away with it. Would be fun to do some actual project work again.",0,21
1388567888034938885,1649054340,a_escontrela,Sat May 01 18:55:57 +0000 2021,"After Friday off, today I continue #66daysofdata #100DaysOfMLCode learning about AutoML on Google Cloud for classification",0,12
1388565468689178627,63557338,egm_photo,Sat May 01 18:46:20 +0000 2021,"Day 118 of #66DaysOfData with @KenJee_DS 

Busy day, little data work. Conversation on stuff data has me in thought. Details here: https://t.co/9ztRqvfUyI",0,11
1388561766775463941,1361227694889967616,dataQueen_pend,Sat May 01 18:31:38 +0000 2021,"Day 8&amp;9 round 2 
Much needed rest
Data overload 
#66daysofdata https://t.co/gsXBPmwOzU",0,17
1388547082772877318,406512519,rohan_kumawat,Sat May 01 17:33:17 +0000 2021,"Day 49 to 53 of #66daysofdata and #100DaysofCode
I again failed to complete the TPS Kaggle competition. Ughhh! I hope I complete it this time. But one thing that consistent over these days is that I at least show up for 5 minutes. Even if I'm not writing code, I'm doing something",4,5
1388545697046171651,1362442599747870721,art9793,Sat May 01 17:27:46 +0000 2021,"@suminohh @KenJee_DS https://t.co/vagTw28inp
Check out this video by @KenJee_DS for details on #66daysofdata",0,3
1388543283903795205,929998650,KehalHoussem,Sat May 01 17:18:11 +0000 2021,"I'll be starting out with  #66daysofdata challenge by @KenJee_DS.

I'll be sharing my journey of learning for the next 66 days.",0,12
1388534223032684550,1251238632712699911,sev_fat,Sat May 01 16:42:11 +0000 2021,"Day 48 #66daysofdata:
I have a lot of fun with seaborn. At the same time I’ve just learned how a software team work.",0,8
1388533138293288960,1322620958327255040,Datavisz,Sat May 01 16:37:52 +0000 2021,"Day 51 of #66daysofdata : More linear regression. Read about r2 metric, rse and F statistic.",0,16
1388527399650963459,1356609984163889154,jo_grammer,Sat May 01 16:15:04 +0000 2021,"Day 58 of #66daysofdata 
 
Started working on Week 3 of the IBM DS certif assignment
For the project I'll be using location data about the city of Toronto in order to create segments and clusters of its neighborhoods
started scraping &amp; wrangling the data

https://t.co/VX6OROLfnK",0,8
1388522607775866880,1362442599747870721,art9793,Sat May 01 15:56:01 +0000 2021,"D5, D6 #66daysofdata @KenJee_DS 

Couldn't do much yesterday, swamped with work but finished Control Flow and started Lists in the Learn #Python 3 course on @Codecademy today.

Course Progress: 26%

#DataScience #Coding #CodeNewbie #code 
#DataAnalytics",0,10
1388519588380381185,444522096,BristowColin,Sat May 01 15:44:01 +0000 2021,Newly developed AI uses combination of ECG and X-ray results to diagnose arrhythmic disorders #ArtificialIntelligence #AI #DataScience #100DaysOfCode #Python #MachineLearning #BigData #DeepLearning #NLP #Robots #IoT #RPA #CuriosityForever #66daysofdata https://t.co/s2f2FfThMJ,10,6
1388515297150128129,804283562115629056,theishantha,Sat May 01 15:26:58 +0000 2021,"Day 1 of 66 - #66daysofdata

Started python programmer career track on @DataCamp  
and Chapter 4 in the Hands-On Machine Learning with Scikit-Learn, Keras, and TensorFlow, 2nd Edition book from @OReillyMedia 
  
#66daysofdata #DataScience #DataCamp #Tensorflow",3,9
1388510250714599426,1276070101196795904,thinam_,Sat May 01 15:06:55 +0000 2021,Neural Style Transfer Algorithms: It is the task of changing the style of an image in one domain to the style of an image in another domain. It manipulates images or videos in order to adopt the appearance of another image. #Machinelearning #Deeplearning #66daysofdata https://t.co/CB5NxzKxj5,2,1
1388508257208074244,804283562115629056,theishantha,Sat May 01 14:59:00 +0000 2021,"In the first time, I learned a lot of new things and instead of doing this by myself, I wanted to share my data science learning journey with others and encourage them to contribute.

#66daysofdata #DataScience",2,4
1388507691102834692,804283562115629056,theishantha,Sat May 01 14:56:45 +0000 2021,"From Today for the second time, I am starting to contribute to the #66daysofdata initiative.

#66daysofdata #DataScience",2,7
1388490434826096643,397272525,shatandv,Sat May 01 13:48:11 +0000 2021,"Day 116 of #66DaysOfData:
- Watched lessons on how to use data to improve business decision-making. Now I feel like wanting to learn more about general business strategy.",0,13
1388467747625979907,444522096,BristowColin,Sat May 01 12:18:02 +0000 2021,Happy Earth Decade! #ArtificialIntelligence #AI #DataScience #100DaysOfCode #Python #MachineLearning #BigData #DeepLearning #NLP #Robots #IoT #RPA #futureofwork #Serverless #Linux #CuriosityForever #66daysofdata https://t.co/YYgekLqGqJ,12,5
1388456004887658497,1306505184911208453,mt0rm0,Sat May 01 11:31:22 +0000 2021,"Days 54&amp;55 of my #66daysofdata: Tableau Intermediate and Pytorch. After following ocasionally the DL course/videos from @alfcnz, I'm finally hooked and sistematically going through the course. And enjoying it! :)",0,13
1388448201322033153,2352929006,AkirasGames,Sat May 01 11:00:21 +0000 2021,"Day 15 : Revisited matplotlib basic (line plot, scatter plot, and histogram) and completed Introduction to DataCamp project
#66daysofdata",0,4
1388445722484350977,1108597836755755009,maisdev,Sat May 01 10:50:30 +0000 2021,"Yesterday it was #python, today it is #datascience courses from  udemy. Tomorrow it will be blockchain. #WorkingHard 
R3d6 #66daysofdata",3,7
1388410148662640648,19448058,paulapivat,Sat May 01 08:29:09 +0000 2021,"R3: Day 27 #66daysofdata 

Continue with Time Calculator for FCC
• Add code to pseudo-code
• cover 4 of 6 base cases https://t.co/cO4vV7IbTT",0,4
1388386237355110403,324583975,georgekanellos,Sat May 01 06:54:08 +0000 2021,"Days 29-31(R2) of #66daysofdata by @KenJee_D

Studied xgboost hyperparameters as well as how model stacking works. Next steps include putting the stacking into practice for predicting NBA games 😊🙂🙃",0,13
1388362334842757125,1267805283511750660,Binal_BP,Sat May 01 05:19:09 +0000 2021,"Day 9: #66DaysOfData

Continued module 6 of Intro to Business Analytics. Today’s chapter was on Time Series Analysis! I’ll be reading more about the probabilistic method of time series (Monte Carlo Simulation) in the future! Also, I plan on finishing this course this weekend!",0,11
1388344122432495618,168046022,ribhunirek,Sat May 01 04:06:47 +0000 2021,Day 8 of #66DaysOfData - a slow day with some progress on learning about relevant Cloud technology courses,0,4
1388315325951791111,59787963,jamesnan,Sat May 01 02:12:22 +0000 2021,"Day 60 : #66DaysOfData

Learn 'Postgres - User and Database Management' @  Dataquest",0,4
1388309223805759492,1291243974611668992,pristdata,Sat May 01 01:48:07 +0000 2021,"Day 48 &amp; 49 of #66daysofdata:

-Did some in-depth reading about NoSQL databases.
-Reviewed diverse concepts related to Power BI, PySpark and CRMs.",0,19
1388286709251592193,602408175,golubovalex,Sat May 01 00:18:39 +0000 2021,Day 12 of #66daysofdata: some news made me reassess priorities. Math &amp; stats basics will be put on hold and I'll spend more time with data analytics toolkit. Today I went through Data Analytics with Excel course and completed section on Matplotlib histograms - both on Data Camp.,0,6
1388283239027073027,63557338,egm_photo,Sat May 01 00:04:51 +0000 2021,"Day 117 of #66DaysOfData with @KenJee_DS 

Reviewed the basics of a relational database and also row variables, values and types in the first two lessons of the advanced SQL course.",0,9
1388270787279290370,1266599735881687040,ChinWuChen1,Fri Apr 30 23:15:23 +0000 2021,"D35 #66daysofdata - watched a webinar on Healthcare's AI future featuring Andrew Ng and Fei-Fei Li, emphasizing on the aspects of human experience, vulnerability and ethics when applying AI to healthcare. (1/2)",0,9
1388254028417601543,1324652185964204033,meyke9976,Fri Apr 30 22:08:47 +0000 2021,"Day 112 of #66daysofdata by @KenJee_DS 
Only got to practice a few exam prep questions today due to a hospital visit with my daughter (everything is fine... thankfully... it just took ages).",0,19
1388249368294301697,554435225,hmatalonga,Fri Apr 30 21:50:16 +0000 2021,Day 46 of #66DaysofData. I explored the different methods of feature selection. There are supervised and unsupervised categories plus dimensionality reduction. Below a summary of the hierarchy of feature selection techniques: https://t.co/HA141KBpJ9,0,4
1388246481262555137,1295354412794249219,thebrowndeity,Fri Apr 30 21:38:48 +0000 2021,"Day 32 of @KenJee_DS #66daysofdata:

First off, Dope Dp @KenJee_DS ✅✅, you look pretty nice😁

I learnt a basic idea of Distributions, Normal Distributions, Central Line Theorem, Standard Error,Estimates and Estimators and Confidence Levels 

I need to relearn stuffs though",0,10
1388242434774028291,822280007502295041,_paulo_lopez_,Fri Apr 30 21:22:43 +0000 2021,"#100DaysOfMLCode #100DaysOfCode #66daysofdata #Python 

🔹Created a simple Streamlit app for a quick medical classification problem. https://t.co/cNTubQReub",3,13
1388226898757525504,901324520346091520,Sanskar1531,Fri Apr 30 20:20:59 +0000 2021,"Got day 4 of #66daysofdata
Got a score of 0.7751 on the Titanic started competition. Read about IR retrieval systems as well, will probably start with the House prices competition tomorrow. https://t.co/knKjsskhJC",0,8
1388212390605606922,1300492664308146176,MarkusM99098101,Fri Apr 30 19:23:20 +0000 2021,"Day 58 #66DaysOfData r2: read through ch 11 (Cluster analysis): hierarchical clustering (agglomerative),  dendrograms and density clustering (DBSCAN).
After I heard a lot about https://t.co/NxgyJ3D2S9, I made an account and read a bit through the docs.",0,11
1388207758919409665,1243246008303112192,samarthgupta39,Fri Apr 30 19:04:56 +0000 2021,"day61 of #66daysofdata 
Today I completed SQL for Data Science, Coursera
Practised some leetcode questions",0,16
1388207451996966912,360668611,daniellabrito26,Fri Apr 30 19:03:42 +0000 2021,"Day 31 - Look linked in skill assessment test on 🐍 and NoSql . Focus was on intuition of clustering today . Practical considerations and implementation of clustering .  
- Prime focus being K-means  algorithm . Will continue working on implementation #66daysofdata #DataSc",0,14
1388197411907047425,995452348280573955,Just_Jordan_T,Fri Apr 30 18:23:49 +0000 2021,4/28/2021 Day 31: #66DaysofData -  Working on sum basic probability outcomes. Dice and Coin problems.,0,2
1388184385514475522,1361778637230379009,Everiapp,Fri Apr 30 17:32:03 +0000 2021,"#66daysofdata  
Chandramouli Das on https://t.co/O6X3gC2rzv
I am about to start a popular challenge which is the #66daysofdata challenge. ...

Day -1
Project Name - A Case Study on COVID-19 US Dataset

Details: https://t.co/YgzFLqlE5S via @Everiapp",2,5
1388174555714260993,19448058,paulapivat,Fri Apr 30 16:52:59 +0000 2021,"R3: Day 26: #66daysofdata 

Used SQL to query foundational things about Ethereum 'blocks':

• the 'linked list' nature of the chain
• avg num of blocks produced per day over time
• avg block gas_limit over time vs gas_used
• num of txn for a specific block over time interval",0,5
1388173129357406212,1363855621628465153,korasaju_a,Fri Apr 30 16:47:19 +0000 2021,"Day 48–49 of #66DaysofData with @KenJee_DS 

•Answered more Easy/Intermediate Python/SQL questions on Stratascratch. 
•Started making the ppt that I’ll present to my team next week — It’s all about Bernard Marr’s Data Strategy course I took on 365 Data Science.",1,22
1388170033881288706,1356609984163889154,jo_grammer,Fri Apr 30 16:35:01 +0000 2021,"Day 57 of #66daysofdata 
 
Finished week 2 of the IBM Applied Capstone course
Finished the Data Science for everyone course on DataCamp
 
I listened to a podcast from gradient dissent on the applications of ML in the real world

https://t.co/lCGPAtCsnZ",0,12
1388169177668587521,731856877139558400,ABYA80,Fri Apr 30 16:31:37 +0000 2021,"R2: #66daysofdata with @KenJee_DS 

Day 43 &amp; 44:
- Learned to ✂scrape data from multiple web pages.
- Scraped all Walt Disney films🎬from Wikipedia. Will do some data cleaning tomorrow.
- Took the help of some @TDataScience articles while scraping.",0,27
1388157213017968643,444522096,BristowColin,Fri Apr 30 15:44:04 +0000 2021,EU outlines ambitious AI regulations focused on risky uses #ArtificialIntelligence #AI #DataScience #100DaysOfCode #Python #MachineLearning #BigData #DeepLearning #NLP #Robots #IoT #RPA #futureofwork #Serverless #Linux #CuriosityForever #66daysofdata https://t.co/rwHi4xL5yU,7,6
1388156061048197122,2352929006,AkirasGames,Fri Apr 30 15:39:30 +0000 2021,"Day 14 : Finished Writing Efficient Python Code course from datacamp
#66daysofdata",0,6
1388147094905528320,94308247,poetratron,Fri Apr 30 15:03:52 +0000 2021,"Day 8 of #66daysofdata 
Not that much study today, I watched some videos, continue reading the python pdf and review my CV",0,4
1388106383216713738,1276070101196795904,thinam_,Fri Apr 30 12:22:06 +0000 2021,"Transposed Convolution:
I have presented the implementation of Fully Convolutional Layer, Pretrained NNs, Bilinear Interpolation Kernel Function and Transposed Convolutional Layer. #MachineLearning #DeepLearning #66daysofdata https://t.co/bEj39BcZdA",0,4
1388106239914115074,19448058,paulapivat,Fri Apr 30 12:21:32 +0000 2021,Wonderful news for #66daysofdata gang 🥳 https://t.co/i35qMNlqmS,0,5
1388105357482872835,444522096,BristowColin,Fri Apr 30 12:18:01 +0000 2021,A growing problem of 'deepfake geography': How AI falsifies satellite images #ArtificialIntelligence #AI #DataScience #100DaysOfCode #Python #MachineLearning #BigData #DeepLearning #NLP #Robots #IoT #Serverless #Linux #CuriosityForever #66daysofdata https://t.co/7HesclQCyI,13,8
1388104132125282307,705259722761306113,ankittahlawat,Fri Apr 30 12:13:09 +0000 2021,"It's ok computer, I go to sleep after 20 minutes of inactivity too.

#100DaysOfCode #66daysofdata",2,4
1388075054047580160,602408175,golubovalex,Fri Apr 30 10:17:36 +0000 2021,Day 11 of #66daysofdata: Basic plots with Matplotlib of the DataCamp Intermediate Python course. Completing the introduction chapter from my Statistics textbook (only exercises left).,1,13
1388018935379816448,1025426179,Nk_1O1,Fri Apr 30 06:34:36 +0000 2021,"Day 24 / 66 : Feature Engineering. 

This is one of the few notebooks that goes quite deep into exploring the relations between various columns and the target column, 
Thus making an educated guess regarding columns that can be engineered.

https://t.co/uK74F8SbVF

#66daysofdata",0,5
1388015632956870656,94308247,poetratron,Fri Apr 30 06:21:29 +0000 2021,"Day 6 and 7 of #66daysofdata I read a couple of machine learning and python pdf, continuing my statistics course on data quest, and look back on my notes about NLP",0,6
1388013094849454082,63557338,egm_photo,Fri Apr 30 06:11:24 +0000 2021,"Day 116 of #66DaysOfData with @KenJee_DS 

Started on a course on SQL by @Teggy  (https://t.co/B4D254hqHO). Mapped out a learning path. Focusing on PostgreSQL. https://t.co/LRuPpPBlk2",0,11
1387992219886440448,397272525,shatandv,Fri Apr 30 04:48:27 +0000 2021,"Day 115 of #66DaysOfData:
- Attended a webinar on clustering and word embeddings (user embeddings too, surprisingly),
- Started the @365datascience Data Strategy course - the first 2 chapters are making me feel enthusiastic about it.",0,15
1387988515162574848,168046022,ribhunirek,Fri Apr 30 04:33:44 +0000 2021,"Day 7 of #66DaysOfData:
found github repo to solve SQL problems, practiced my first leetcode SQL challenge",0,11
1387979057921462273,1290875558453293057,sanyacodes,Fri Apr 30 03:56:09 +0000 2021,"1 • #66DaysofData 

What is #DataScience?

In the movie Moneyball, Billy Beane’s winning strategy was to statistically analyze batting/pitching data to build the best baseball team

That’s data science: the intersection of stats/CS/data analysis to solve real-world biz problems!",2,18
1387973133848743936,1291114285507186690,jaimedatalatte,Fri Apr 30 03:32:37 +0000 2021,"D.10 #66DaysofData 

Learned about 5 key analytical thinking aspects

1. Visualization 
2. Strategy
3. Problem orientation 
4. Correlation
5 big-picture and detail-oriented thinking",0,24
1387967599028293633,1267805283511750660,Binal_BP,Fri Apr 30 03:10:37 +0000 2021,"Day 8: #66DaysOfData

Continued module 6 of Intro to Business Analytics. Learned about comparative, value-based, and correlation analysis. Value-based analysis was a little difficult to understand. I’ll be spending some time reading more about it😅",0,14
1387958800133591041,59787963,jamesnan,Fri Apr 30 02:35:39 +0000 2021,"Day 59 : #66DaysOfData

Learn 'Postgres - Loading and Extracting Data' @  Dataquest",0,6
1387951005195665409,209191879,bhatnagarkush,Fri Apr 30 02:04:41 +0000 2021,"Day 79-83/R2 of #66daysofdata : Learned about 
different Data handling in techniques like Imputing, how to handle Outliers and unbalanced data, Binning. Also, had a hands on session on @awscloud EMR , GroundTruth
#MachineLearning #AWS #DataScience",3,12
1387915797637500932,1290875558453293057,sanyacodes,Thu Apr 29 23:44:47 +0000 2021,"Hello #DataScience twitter! 

- I’m Sanya, a 3rd yr Math &amp; Economics major at @Laurier 👩🏽‍💻

- I’m interested in Data Science, Machine Learning, and Quantitative Finance 📊

- I’ll be starting off my data journey by doing the #66DaysofData challenge! 

DM / Follow me to connect!",3,26
1387894213614972928,969343076442542081,JaimeAAvendano,Thu Apr 29 22:19:01 +0000 2021,"Day 62-63 of #66DaysofData- 

Seen a lot of people mention Kaggle's AI Ethics course, so took some time to go through that. Has a lot of good references.

And more spark. Learning about parquet files.",0,13
1387883801381064707,554435225,hmatalonga,Thu Apr 29 21:37:38 +0000 2021,Day 45 of #66DaysofData. I experimented with different splitting classes (from scikit-learn) and tested them out with @numerai data to compare randomly sampled folds versus folds stratified by eras for training the linear models.,0,10
1387874413585051649,1301025989359788033,AMuktineni,Thu Apr 29 21:00:20 +0000 2021,"Days 5-8 of #66daysofdata Round3!

Customizing Plots, Plotting 2D arrays, Statistical Plots with Seaborn, Analyzing time series &amp; images. @DataCamp @KenJee_DS 

https://t.co/HPbvM5KN9M",0,9
1387873060607471624,1301025989359788033,AMuktineni,Thu Apr 29 20:54:57 +0000 2021,"Days 1-4 of #66daysofdata Round3!

Graphical EDA, Quantitative EDA, Thinking Probabilistically with Discrete &amp; Continuous variables. @DataCamp @KenJee_DS 

https://t.co/OJV79Dkgs5",0,10
1387871263985704965,1361227694889967616,dataQueen_pend,Thu Apr 29 20:47:49 +0000 2021,"Day 6 -&gt; rest
Day 7 round 2 #66daysofdata

Completed Matplotib module with @DataCamp.

Can't wait for tomorrow. It will be all about... https://t.co/Q4rmTUTj0i",0,19
1387861085139738634,1207501893582442496,HeliBaez11,Thu Apr 29 20:07:22 +0000 2021,"-Day 3️⃣5️⃣ of #100DaysOfCode 👨🏾‍💻📉

I didn't have time to sit at the pc😕, but I took the opportunity to review my notes at work.🗒️

#66daysofdata 🐍 https://t.co/XtPBSuC43N",3,9
1387860944001265666,822280007502295041,_paulo_lopez_,Thu Apr 29 20:06:48 +0000 2021,"#100DaysOfMLCode #100DaysOfCode #66daysofdata #Python
🔹Read one of the best articles about Data Cleaning. 
https://t.co/D7toD8PdBU",5,8
1387854778009456640,901324520346091520,Sanskar1531,Thu Apr 29 19:42:18 +0000 2021,"day 3 of #66daysofdata 
Read about underfitting, overfitting and random forest regressor. tried it on sample data. Starting with the Titanic ML competition on kaggle. https://t.co/BQ70GkTltN",0,9
1387845799300698114,1649054340,a_escontrela,Thu Apr 29 19:06:38 +0000 2021,"Day 29 #66daysofdata #100DaysOfMLCode did a git workshop of WiD Barcelona chapter and read documentation of SQLalchemy 
Day 30 not much really, just watching some videos of Big Data and Google Cloud course",0,13
1387841726249906176,32453704,anyachocolat,Thu Apr 29 18:50:27 +0000 2021,"Day 31 of #66DaysOfData:
- a bit of progress with my course but honestly today was not a productive day 😶",0,9
1387840933736054787,1354069663223746560,termsposter,Thu Apr 29 18:47:18 +0000 2021,"Day &lt;13-16&gt; of #66DaysOfData:
- Finished python fundamentals milestone project
- Numpy: learned about array creation, attributes, array indexing and slicing, array manipulation, view and copy, , broadcasting, math operations etc.",1,8
1387840182032928780,975440157796118528,yllkabojku,Thu Apr 29 18:44:18 +0000 2021,"I'm done work for today, will spend the rest of my day watching Harry Potter and then continue my #66daysofdata before bed.",0,7
1387834124128296962,1243246008303112192,samarthgupta39,Thu Apr 29 18:20:14 +0000 2021,"day60 of #66daysofdata
 Today I continued with @datacamp course",0,14
1387832540271108101,1300492664308146176,MarkusM99098101,Thu Apr 29 18:13:56 +0000 2021,"Day 56 and 57 #66DaysOfData r2: I am drowning in assignments so I just managed to read a bit. Started with ch 11 of Python Machine Learning (Clustering Analysis).  Went through K-Means and K-Means++, difference between crisp and soft clustering, elbow method and silhouette plots.",0,14
1387824240888475652,1322620958327255040,Datavisz,Thu Apr 29 17:40:58 +0000 2021,Day 50 of #66daysofdata: More raspberry pi stuff for an IOT project at office.,0,16
1387822598927515648,822280007502295041,_paulo_lopez_,Thu Apr 29 17:34:26 +0000 2021,"#100DaysOfMLCode #100DaysOfCode #66daysofdata #Python
 
🔹Used DataPrep - (https://t.co/I2XnR9PtUK) to create a fast Exploratory Data Analysis.",4,7
1387813126498709512,1025426179,Nk_1O1,Thu Apr 29 16:56:48 +0000 2021,"Day 23/66 : Explainable AI. 

Explainable AI is an interesting concept that helps us take a deeper look how AI is making it's predictions.

An incredibly useful cheat sheet for Explainable AI : 
https://t.co/bORWzRp8pA

#66daysofdata 
#explainableai",0,1
1387809408466538504,1356609984163889154,jo_grammer,Thu Apr 29 16:42:01 +0000 2021,"Day 56 of #66daysofdata 

Started working on week 2 of the Applied Capstone for IBM 
- intro to foursquare + API
Reviewed DS workflow on datacamp
- experimentation &amp; prediction 

Read this 👇

https://t.co/9U9Vlh04or",0,9
1387806516124733448,1284445574511636480,Tommy_McLennan,Thu Apr 29 16:30:32 +0000 2021,D10. R2. #66DaysofData worked on my cyber-security coursework.,0,19
1387804593111900165,1324652185964204033,meyke9976,Thu Apr 29 16:22:53 +0000 2021,"Day 111 of #66daysofdata by @KenJee_DS 
Continued preparing for the DP-201 exam. Focused on non-relational databases and good partitioning practices.",0,22
1387801214499364864,602408175,golubovalex,Thu Apr 29 16:09:28 +0000 2021,"Days 8, 9, &amp;10 of #66daysofdata: completing NumPy section from Data Camp Introduction to Python effectively completing the latter; Also continuing and almost finishing with reading introduction section of Statistics textbook.",2,10
1387801191879303175,2352929006,AkirasGames,Thu Apr 29 16:09:22 +0000 2021,"Day 13 : Learnt how to do code profiling for runtime with line_profiler
#66daysofdata",0,7
1387797724116946948,2149586883,vperez2000,Thu Apr 29 15:55:36 +0000 2021,"#66daysofdata #R3 #Day17 by @KenJee_DS
@DataCamp DS track

Start with Statistical Thinking in #Python Part 2, was really fun to plot and explore the Anscombe Quartet 👀📊

https://t.co/1n2KransQh",0,8
1387793493704118272,1362442599747870721,art9793,Thu Apr 29 15:38:47 +0000 2021,"D4 #66daysofdata @KenJee_DS 
Learn #Python 3 on @Codecademy  - Reached 13%
I'm enjoying the DIY learning that platforms like @DataCamp @dataquestio @Codecademy offer.  I learn best by doing and thus struggle with courses on Coursera and Udemy
How do you learn best?
#DataScience",0,9
1387751508372951045,360668611,daniellabrito26,Thu Apr 29 12:51:57 +0000 2021,"Day 30 - Learnt how to deal with logistic regression and multivariate logistic regression , confusion matrix -use of model evaluation parameters such as accuracy , sensitivity-specificity and precision-recall and ROC curves . 
#66daysofdata #logisticregression #DataScience",1,15
1387742973744406532,444522096,BristowColin,Thu Apr 29 12:18:02 +0000 2021,Artificial intelligence model predicts which key of the immune system opens the locks of coronavirus #ArtificialIntelligence #AI #DataScience #100DaysOfCode #Python #MachineLearning #BigData #DeepLearning #NLP #Robots #IoT #CuriosityForever #66daysofdata https://t.co/6s6dhgJ82e,10,10
1387735997429927941,1137782574036635649,thedataprof,Thu Apr 29 11:50:19 +0000 2021,"How to quickly explore data in Python using the D-Tale library
https://t.co/XLl1nCr1un
#66daysofdata #eda #exploratorydataanalysis #python #dtale #datacleaning #datascience #dataanalytics #datascientist #datascientists #dataanalyst #dataanalysts https://t.co/GTf0kHuREd",8,16
1387727618170966020,444522096,BristowColin,Thu Apr 29 11:17:01 +0000 2021,Are you interested in #Analytics? #ArtificialIntelligence #AI #DataScience #100DaysOfCode #Python #MachineLearning #BigData #DeepLearning #NLP #Robots #IoT #RPA #futureofwork #Serverless #Linux #CuriosityForever #66daysofdata https://t.co/lOi9SgI1Po,6,5
1387706484616695809,1276070101196795904,thinam_,Thu Apr 29 09:53:02 +0000 2021,"Transposed Convolution: 
I have presented the implementation of Transposed Convolution, Padding, Strides and Matrix Multiplication.
#MachineLearning #DeepLearning #66daysofdata https://t.co/0gT4PDACVQ",0,5
1387693197204226048,1283489158258819072,hhotkey,Thu Apr 29 09:00:14 +0000 2021,"Day 2️⃣6️⃣==&gt;&gt; of #66daysofdata #100daysofcode 

MDS (multidimensional scaling) is an algorithm transforming a dataset into lower dimensions, keeping the same euclidean distances. Keeping the distances allows to reasonably preserve patterns and clusters (i.e. K-Means etc.) https://t.co/uit3qaP2vp",7,16
1387685921521348611,1306505184911208453,mt0rm0,Thu Apr 29 08:31:20 +0000 2021,Day 53 of #66daysofdata: 20% of Tableau Desktop Intermediate done + DL with pytorch + Reviewing Statistics. I have the feeling that's going to be a running standard for the next days :),0,13
1387674082062176256,19448058,paulapivat,Thu Apr 29 07:44:17 +0000 2021,"R3: Day 25: #66daysofdata

• Wrote pseudocode for next FCC Scientific Computing with 🐍 challenge: Time Calculator https://t.co/i2dz6xR4yc",0,3
1387654548450209792,1322620958327255040,Datavisz,Thu Apr 29 06:26:40 +0000 2021,Day 49 of #66daysofdata: rereading linear regression chapter from ISLR.,0,10
1387637516673576961,1329313525974532097,AyubRasool14,Thu Apr 29 05:18:59 +0000 2021,Day 27/66: didn’t do much so went thru SQL basics and tried a few basic problems to remember what I have learned previously. Day 28/66: continued on Google data analytics.   #66daysofdata,0,11
1387637042989912064,397272525,shatandv,Thu Apr 29 05:17:06 +0000 2021,"Day 114 of #66DaysOfData:
- Co-held a Docker webinar for an AI discussion group I’m in. Learned a bunch while making it.",0,14
1387633121894440964,1267805283511750660,Binal_BP,Thu Apr 29 05:01:31 +0000 2021,"Day 7: #66DaysOfData

Working on module 6 of Intro to Business Analytics. Learned about Trend analysis, which can be used to uncover patterns using internal or external factors. Covered three types of trend analysis: Performance Management, Project Management, and Trading!",1,12
1387625712207622144,23293578,therealjaysueno,Thu Apr 29 04:32:05 +0000 2021,"day 23 of #66daysofdata with @KenJee_DS: I've been busy the past month on-boarding with #Amazon as a #dataanalyst. I'm honored and grateful for the opportunity to do ""The Thing."" Here's my take-aways:

(cont. below 👇)",0,16
1387618092629467143,705259722761306113,ankittahlawat,Thu Apr 29 04:01:48 +0000 2021,"That's my best advice, but I'm curious: What advice would you give to juniors / aspiring developers? I'd love to know your thoughts 👇

#100DaysOfCode #66daysofdata #javascript #DEVCommunity",3,5
1387605478927130632,59787963,jamesnan,Thu Apr 29 03:11:41 +0000 2021,"Day 58 : #66DaysOfData

Learn 'Postgres' from  Dataquest Data Engineers path  step 4.  I skipped the first 3 steps.",0,4
1387603982458179585,168046022,ribhunirek,Thu Apr 29 03:05:44 +0000 2021,"Day 6 of #66DaysOfData:
- practiced SQL problems on nested select, aggregate functions
- Kicked off Google DA Course 2",0,9
1387594596742541312,1291243974611668992,pristdata,Thu Apr 29 02:28:26 +0000 2021,"Day 47 of #66daysofdata:

-Reviewed particularities of some basic Python concepts, such a dict data type and defaultdict, set, attributes and mapping.
-Completed some SQL exercises.",1,21
1387591906683768832,1207501893582442496,HeliBaez11,Thu Apr 29 02:17:45 +0000 2021,"- Days 3️⃣3️⃣ anda 3️⃣4️⃣ of #100DaysOfCode 

I'm still practicing, but little by little I see progress.
#66daysofdata 📉 https://t.co/WN6LysyX4K",7,15
1387562346965577728,951871594376376320,JackRaifer,Thu Apr 29 00:20:17 +0000 2021,"Learning abut #Bokhe withn some sad truths. Here is the data of women literacy and fertility rates from Latin America (Blue) and Africa (Red). 😭

#DataScience
#66DaysOfData Overtime. https://t.co/oW41a8WAsn",3,12
1387553682816913409,63557338,egm_photo,Wed Apr 28 23:45:52 +0000 2021,"Day 115 of #66DaysOfData with @KenJee_DS 

Watched the latest KNN episode featuring Christian Bourdeau (https://t.co/X5j1QtczbF). Also watched the Anaconda/Z by HP webinar.

Did some research on ETL, starting with looking up data warehouses (facts, dimensions, Kimball vs. Inmon).",0,11
1387552461414617094,2149586883,vperez2000,Wed Apr 28 23:41:00 +0000 2021,"#66daysofdata #R3 #Day16 by @KenJee_DS
@DataCamp DS track

✅ Done with Statistical Thinking in #Python - Part 1

I must recognize that this course made a real shift, now I start to understand the WHY of statistics in DS 📊👩🏻‍💻
🙈 ... I wasn't even close hehe 🤪 https://t.co/BAdMbRioCO",2,11
1387529472145076224,32453704,anyachocolat,Wed Apr 28 22:09:39 +0000 2021,"Day 30 of #66DaysOfData:
- learned about higher order functions, closures, decorators and a bit more about recursions",0,11
1387515235695792128,554435225,hmatalonga,Wed Apr 28 21:13:05 +0000 2021,"Day 44 of #66DaysofData. I explored different types of linear models to use on the @numerai competition. It is a great challenge, and I have been learning a lot from the entire community.",0,11
1387513961877102604,901324520346091520,Sanskar1531,Wed Apr 28 21:08:01 +0000 2021,"day 2 of #66daysofdata
Completed a 30 minutes course on power BI presented by #JoshuaRischin. Formulated a couple of graphs using random dataset. https://t.co/VmpkrTAHFL",0,8
1387496057647636482,1284445574511636480,Tommy_McLennan,Wed Apr 28 19:56:53 +0000 2021,D9. R2. #66DaysofData Completed it mate! https://t.co/RRYLRBjmec,0,29
1387484683546636293,397272525,shatandv,Wed Apr 28 19:11:41 +0000 2021,"Day 113 of #66DaysOfData:
- Completed the @DataCamp Intro to Data Engineering. PySpark and Airflow are fun. Airflow really helps with scheduling - doing it with cron was a bit of a pain,
- Prepared some demos for a Docker webinar.",0,16
1387479964027523078,1243246008303112192,samarthgupta39,Wed Apr 28 18:52:56 +0000 2021,"day58-59 of #66daysofdata
- read some research papers on anomaly detection and finger print matching algorithm
- continued with @datacamp course
- practised some leetcode question",0,15
1387462039887499266,731856877139558400,ABYA80,Wed Apr 28 17:41:42 +0000 2021,"R2: #66daysofdata with @KenJee_DS 

Day 42: Today I was watching this video by @keithgalli  on solving real-world data science problems. It starts with web scraping so, I thought would be a great practice for me to do these exercises.
https://t.co/eVtOq0hckE",0,26
1387459186775236611,1295354412794249219,thebrowndeity,Wed Apr 28 17:30:22 +0000 2021,"Day 31 of @KenJee_DS #66daysofdata:
Continued on the Statistics course

I learnt about Measures of Central Tendency, Measures of Asymmetry, Measures of Variablity and Measures of Relationships

I saw how they affect different types of data, and their true meanings in analysis",0,10
1387458886987300865,1008234306609741824,ShenghongZhong,Wed Apr 28 17:29:11 +0000 2021,"To celebrate the project completion, what would you do?

I wrote a blog post.

https://t.co/qLRaULQj3r

#100DaysOfCode  #66daysofdata",2,2
1387450994754080768,1355938756583321609,Sinnerman____,Wed Apr 28 16:57:49 +0000 2021,"#66daysofdata 
Day 37: Completed the final course and earned the Google data analytics Badge on coursera🥳",0,15
1387447852566294529,1324652185964204033,meyke9976,Wed Apr 28 16:45:20 +0000 2021,"Day 110 of #66daysofdata by @KenJee_DS 
I (finally) started learning for the DP-201 exam. Postponed the exam for one week so have one week left to prepare. I hope that every day a little will be sufficient. So that some spare time remains for projects 😇",0,25
1387447563075293187,1137782574036635649,thedataprof,Wed Apr 28 16:44:11 +0000 2021,"Hi friends, a new episode in the #Python tutorial series is live and it's on #lists
https://t.co/EHExtcsBMo
#66daysofdata #learnpython #pythontutorial #python101",1,11
1387446398388375553,1363855621628465153,korasaju_a,Wed Apr 28 16:39:33 +0000 2021,"Day 47 of #66DaysofData with @KenJee_DS 

•Continued MySQL Mastery Class — Studied Views and intro to Stored Procedures; Reviewed subqueries and self joins; Answered more SQL exercises on Stratascratch.",0,16
1387437245280395264,1362442599747870721,art9793,Wed Apr 28 16:03:11 +0000 2021,"D3 #66daysofdata @KenJee_DS 

Started this course - Learn #Python on @Codecademy which is SUPER BASIC.

Not able put in as much time as I would've liked, still recovering from #Covid and sleeping ~12 hrs each day and working 8 hrs!

#DataAnalytics #DataScience #CodeNewbies",2,3
1387432423244267520,444522096,BristowColin,Wed Apr 28 15:44:01 +0000 2021,AI algorithms can influence people's voting and dating decisions in experiments #ArtificialIntelligence #AI #DataScience #100DaysOfCode #MachineLearning #DeepLearning #NLP #Robots #IoT #RPA #futureofwork #Serverless #Linux #CuriosityForever #66daysofdata https://t.co/kxjKpFlNZP,7,3
1387422321309372419,1377113586145751042,sustainablersyd,Wed Apr 28 15:03:53 +0000 2021,"Day 28+29 of #66daysofdata with @KenJee_DS :
- just more SQL fun, lookerML experimentation and a bit of web scraping. Starting sql challenges at work",0,19
1387405026092412940,2352929006,AkirasGames,Wed Apr 28 13:55:09 +0000 2021,"Day 12 : Learnt how to use %timeit magic command to get runtime
#66daysofdata",0,8
1387373456459763713,63557338,egm_photo,Wed Apr 28 11:49:42 +0000 2021,"Day 114 of #66DaysOfData with @KenJee_DS 

More data exploration of the Python Discord server. Also looking to pull user registration data for additional insights.",0,13
1387370795958038532,1310565371389177858,R1SE_823,Wed Apr 28 11:39:08 +0000 2021,"Day 62 of #66daysofdata
- Did some data analytics on Diabetes dataset
- Practice using streamlit for ML web app
- Learn more about plotly",0,9
1387365229621694476,444522096,BristowColin,Wed Apr 28 11:17:01 +0000 2021,Can machine learning improve debris flow warning? #ArtificialIntelligence #AI #DataScience #100DaysOfCode #Python #MachineLearning #BigData #DeepLearning #NLP #Robots #IoT #RPA #futureofwork #Serverless #Linux #CuriosityForever #66daysofdata https://t.co/sNkNXIEcLr,6,3
1387326775403827209,19448058,paulapivat,Wed Apr 28 08:44:13 +0000 2021,"R3: Day 24 #66daysofdata 

• Putting together Dashboard of SQL queries for Ethereum blocks. 

https://t.co/B2Tjp4k4Yo",0,3
1387312413771325448,1266599735881687040,ChinWuChen1,Wed Apr 28 07:47:09 +0000 2021,"D33 #66daysofdata - I can (and did) spend hours looking at https://t.co/6oBJQa9Esj. @OurWorldInData demonstrates how fascinating, impactful, and sometimes just mind-boggling, data can be.",0,5
1387307524110626816,1306505184911208453,mt0rm0,Wed Apr 28 07:27:43 +0000 2021,"After a forced stop due to job obligations, I'm back with my #66daysofdata. In my day 52, I managed to finish some lessons more of tableau desktop Intermediate + pytorch + custom transformers/imputers with scikit-learn",0,16
1387267158925733893,1267805283511750660,Binal_BP,Wed Apr 28 04:47:19 +0000 2021,"Day 6: #66DaysOfData

Finished module 5 of Intro to Business Analytics. Today was all about the types of analytics techniques businesses use in their day to day activities. The most common analytics techniques are: Descriptive, Diagnostics, Predictive, and Prescriptive analytics!",0,14
1387265693096112130,1108597836755755009,maisdev,Wed Apr 28 04:41:30 +0000 2021,Continued on udemy #datascience course. Well it is still in introduction lectures. But just don’t wanna pass as it explains main terms. I have much in Trello “this week” list (additional items on #python and #blockchain) R3D3 #66daysofdata,3,6
1387246815486038016,1291114285507186690,jaimedatalatte,Wed Apr 28 03:26:29 +0000 2021,"D.9 #66daysofdata 

Read a very interesting article about how data analysis can help decision makers. My favorites:

- Improve products and services
- Detect seasonal products
- Avoid unwanted situations
- Detect products and services that could be sold together",0,19
1387236511813357583,168046022,ribhunirek,Wed Apr 28 02:45:32 +0000 2021,"Day 6 of #66DaysOfData: 
- SQL practice: solving query challenges on https://t.co/UdnQzlY8pE
- Learnt advanced Excel features: power queries, string matching, table formatting, connecting to web and table data",0,6
1387227865935187971,969343076442542081,JaimeAAvendano,Wed Apr 28 02:11:11 +0000 2021,"Day 60-61 of #66DaysofData- 

- More Spark
- TidyTuesday dataviz

I started writing my first Medium article a week or two ago. Now that I'm coming up to the end of the journey, my goal is to publish it this week. Think it just needs some minor touches now.",0,16
1387211670523633667,1291243974611668992,pristdata,Wed Apr 28 01:06:50 +0000 2021,"Day 46 of #66daysofdata:

-Watched videos about Google Analytics.
-Started working on various Beer datasets from Kaggle.",0,29
1387211271578308615,2149586883,vperez2000,Wed Apr 28 01:05:14 +0000 2021,"#66daysofdata #R3 #Day15 by @KenJee_DS
@DataCamp DS track

Little advance on the Statistical Inference chapter, but great video to watch ⬇️
Dreaming to go back in time and have this advice, but let's move forward and keep learning!!

https://t.co/60rCQ72eTh",0,14
1387173586310287360,822280007502295041,_paulo_lopez_,Tue Apr 27 22:35:30 +0000 2021,"#100DaysOfMLCode #100DaysOfCode #66daysofdata #Python

🔹Used Auto_ViML (https://t.co/BcmhOfecRK)  to quickly look at the best model and features on a real world dataset. https://t.co/VlO4ZpqjWz",11,10
1387154393259196417,1649054340,a_escontrela,Tue Apr 27 21:19:14 +0000 2021,"Day 28 of #66daysofdata #100DaysOfMLCode today I was playing around with data studio with stream data. The UI is very friendly, it seems effective to get some dashboard done quickly",0,13
1387152742058274822,554435225,hmatalonga,Tue Apr 27 21:12:40 +0000 2021,"Day 43 of #66DaysofData. Diving into the MIT 6.S191: Introduction to Deep Learning 2021 Edition. I enjoy revisiting this course, especially for the guest lecturers who talk about different topics every year. Take a look: https://t.co/6EBlOlzqNu",0,8
1387138739281989632,32453704,anyachocolat,Tue Apr 27 20:17:01 +0000 2021,"Day 29 of #66DaysOfData:
- learned and practiced with iterators and generators",0,12
1387136821818101762,901324520346091520,Sanskar1531,Tue Apr 27 20:09:24 +0000 2021,"day 1 of #66daysofdata 
Started with NLP, came across tokenisation, stemming and lemmatising. Read through and cleaned a dataset. https://t.co/n3aO6dNMKA",0,8
1387124733523677184,719157417443987457,Mayibongwe_MS,Tue Apr 27 19:21:22 +0000 2021,"Day 58 of #66daysofdata 

Completed the ""Intro to Machine Learning"" micro course on Kaggle. The course looked at basic model definition, training, testing and model validation.",0,7
